node,node_type,degree,degree_centrality,betweenness_centrality,weighted_degree_n_transactions,total_amount,is_multi_trust_supplier,is_high_volume_supplier,is_hub_supplier
ARDEN & GEM CSU,buyer,106,0.020037807183364842,0.01792278060525394,1365,90439080.43,False,False,False
BRADFORD TEACHING HOSPITALS NHS FOUNDATION TRUST,supplier,264,0.04990548204158791,0.06734493233873899,7156,1053295439.4562602,True,True,True
NEL CSU,buyer,81,0.015311909262759925,0.012624706008534761,920,97380327.19,False,False,False
NHS ENGLAND,supplier,4849,0.9166351606805293,0.9908715008363616,240788,181628029205.73132,True,True,True
NHS MIDLANDS AND LANCASHIRE CSU,buyer,75,0.014177693761814745,0.009844498435042573,983,64217485.9991005,False,False,False
NHS NORTH OF ENGLAND CSU,buyer,102,0.019281663516068054,0.012254539818818074,1624,195665957.56,False,False,False
"NHS SOUTH, CENTRAL & WEST CSU",buyer,122,0.023062381852551987,0.017517308168797967,1854,260487626.70173112,False,False,False
UNITED LINCOLNSHIRE HOSPITALS NHS TRUST,supplier,97,0.018336483931947072,0.02434396457835443,1654,858196142.1099999,True,True,True
ADVISEINC,supplier,2,0.0003780718336483932,0.0,13,1785696.0,True,False,True
AKHTER COMPUTERS,supplier,2,0.0003780718336483932,0.0,19,1888982.9,True,False,True
ALEXANDER MANN SOLUTIONS,supplier,2,0.0003780718336483932,0.0,411,155751177.2,True,True,True
ANAPLAN,supplier,1,0.0001890359168241966,0.0,15,2217340.01,False,False,False
ANS GROUP,supplier,5,0.000945179584120983,0.0006196025712255929,87,18365292.86,True,False,True
AVANADE UK,supplier,2,0.0003780718336483932,0.0,26,4349170.75,True,False,True
BADENOCH & CLARK,supplier,2,0.0003780718336483932,0.0,20,979555.33,True,False,True
BARINGA PARTNERS,supplier,3,0.0005671077504725899,3.2769261057827004e-06,77,18565146.8,True,False,True
BARTS HEALTH NHS TRUST,supplier,2,0.0003780718336483932,0.0,1504,4433698992.83,True,True,True
BECHTLE DIRECT,supplier,1,0.0001890359168241966,0.0,9,1006266.8,False,False,False
BLUETEQ,supplier,5,0.000945179584120983,0.0008401937420822101,29,2433912.59,True,False,True
BOSTON CONSULTING GROUP UK,supplier,2,0.0003780718336483932,0.0,14,4731176.0,True,False,True
BOXXE,supplier,7,0.0013232514177693763,0.0010262771790694437,31,3794724.71,True,False,True
BROADCARE SOFTWARE,supplier,1,0.0001890359168241966,0.0,4,323700.0,False,False,False
BT GLOBAL SERVICES,supplier,7,0.0013232514177693763,0.0008321245198400074,325,29100494.58,True,True,True
BYTES SOFTWARE SERVICES,supplier,3,0.0005671077504725899,0.00030839904825560096,48,28925784.78,True,False,True
CCS MEDIA,supplier,1,0.0001890359168241966,0.0,2,122448.95,False,False,False
CDW,supplier,6,0.0011342155009451797,0.0008637358851523666,210,21161535.2,True,True,True
CENTERPRISE INTERNATIONAL,supplier,1,0.0001890359168241966,0.0,2,108671.87,False,False,False
CENTRE FOR MENTAL HEALTH TRAINING,supplier,1,0.0001890359168241966,0.0,3,80150.73000000001,False,False,False
CHANGETECH AS,supplier,1,0.0001890359168241966,0.0,2,103600.0,False,False,False
CHS HEALTHCARE SOFTWARE,supplier,2,0.0003780718336483932,3.2802063120947952e-06,7,955359.76,True,False,True
CISILION,supplier,1,0.0001890359168241966,0.0,6,535264.12,False,False,False
CMAP SOFTWARE,supplier,2,0.0003780718336483932,6.785485054930584e-06,6,258848.07,True,False,True
COMPUTACENTER UK,supplier,3,0.0005671077504725899,0.00030839904825560096,218,81136578.4286084,True,True,True
CORPORATE TRAVEL MANAGEMENT NORTH,supplier,5,0.000945179584120983,0.0005675431602156667,202,81278277.81,True,False,True
COVENTRY AND WARWICKSHIRE PARTNERSHIP NHS TRUST,supplier,2,0.0003780718336483932,0.0,491,172814633.82,True,True,True
CRAYON,supplier,1,0.0001890359168241966,0.0,2,128520.0,False,False,False
DELL CORPORATION,supplier,7,0.0013232514177693763,0.0010262771790694437,703,29727251.31,True,True,True
DELOITTE,supplier,6,0.0011342155009451797,0.0006594003321746664,326,49531032.23,True,True,True
DELOITTE MCS,supplier,2,0.0003780718336483932,0.0,19,1378372.13,True,False,True
EE,supplier,1,0.0001890359168241966,0.0,2,53500.08,False,False,False
EGTON MEDICAL INFORMATION SYSTEMS,supplier,6,0.0011342155009451797,0.0008637358851523666,197,63036007.95999999,True,False,True
EUROPEAN ELECTRONIQUE,supplier,5,0.000945179584120983,0.0005675431602156667,79,13486214.639999999,True,False,True
EUS HOLDINGS,supplier,1,0.0001890359168241966,0.0,4,142000.0,False,False,False
GARTNER UK,supplier,3,0.0005671077504725899,0.00023366852429034573,25,2706126.67,True,False,True
GB PARTNERSHIPS,supplier,1,0.0001890359168241966,0.0,2,119000.0,False,False,False
HEALTHWORKS VENTURES,supplier,1,0.0001890359168241966,0.0,8,327658.37,False,False,False
HIGH PERFORMANCE CHANGE,supplier,1,0.0001890359168241966,0.0,3,169920.0,False,False,False
HIPPO DIGITAL,supplier,2,0.0003780718336483932,0.0,242,55006997.89,True,True,True
HM REVENUE AND CUSTOMS,supplier,3,0.0005671077504725899,0.0002714551738610125,16,756203.9,True,False,True
HP INCUK,supplier,2,0.0003780718336483932,3.2769261057827004e-06,57,5178045.34,True,False,True
I5 HEALTH,supplier,1,0.0001890359168241966,0.0,2,79560.0,False,False,False
IMPERIAL COLLEGE HEALTHCARE NHS TRUST,supplier,3,0.0005671077504725899,0.00023366852429034573,1520,3226992100.77,True,True,True
INFORM SOLUTIONS,supplier,1,0.0001890359168241966,0.0,2,83430.0,False,False,False
INNOVATE HEALTHCARE SERVICES,supplier,1,0.0001890359168241966,0.0,5,787065.8200000001,False,False,False
INSIGHT DIRECT UK,supplier,7,0.0013232514177693763,0.0010262771790694437,562,64923365.05,True,True,True
INTEGRAL HEALTH SOLUTIONS,supplier,3,0.0005671077504725899,0.00023366852429034573,58,7955953.28,True,False,True
INTERWORKS EUROPE,supplier,3,0.0005671077504725899,0.00027118371868715144,37,11022110.44,True,False,True
JOHNS HOPKINS HEALTHCARE SOLUTIONS,supplier,3,0.0005671077504725899,2.0501951683521443e-05,18,914785.24,True,False,True
KEYSTREAM HEALTHCARE RESOURCES,supplier,2,0.0003780718336483932,5.4394874721516406e-06,13,595082.1799999999,True,False,True
KINGSFIELD COMPUTER PRODUCTS,supplier,2,0.0003780718336483932,0.0,7,1189066.0,True,False,True
KNOWLEDGE ACADEMY LTD THE,supplier,2,0.0003780718336483932,5.434047984679489e-06,4,154135.2,True,False,True
KPMG,supplier,4,0.0007561436672967864,7.050113026129796e-05,207,123815926.24000001,True,True,True
LEICESTERSHIRE PARTNERSHIP NHS TRUST,supplier,2,0.0003780718336483932,0.0,364,124678352.13,True,True,True
LIBERATION ADVISORY,supplier,1,0.0001890359168241966,0.0,4,144000.0,False,False,False
LINKEDIN IRELAND,supplier,1,0.0001890359168241966,0.0,2,79300.0,False,False,False
LOGAN TOD & COMPANY,supplier,2,0.0003780718336483932,0.0,4,417950.0,True,False,True
MASON ADVISORY,supplier,2,0.0003780718336483932,0.0,26,1641102.01,True,False,True
MATRIX INSIGHT,supplier,1,0.0001890359168241966,0.0,2,77600.0,False,False,False
MCKINSEY & CO,supplier,2,0.0003780718336483932,0.0,15,13151689.34,True,False,True
ME LEARNING,supplier,1,0.0001890359168241966,0.0,2,158004.96,False,False,False
NATIONAL CHILDRENS BUREAU,supplier,2,0.0003780718336483932,0.0,19,1092228.26,True,False,True
NHS BLACK COUNTRY ICB,supplier,2,0.0003780718336483932,0.0,53,13523209.92,True,False,True
NHS GREATER MANCHESTER ICB,supplier,2,0.0003780718336483932,0.0,299,65340591.4,True,True,True
NHS HEREFORDSHIRE AND WORCESTERSHIRE CCG,supplier,2,0.0003780718336483932,0.0,34,18208975.68,True,False,True
NHS NORTH EAST LONDON ICB,supplier,2,0.0003780718336483932,0.0,73,25076002.419999998,True,False,True
NHS NORTHAMPTONSHIRE ICB,supplier,2,0.0003780718336483932,0.0,34,9879941.739999998,True,False,True
NHS PROPERTY SERVICES,supplier,8,0.0015122873345935729,0.0012044875749016037,2803,229831749.73999998,True,True,True
NHS SOUTH WEST LONDON ICB,supplier,4,0.0007561436672967864,0.00024401772985059494,47,15826340.56,True,False,True
NORFOLK COUNTY COUNCIL,supplier,2,0.0003780718336483932,0.0,24,2240461.88,True,False,True
NORTHERN LINCOLNSHIRE AND GOOLE HOSPITALS NHS FOUNDATION TRUST,supplier,2,0.0003780718336483932,0.0,539,268613768.88,True,True,True
NOTTINGHAM UNIVERSITY HOSPITALS NHS TRUST,supplier,2,0.0003780718336483932,0.0,1514,3222524501.92,True,True,True
OUTCOMES BASED HEALTHCARE,supplier,3,0.0005671077504725899,0.00023366852429034573,27,20764376.770000003,True,False,True
PA CONSULTING SERVICES,supplier,4,0.0007561436672967864,0.0005878770669946131,560,139465644.38000003,True,True,True
PALANTIR TECHNOLOGIES UK,supplier,3,0.0005671077504725899,3.2802063120947952e-06,99,133996141.17,True,False,True
PHOENIX PARTNERSHIP LEEDS,supplier,6,0.0011342155009451797,0.0006983310741476834,173,55699174.11000001,True,False,True
PHOENIX SOFTWARE,supplier,5,0.000945179584120983,0.00033974852730479376,78,8447955.71,True,False,True
PRICEWATERHOUSECOOPERS,supplier,3,0.0005671077504725899,0.00023366852429034573,93,25887135.54,True,False,True
PRIVATE PUBLIC,supplier,2,0.0003780718336483932,0.0,12,614969.19,True,False,True
PROACT IT UK,supplier,1,0.0001890359168241966,0.0,4,187094.97999999998,False,False,False
RISUAL,supplier,1,0.0001890359168241966,0.0,5,977581.2000000001,False,False,False
ROYAL FREE LONDON NHS FOUNDATION TRUST,supplier,3,0.0005671077504725899,0.00023366852429034573,1539,2867513374.88,True,True,True
SALFORD ROYAL NHS FOUNDATION TRUST,supplier,3,0.0005671077504725899,0.00027118371868715144,239,730753941.17,True,True,True
SATELLITE APPLICATIONS CATAPULT,supplier,1,0.0001890359168241966,0.0,3,317730.0,False,False,False
SEYMOUR JOHN PUBLIC SERVICES,supplier,2,0.0003780718336483932,5.710889482399498e-06,60,3425692.53,True,False,True
SEYMOUR JOHN PUBLIC SERVICES MIDLANDS,supplier,2,0.0003780718336483932,5.7166060884879855e-06,15,910173.6,True,False,True
SOFTCAT,supplier,8,0.0015122873345935729,0.0012032830873267022,299,109026536.64999999,True,True,True
SOFTWARE BOX,supplier,4,0.0007561436672967864,3.769512070933141e-05,19,2413655.33,True,False,True
SOUTH WARWICKSHIRE NHS FOUNDATION TRUST,supplier,3,0.0005671077504725899,0.00027118371868715144,531,291815092.73,True,True,True
SOUTHERN COMMUNICATIONS CORPORATE SOLUTIONS,supplier,1,0.0001890359168241966,0.0,2,87123.13,False,False,False
SPECIALIST COMPUTER CENTRES,supplier,6,0.0011342155009451797,0.0006983310741476834,216,39306579.7,True,True,True
STORM TECHNOLOGIES,supplier,1,0.0001890359168241966,0.0,4,214186.75,False,False,False
TALK STRAIGHT,supplier,2,0.0003780718336483932,5.434047984679489e-06,4,146987.52000000002,True,False,True
TEKIHEALTH SOLUTIONS,supplier,1,0.0001890359168241966,0.0,3,224945.92,False,False,False
TOTAL COMPUTER NETWORKS,supplier,1,0.0001890359168241966,0.0,2,126473.54000000001,False,False,False
TRANSPUTEC,supplier,1,0.0001890359168241966,0.0,3,119162.21,False,False,False
TRUSTMARQUE SOLUTIONS,supplier,7,0.0013232514177693763,0.0011289832230386414,272,69510987.17,True,True,True
TWS PARTNERS,supplier,2,0.0003780718336483932,0.0,6,696538.0,True,False,True
UIPATH SRL,supplier,2,0.0003780718336483932,3.2769261057827004e-06,4,801984.06,True,False,True
UNIVERSITY OF YORK,supplier,4,0.0007561436672967864,5.903975544822494e-05,91,20508604.59,True,False,True
VIRGIN MEDIA BUSINESS,supplier,6,0.0011342155009451797,0.00023095631035833258,172,8682874.93,True,False,True
WIFI SPARK,supplier,1,0.0001890359168241966,0.0,2,62075.24,False,False,False
XMA,supplier,5,0.000945179584120983,0.0005675431602156667,96,14157333.190000001,True,False,True
AAH PHARMACEUTICALS,supplier,2,0.0003780718336483932,0.0,169,24501637.150000002,True,False,True
ADDLESHAW GODDARD,supplier,1,0.0001890359168241966,0.0,2,62548.39,False,False,False
AGE CONCERN MID MERSEY,supplier,1,0.0001890359168241966,0.0,3,96188.1,False,False,False
AGE UK LEEDS,supplier,1,0.0001890359168241966,0.0,6,185996.54,False,False,False
AGFA FINANCE UK,supplier,1,0.0001890359168241966,0.0,27,1249615.1,False,False,False
AGFA HEALTHCARE UK,supplier,1,0.0001890359168241966,0.0,12,610473.3,False,False,False
AIREDALE NHS FOUNDATION TRUST,supplier,2,0.0003780718336483932,0.0,677,141755236.79,True,True,True
ALCON EYE CARE UK,supplier,1,0.0001890359168241966,0.0,2,78000.0,False,False,False
ALEXION PHARMA UK,supplier,1,0.0001890359168241966,0.0,9,327411.6,False,False,False
ALLERGAN,supplier,1,0.0001890359168241966,0.0,3,88740.0,False,False,False
ALLIANCE HEALTHCARE DISTRIBUTION,supplier,1,0.0001890359168241966,0.0,38,1330313.31,False,False,False
ALLIANCE MEDICAL,supplier,2,0.0003780718336483932,0.0,448,618721523.4100001,True,True,True
ALLOGA UK,supplier,3,0.0005671077504725899,3.682916432646071e-05,143,32925894.740000002,True,False,True
ANDRAC,supplier,1,0.0001890359168241966,0.0,4,38508.0,False,False,False
ANSA ELEVATORS,supplier,1,0.0001890359168241966,0.0,2,53700.6,False,False,False
ARCHUS,supplier,2,0.0003780718336483932,0.0,22,1262420.02,True,False,True
ASCRIBE LTD TA EMIS HEALTH,supplier,1,0.0001890359168241966,0.0,4,147364.5,False,False,False
AUDITDATA,supplier,1,0.0001890359168241966,0.0,10,98593.2,False,False,False
AVISON YOUNG UK,supplier,1,0.0001890359168241966,0.0,5,127781.5,False,False,False
AXONEX,supplier,1,0.0001890359168241966,0.0,11,154599.6,False,False,False
AYNSLEY BUILDING SERVICES,supplier,1,0.0001890359168241966,0.0,2,31850.4,False,False,False
B BRAUN STERILOG YORKSHIRE,supplier,1,0.0001890359168241966,0.0,59,4803132.6,False,False,False
BATH ASU,supplier,1,0.0001890359168241966,0.0,2,57364.56,False,False,False
BAXTER HEALTHCARE,supplier,2,0.0003780718336483932,0.0,39,1335944.8399999999,True,False,True
BAYER,supplier,2,0.0003780718336483932,3.682916432646071e-05,183,8503125.01,True,False,True
BAYWATER HEALTHCARE UK,supplier,1,0.0001890359168241966,0.0,49,2175514.87,False,False,False
BERENDSEN UK,supplier,1,0.0001890359168241966,0.0,5,142001.16,False,False,False
BIO PRODUCTS LABORATORY,supplier,1,0.0001890359168241966,0.0,6,177981.0,False,False,False
BLACK CAT EMBROIDERY,supplier,1,0.0001890359168241966,0.0,2,43978.92,False,False,False
BLS ASBESTOS,supplier,1,0.0001890359168241966,0.0,2,102930.0,False,False,False
BOC,supplier,2,0.0003780718336483932,0.0,8,1773302.1700000002,True,False,True
BOSTON SCIENTIFIC,supplier,2,0.0003780718336483932,0.0,59,2414400.0,True,False,True
BRADFORD & DISTRICT COMMUNITY EMPOWERMENT NETWORK,supplier,1,0.0001890359168241966,0.0,2,180000.0,False,False,False
BRADFORD DISTRICT CARE NHS FOUNDATION TRUST,supplier,2,0.0003780718336483932,0.0,320,84258942.71,True,True,True
BRADFORD METROPOLITAN COUNCIL,supplier,1,0.0001890359168241966,0.0,64,4982692.0,False,False,False
BRADFORD METROPOLITAN DISTRICT COUNCIL,supplier,1,0.0001890359168241966,0.0,17,931159.0,False,False,False
BRANDON MEDICAL CO,supplier,1,0.0001890359168241966,0.0,4,111395.98999999999,False,False,False
BRIDGER CARR ARCHITECTS,supplier,1,0.0001890359168241966,0.0,3,116053.5,False,False,False
BUNTON CIVIL & CONSTRUCTION,supplier,1,0.0001890359168241966,0.0,3,115550.2,False,False,False
BUNZL HEALTHCARE,supplier,1,0.0001890359168241966,0.0,224,19525443.87,False,True,True
BURLODGE,supplier,1,0.0001890359168241966,0.0,2,81220.75,False,False,False
CACI,supplier,2,0.0003780718336483932,0.0,15,1879897.4000000001,True,False,True
CAE TECHNOLOGY SERVICES,supplier,2,0.0003780718336483932,3.505711647781807e-05,14,1756976.29,True,False,True
CALDERDALE & HUDDERSFIELD NHS FOUNDATION TRUST,supplier,2,0.0003780718336483932,0.0,615,339645926.09,True,True,True
CANON MEDICAL SYSTEMS,supplier,2,0.0003780718336483932,3.682916432646071e-05,74,4061496.56,True,False,True
CARDIAC SERVICES UK,supplier,1,0.0001890359168241966,0.0,3,76616.0,False,False,False
CARE QUALITY COMMISSION,supplier,2,0.0003780718336483932,0.0,39,6668503.02,True,False,True
CARESTREAM HEALTH UK,supplier,1,0.0001890359168241966,0.0,4,120000.0,False,False,False
CERNER,supplier,2,0.0003780718336483932,3.5092208686504575e-05,84,6898215.1,True,False,True
CHRYSTAL CONSULTING,supplier,1,0.0001890359168241966,0.0,2,81720.0,False,False,False
CIS ONCOLOGY,supplier,1,0.0001890359168241966,0.0,4,82907.63,False,False,False
CITY OF BRADFORD MDC,supplier,1,0.0001890359168241966,0.0,10,610056.65,False,False,False
CLEVERMED,supplier,2,0.0003780718336483932,0.0,26,3907902.09,True,False,True
CLINISYS SOLUTIONS,supplier,2,0.0003780718336483932,3.175337998504658e-05,4,86925.63,True,False,True
CMI HEALTHCARE SERVICES,supplier,1,0.0001890359168241966,0.0,2,39134.7,False,False,False
CNLR HORIZONS,supplier,1,0.0001890359168241966,0.0,4,86208.0,False,False,False
COCHLEAR EUROPE,supplier,1,0.0001890359168241966,0.0,4,56829.6,False,False,False
COMMUNITY HEALTH PARTNERSHIPS,supplier,2,0.0003780718336483932,0.0,483,71936560.27000001,True,True,True
COMMUNITY WORKS,supplier,1,0.0001890359168241966,0.0,2,50000.0,False,False,False
CORPORATE TRAVEL MANAGEMENT NORTH OF ENGLAND,supplier,2,0.0003780718336483932,2.209086340760495e-05,18,758466.5800000001,True,False,True
COYLE PERSONNEL,supplier,1,0.0001890359168241966,0.0,409,402641.2,False,True,True
CRANLEA HUMAN PERFORMANCE,supplier,1,0.0001890359168241966,0.0,2,69970.0,False,False,False
CSC COMPUTER SCIENCES,supplier,2,0.0003780718336483932,2.209086340760495e-05,9,273205.26,True,False,True
CSL BEHRING UK,supplier,2,0.0003780718336483932,3.682916432646071e-05,48,2457936.71,True,False,True
CUBE ELECTRICAL SERVICES,supplier,1,0.0001890359168241966,0.0,6,217692.66,False,False,False
DAISY CORPORATE SERVICES,supplier,1,0.0001890359168241966,0.0,5,356736.0,False,False,False
DAY ARCHITECTURAL,supplier,1,0.0001890359168241966,0.0,2,145682.36,False,False,False
DE LAGE LANDEN LEASING,supplier,1,0.0001890359168241966,0.0,8,289482.96,False,False,False
DEOS CONSULTANCY,supplier,1,0.0001890359168241966,0.0,2,32184.0,False,False,False
DEPARTMENT OF HEALTH,supplier,2,0.0003780718336483932,0.0,81,104339559.98,True,False,True
DEPUY SYNTHES,supplier,1,0.0001890359168241966,0.0,4,62871.299999999996,False,False,False
DIAGNOSTIC HEALTHCARE,supplier,1,0.0001890359168241966,0.0,44,1820696.3,False,False,False
DKP CONSULTING,supplier,1,0.0001890359168241966,0.0,2,79983.79000000001,False,False,False
DP MEDICAL SYSTEMS,supplier,1,0.0001890359168241966,0.0,2,53041.81999999999,False,False,False
DRAEGER MEDICAL UK,supplier,1,0.0001890359168241966,0.0,9,496762.02999999997,False,False,False
DRIVE DEVILBISS HEALTHCARE,supplier,1,0.0001890359168241966,0.0,3,184884.9,False,False,False
DRIVE DEVILBISS SIDHIL,supplier,1,0.0001890359168241966,0.0,43,1302415.66,False,False,False
ECCLESHILL ADVENTURE PLAYGROUND,supplier,1,0.0001890359168241966,0.0,3,92295.0,False,False,False
ELIS UK,supplier,1,0.0001890359168241966,0.0,2,56699.49,False,False,False
EQUINITI 360 CLINICAL,supplier,1,0.0001890359168241966,0.0,8,128180.0,False,False,False
FALCO UK,supplier,1,0.0001890359168241966,0.0,6,112704.0,False,False,False
FIRSTPOINT HEALTHCARE,supplier,1,0.0001890359168241966,0.0,19,130705.1,False,False,False
FRANCOTYP POSTALIA,supplier,1,0.0001890359168241966,0.0,15,486105.74,False,False,False
FRESENIUS KABI,supplier,1,0.0001890359168241966,0.0,10,331200.0,False,False,False
FRESENIUS MEDICAL CARE RENAL SERVICES,supplier,2,0.0003780718336483932,0.0,427,31769745.349999998,True,True,True
FRESENIUS MEDICAL CARE UK,supplier,2,0.0003780718336483932,0.0,39,6420581.4,True,False,True
FUJIFILM SONOSITE,supplier,1,0.0001890359168241966,0.0,2,74915.4,False,False,False
G4S SECURE SOLUTIONS UK,supplier,2,0.0003780718336483932,0.0,28,4652488.48,True,False,True
GAUMARD SCIENTIFIC CO,supplier,1,0.0001890359168241966,0.0,5,45618.03955774399,False,False,False
GAZPROM MARKETING & TRADING RETAIL,supplier,1,0.0001890359168241966,0.0,41,2317959.25,False,False,False
GE HEALTHCARE FINNAMORE,supplier,1,0.0001890359168241966,0.0,119,5494456.22,False,False,False
GE MEDICAL SYSTEMS,supplier,1,0.0001890359168241966,0.0,9,542509.18,False,False,False
GHX UK,supplier,1,0.0001890359168241966,0.0,3,36000.0,False,False,False
GILLING DOD ARCHITECTS,supplier,1,0.0001890359168241966,0.0,3,87509.72,False,False,False
GILMORE ASSOCIATES LTD TA BIRCH IMPROVEMENT,supplier,1,0.0001890359168241966,0.0,2,29700.0,False,False,False
GROSVENOR CONTRACTS LONDON,supplier,1,0.0001890359168241966,0.0,7,69090.0,False,False,False
HAAG STREIT UK,supplier,1,0.0001890359168241966,0.0,2,25782.0,False,False,False
HAMILTON MEDICAL UK,supplier,1,0.0001890359168241966,0.0,2,174803.04,False,False,False
HARROGATE & DISTRICT NHS FOUNDATION TRUST,supplier,1,0.0001890359168241966,0.0,2,631000.0,False,False,False
HEALTHCARE AT HOME,supplier,3,0.0005671077504725899,3.6866030356817526e-05,231,13737971.43,True,True,True
HEALTHCARE COMMUNICATIONS UK,supplier,1,0.0001890359168241966,0.0,2,74625.26000000001,False,False,False
HEALTHCARE SOFTWARE SOLUTIONS,supplier,1,0.0001890359168241966,0.0,7,267180.0,False,False,False
HEALTHNET HOMECARE,supplier,1,0.0001890359168241966,0.0,107,4446072.0,False,False,False
HEIDELBERG ENGINEERING,supplier,1,0.0001890359168241966,0.0,4,182130.24,False,False,False
HKS CONSULTANCY GROUP LTD HEALTHCARE & INDUSTRAIL,supplier,1,0.0001890359168241966,0.0,9,26725.87,False,False,False
HOLOGIC,supplier,1,0.0001890359168241966,0.0,14,250236.0,False,False,False
HOSPITAL METALCRAFT,supplier,2,0.0003780718336483932,0.0,7,172476.97999999998,True,False,True
HOSPITAL SERVICES,supplier,1,0.0001890359168241966,0.0,6,166380.4,False,False,False
HOWARD WRIGHT EUROPE,supplier,1,0.0001890359168241966,0.0,4,30962.4,False,False,False
ICNET INTERNATIONAL,supplier,1,0.0001890359168241966,0.0,2,56562.88,False,False,False
ICNH LTD TA DRDOCTOR,supplier,2,0.0003780718336483932,0.0,19,1391456.4,True,False,True
ILLINGWORTH & GREGORY,supplier,1,0.0001890359168241966,0.0,9,716447.44,False,False,False
INIVOS,supplier,1,0.0001890359168241966,0.0,12,376836.0,False,False,False
INLAND REVENUE CIS,supplier,1,0.0001890359168241966,0.0,2,7020026.529999999,False,False,False
INOVUS,supplier,1,0.0001890359168241966,0.0,5,37168.8,False,False,False
INTEGRATED LABORATORY SOLUTIONS ILS,supplier,1,0.0001890359168241966,0.0,81,16455460.15,False,False,False
INTEGRATED PATHOLOGY SOLUTIONS IPS,supplier,1,0.0001890359168241966,0.0,35,10727462.42,False,False,False
INTERSERVE CONSTRUCTION,supplier,1,0.0001890359168241966,0.0,23,3613580.51,False,False,False
INTUITIVE SURGICAL,supplier,1,0.0001890359168241966,0.0,38,728416.6,False,False,False
IQVIA TECHNOLOGY SERVICES,supplier,1,0.0001890359168241966,0.0,18,663715.45,False,False,False
IRON MOUNTAIN UK,supplier,2,0.0003780718336483932,0.0,19,901367.23,True,False,True
JA RICHARDSON ELECTRICAL,supplier,1,0.0001890359168241966,0.0,8,789338.22,False,False,False
JANSSEN CILAG,supplier,1,0.0001890359168241966,0.0,13,374846.95,False,False,False
JCP CONSULTING ENGINEERS,supplier,2,0.0003780718336483932,3.6866030356817526e-05,5,328686.33999999997,True,False,True
JTB CORP,supplier,1,0.0001890359168241966,0.0,2,1895.8988,False,False,False
KAINOS EVOLVE,supplier,1,0.0001890359168241966,0.0,17,616355.05,False,False,False
KONICA MINOLTA BUSINESS SOLUTIONS UK,supplier,1,0.0001890359168241966,0.0,3,213065.62,False,False,False
LABLOGIC SYSTEMS,supplier,1,0.0001890359168241966,0.0,2,42678.96000000001,False,False,False
LAERDAL MEDICAL,supplier,1,0.0001890359168241966,0.0,19,165576.66,False,False,False
LEEDS & YORK PARTNERSHIP NHS FOUNDATION TRUST,supplier,2,0.0003780718336483932,0.0,468,248378208.69,True,True,True
LEEDS TEACHING HOSPITALS NHS TRUST,supplier,2,0.0003780718336483932,0.0,1508,4530280443.36,True,True,True
LEGRAND ASSISTED LIVING & HEALTHCARE,supplier,1,0.0001890359168241966,0.0,2,38584.22,False,False,False
LLOYDS PHARMACY CLINICAL HOMECARE,supplier,1,0.0001890359168241966,0.0,152,7913357.42,False,False,False
LOWER GRANGE COMMUNITY ASSOCIATION,supplier,1,0.0001890359168241966,0.0,3,75000.0,False,False,False
LYNTON TRAILERS UK,supplier,1,0.0001890359168241966,0.0,9,922452.92,False,False,False
MACHENAIR,supplier,1,0.0001890359168241966,0.0,3,111335.01000000001,False,False,False
MAGPIE,supplier,1,0.0001890359168241966,0.0,7,209858.15,False,False,False
MAINTEL EUROPE,supplier,3,0.0005671077504725899,0.00010587743273130491,22,1056713.42,True,False,True
MBI HEALTH CONSULTING,supplier,1,0.0001890359168241966,0.0,3,167470.0,False,False,False
MED EL UK,supplier,1,0.0001890359168241966,0.0,4,169097.5,False,False,False
MEDICAL IMAGING SYSTEMS,supplier,1,0.0001890359168241966,0.0,19,1647332.4,False,False,False
MEDICAL PIPED GASES,supplier,1,0.0001890359168241966,0.0,5,142120.2,False,False,False
MEDILINK CONSULTING,supplier,1,0.0001890359168241966,0.0,43,57340.7,False,False,False
MEDINET CLINICAL SERVICES,supplier,1,0.0001890359168241966,0.0,13,401480.0,False,False,False
MEDIREST,supplier,1,0.0001890359168241966,0.0,4,112857.88,False,False,False
MEDISOFT,supplier,1,0.0001890359168241966,0.0,3,51430.87,False,False,False
MEDRAY UK,supplier,1,0.0001890359168241966,0.0,3,72000.0,False,False,False
MEDTRONIC,supplier,2,0.0003780718336483932,3.682916432646071e-05,88,2437075.28,True,False,True
MID YORKSHIRE HOSPITALS NHS TRUST,supplier,2,0.0003780718336483932,0.0,729,503572043.95,True,True,True
MIND THE GAP,supplier,1,0.0001890359168241966,0.0,3,186128.0,False,False,False
MINDRAY UK,supplier,2,0.0003780718336483932,3.6866030356817526e-05,9,583531.1,True,False,True
MINISTRY OF JUSTICE,supplier,3,0.0005671077504725899,2.209086340760495e-05,71,4517560.2299999995,True,False,True
MITIE WASTE & ENVIRONMENTAL SERVICES,supplier,1,0.0001890359168241966,0.0,23,1285885.18,False,False,False
MRI DEVICES,supplier,1,0.0001890359168241966,0.0,2,61200.0,False,False,False
MTX CONTRACTS,supplier,1,0.0001890359168241966,0.0,4,1748376.27,False,False,False
NATIONAL LOANS FUND,supplier,1,0.0001890359168241966,0.0,2,44000000.0,False,False,False
NATUS NICOLET UK,supplier,1,0.0001890359168241966,0.0,2,30256.97,False,False,False
NAUTILUS CONSULTING,supplier,1,0.0001890359168241966,0.0,13,378582.0,False,False,False
NDL SOFTWARE,supplier,2,0.0003780718336483932,3.175337998504658e-05,5,164800.0,True,False,True
NEOMED UK,supplier,1,0.0001890359168241966,0.0,2,46774.8,False,False,False
NHS BLOOD & TRANSPLANT,supplier,2,0.0003780718336483932,0.0,505,63249875.70999999,True,True,True
NHS BRADFORD CITY CCG,supplier,2,0.0003780718336483932,0.0,5,244374.15,True,False,True
NHS BRADFORD DISTRICT AND CRAVEN CCG,supplier,2,0.0003780718336483932,0.0,49,15880286.03,True,False,True
NHS BRADFORD DISTRICTS CCG,supplier,2,0.0003780718336483932,0.0,12,3356904.0,True,False,True
NHS BUSINESS SERVICES AUTHORITY,supplier,2,0.0003780718336483932,0.0,377,911822749.59,True,True,True
NHS LITIGATION,supplier,1,0.0001890359168241966,0.0,18,30069985.4,False,False,False
NHS LITIGATION AUTHORITY,supplier,3,0.0005671077504725899,3.682916432646071e-05,57,40156227.08,True,False,True
NHS PENSIONS AGENCY,supplier,1,0.0001890359168241966,0.0,5,735557.81,False,False,False
NHS SHARED BUSINESS SERVICES,supplier,3,0.0005671077504725899,0.0003366706796784885,350,178130591.66,True,True,True
NHS SUPPLY CHAIN,supplier,2,0.0003780718336483932,0.0,20,46312781.23,True,False,True
NORTH WEST SECURITY SERVICES,supplier,1,0.0001890359168241966,0.0,5,285131.99,False,False,False
NORTHERN MECHANICAL SERVICES,supplier,1,0.0001890359168241966,0.0,3,107674.57,False,False,False
NORTHUMBRIA HEALTHCARE NHS FOUNDATION TRUST,supplier,6,0.0011342155009451797,0.0009713978645068106,1027,446867705.96000004,True,True,True
NOVARTIS PHARMACEUTICALS UK,supplier,2,0.0003780718336483932,0.0,75,33360810.189999998,True,False,True
OCURA HEALTHCARE FURNITURE,supplier,1,0.0001890359168241966,0.0,2,28089.6,False,False,False
OLYMPUS KEYMED,supplier,2,0.0003780718336483932,0.0,17,1442182.6,True,False,True
OMNICELL,supplier,2,0.0003780718336483932,3.682916432646071e-05,10,421874.32,True,False,True
OPTOS,supplier,1,0.0001890359168241966,0.0,2,63960.05,False,False,False
OPUS ENERGY,supplier,1,0.0001890359168241966,0.0,44,6487661.83,False,False,False
ORACLE VISION,supplier,1,0.0001890359168241966,0.0,2,121986.63,False,False,False
OXYLITRE,supplier,1,0.0001890359168241966,0.0,3,32569.8,False,False,False
PARK PLACE TECHNOLOGIES,supplier,2,0.0003780718336483932,0.0,27,1282530.31,True,False,True
PEACOCKS MEDICAL GROUP,supplier,1,0.0001890359168241966,0.0,2,108000.0,False,False,False
PEC BUILDING SERVICES,supplier,1,0.0001890359168241966,0.0,5,245789.65999999997,False,False,False
PENPOLE CONSULTING,supplier,1,0.0001890359168241966,0.0,3,151130.0,False,False,False
PHILIPS ELECTRONICS UK,supplier,1,0.0001890359168241966,0.0,8,325034.36,False,False,False
PHILIPS UK AND IRELAND,supplier,2,0.0003780718336483932,0.0,12,1791989.6700000002,True,False,True
PREMIER IT PARTNERSHIP,supplier,1,0.0001890359168241966,0.0,2,81925.0,False,False,False
PROFESSIONAL FIRE SYSTEMS AND PROJECTS,supplier,1,0.0001890359168241966,0.0,2,83164.97,False,False,False
PULSE HEALTHCARE,supplier,2,0.0003780718336483932,0.0,369,89274637.42999999,True,True,True
QUEEN MARY UNIVERSITY OF LONDON,supplier,2,0.0003780718336483932,0.0,34,14147888.15,True,False,True
RDP GROUP UK,supplier,2,0.0003780718336483932,0.0,18,2024257.8,True,False,True
REDCENTRIC SOLUTIONS,supplier,3,0.0005671077504725899,0.0002972262091897986,37,2259650.58,True,False,True
RENAL ASSOCIATION,supplier,1,0.0001890359168241966,0.0,2,30315.71,False,False,False
RENTOKIL SPECIALIST HYGIENE,supplier,1,0.0001890359168241966,0.0,3,220400.01,False,False,False
RESPIRONICS UK,supplier,1,0.0001890359168241966,0.0,25,712700.23,False,False,False
ROBOSCIENTIFIC,supplier,1,0.0001890359168241966,0.0,3,127200.0,False,False,False
ROCHE PRODUCTS,supplier,2,0.0003780718336483932,3.682916432646071e-05,68,2660134.3099999996,True,False,True
ROTAMAP,supplier,1,0.0001890359168241966,0.0,5,81614.14,False,False,False
ROWLANDS PHARMACY,supplier,1,0.0001890359168241966,0.0,52,16420652.72,False,False,False
SALFORD ROYAL HOSPITALS NHS FOUNDATION TRUST,supplier,4,0.0007561436672967864,0.0005747856678236752,60,101228593.75,True,False,True
SCOTTISH WATER BUSINESS STREAM,supplier,1,0.0001890359168241966,0.0,23,354784.91,False,False,False
SENSE MEDICAL,supplier,1,0.0001890359168241966,0.0,2,130836.0,False,False,False
SERVICES DESIGN ASSOCIATES,supplier,1,0.0001890359168241966,0.0,2,89754.0,False,False,False
SHAWBROOK BANK,supplier,1,0.0001890359168241966,0.0,12,345960.0,False,False,False
SHIRE PHARMACEUTICALS,supplier,1,0.0001890359168241966,0.0,9,234050.0,False,False,False
SIEMENS FINANCIAL SERVICES,supplier,1,0.0001890359168241966,0.0,13,372102.27,False,False,False
SIEMENS HEALTHCARE,supplier,1,0.0001890359168241966,0.0,11,1052678.25,False,False,False
SMARTESTENERGY,supplier,1,0.0001890359168241966,0.0,28,1888281.15,False,False,False
STANNAH LIFT SERVICES,supplier,1,0.0001890359168241966,0.0,2,60391.72,False,False,False
STFOUR,supplier,1,0.0001890359168241966,0.0,3,90403.43,False,False,False
STRYKER UK,supplier,2,0.0003780718336483932,3.682916432646071e-05,14,508156.27,True,False,True
SUNQUEST INFORMATION SYSTEMS EUROPE,supplier,1,0.0001890359168241966,0.0,15,71800.8,False,False,False
SUNRISE MEDICAL,supplier,1,0.0001890359168241966,0.0,3,81480.0,False,False,False
SUPPLY CHAIN COORDINATION,supplier,2,0.0003780718336483932,0.0,851,1699759096.37,True,True,True
SYNERGY HEALTH MANAGED SERVICES,supplier,1,0.0001890359168241966,0.0,36,2900969.17,False,False,False
SYSTEM C HEALTHCARE,supplier,4,0.0007561436672967864,0.00033411190903697135,100,70003868.97,True,False,True
THERAPY EQUIPMENT,supplier,1,0.0001890359168241966,0.0,3,48000.0,False,False,False
TILBURY DOUGLAS CONSTRUCTION,supplier,1,0.0001890359168241966,0.0,42,15983886.71,False,False,False
TJ SMITH & NEPHEW,supplier,1,0.0001890359168241966,0.0,2,38697.41,False,False,False
TOPSCAN UK,supplier,1,0.0001890359168241966,0.0,3,203635.46,False,False,False
TOTAL GAS & POWER,supplier,1,0.0001890359168241966,0.0,10,437956.58,False,False,False
TRIPLE RED,supplier,1,0.0001890359168241966,0.0,2,101164.0,False,False,False
TURNER & TOWNSEND PROJECT MANAGEMENT,supplier,1,0.0001890359168241966,0.0,4,203573.88,False,False,False
TWENTY FOUR SEVEN RECRUITMENT YORKS,supplier,1,0.0001890359168241966,0.0,60,81373.09,False,False,False
ULTRAMEDIC,supplier,1,0.0001890359168241966,0.0,6,36350.6,False,False,False
UNIVERSAL AV SERVICES,supplier,1,0.0001890359168241966,0.0,8,36645.6,False,False,False
UNIVERSITY COLLEGE LONDON,supplier,2,0.0003780718336483932,0.0,145,34690663.910000004,True,False,True
UNIVERSITY HOSPITAL BIRMINGHAM NHS FOUNDATION TRUST,supplier,2,0.0003780718336483932,0.0,4,481401.0,True,False,True
UNIVERSITY OF BRADFORD,supplier,2,0.0003780718336483932,0.0,35,5121298.78,True,False,True
UNIVERSITY OF EDINBURGH,supplier,2,0.0003780718336483932,0.0,18,1875085.45,True,False,True
UNIVERSITY OF EXETER,supplier,2,0.0003780718336483932,0.0,78,42477381.34,True,False,True
UNIVERSITY OF LEEDS,supplier,2,0.0003780718336483932,0.0,139,19089545.57,True,False,True
UNIVERSITY OF MANCHESTER THE,supplier,2,0.0003780718336483932,0.0,125,44987733.01,True,False,True
UPTODATE,supplier,1,0.0001890359168241966,0.0,2,76764.35790239999,False,False,False
VERATHON MEDICAL UK,supplier,1,0.0001890359168241966,0.0,2,134400.0,False,False,False
WELL,supplier,1,0.0001890359168241966,0.0,44,8536528.67,False,False,False
WESTCLIFFE HEALTH INNOVATIONS,supplier,1,0.0001890359168241966,0.0,19,1384174.81,False,False,False
WH BENCE COACHWORKS,supplier,1,0.0001890359168241966,0.0,4,85132.0,False,False,False
WHITAKER & LEACH,supplier,1,0.0001890359168241966,0.0,52,6089460.82,False,False,False
WILLIS,supplier,1,0.0001890359168241966,0.0,3,444421.32999999996,False,False,False
YORK TEACHING HOSPITAL NHS FOUNDATION TRUST,supplier,2,0.0003780718336483932,0.0,400,298021370.2,True,True,True
YORKSHIRE & HUMBER AHSN,supplier,2,0.0003780718336483932,0.0,89,30140825.29,True,False,True
YORKSHIRE CLINIC,supplier,1,0.0001890359168241966,0.0,17,664915.84,False,False,False
YORKSHIRE WATER SERVICES,supplier,1,0.0001890359168241966,0.0,10,151762.53,False,False,False
YOUR WORLD NURSING,supplier,1,0.0001890359168241966,0.0,797,1209172.26,False,True,True
ZELLIS UK,supplier,1,0.0001890359168241966,0.0,2,25390.8,False,False,False
ZIMMER BIOMET UK,supplier,1,0.0001890359168241966,0.0,2,29352.0,False,False,False
4M MENTOR MOTHERS NETWORK CIC,supplier,1,0.0001890359168241966,0.0,2,99905.0,False,False,False
ADEPT TELECOM,supplier,1,0.0001890359168241966,0.0,3,156216.94,False,False,False
ALTACOM,supplier,1,0.0001890359168241966,0.0,8,719605.66,False,False,False
APOLLO MEDICAL SOFTWARE SOLUTIONS,supplier,1,0.0001890359168241966,0.0,13,444300.0,False,False,False
BLUE PRISM CLOUD,supplier,2,0.0003780718336483932,5.8352455286891185e-06,4,415000.0,True,False,True
CANCOM MANAGED SERVICES,supplier,1,0.0001890359168241966,0.0,2,277100.0,False,False,False
CANCOM UK,supplier,1,0.0001890359168241966,0.0,6,594100.86,False,False,False
CHESS,supplier,1,0.0001890359168241966,0.0,14,547988.69,False,False,False
COBIC SOLUTIONS,supplier,1,0.0001890359168241966,0.0,2,602994.0,False,False,False
CONTENT GURU,supplier,1,0.0001890359168241966,0.0,2,744945.37,False,False,False
DAC BEACHCROFT,supplier,2,0.0003780718336483932,0.0003016135632006703,224,45687816.25,True,True,True
DISTOLOGY,supplier,1,0.0001890359168241966,0.0,3,626254.26,False,False,False
EAST LONDON NHS FOUNDATION TRUST,supplier,3,0.0005671077504725899,0.00030775656529465404,529,404447390.40999997,True,True,True
EDG GROUP,supplier,1,0.0001890359168241966,0.0,7,321292.74,False,False,False
ESRI UK,supplier,2,0.0003780718336483932,9.29113658078304e-06,13,640397.6499999999,True,False,True
ESSEX PARTNERSHIP UNIVERSITY NHS FT,supplier,2,0.0003780718336483932,0.0003019154786793496,509,549285111.6800001,True,True,True
EVERYTHING EVERYWHERE,supplier,1,0.0001890359168241966,0.0,3,138213.86,False,False,False
GUYS & ST THOMAS HOSPITAL NHS FOUNDATION TRUST,supplier,2,0.0003780718336483932,0.0003016135632006703,2477,4622934392.34,True,True,True
HEALTH MANAGEMENT,supplier,1,0.0001890359168241966,0.0,2,87062.62,False,False,False
HEALTHCARE GATEWAY,supplier,1,0.0001890359168241966,0.0,2,99516.94,False,False,False
HMRC,supplier,2,0.0003780718336483932,0.0003016135632006703,7,636745.77,True,False,True
INTERXION CARRIER HOTEL,supplier,1,0.0001890359168241966,0.0,7,261442.52,False,False,False
INTUITI SOLUTIONS,supplier,1,0.0001890359168241966,0.0,2,369984.0,False,False,False
KENT COUNTY COUNCIL,supplier,1,0.0001890359168241966,0.0,4,455261.13999999996,False,False,False
KHIPU NETWORKS,supplier,1,0.0001890359168241966,0.0,3,152079.12,False,False,False
METRO CENTRE,supplier,1,0.0001890359168241966,0.0,10,489847.0,False,False,False
NAZ PROJECT LONDON,supplier,1,0.0001890359168241966,0.0,3,82500.0,False,False,False
NHS CAMDEN CCG,supplier,2,0.0003780718336483932,0.0003016135632006703,17,6134442.07,True,False,True
NHS CITY AND HACKNEY CCG,supplier,2,0.0003780718336483932,0.0003016135632006703,12,3759277.6599999997,True,False,True
NHS CROYDON CCG,supplier,2,0.0003780718336483932,0.0003016135632006703,14,2737415.27,True,False,True
NHS NENE CCG,supplier,2,0.0003780718336483932,0.0003016135632006703,36,5971931.3100000005,True,False,True
NHS NEWHAM CCG,supplier,2,0.0003780718336483932,0.0003016135632006703,21,5423594.34,True,False,True
NHS NORTH CENTRAL LONDON CCG,supplier,2,0.0003780718336483932,0.0003016135632006703,80,36149504.21,True,False,True
NHS NORTH EAST LONDON CCG,supplier,2,0.0003780718336483932,0.0003016135632006703,38,15496210.37,True,False,True
NHS NORTHAMPTONSHIRE CCG,supplier,2,0.0003780718336483932,0.0003016135632006703,35,16522930.97,True,False,True
NHS REDBRIDGE CCG,supplier,2,0.0003780718336483932,0.0003016135632006703,18,6242890.1899999995,True,False,True
NHS SOUTH EAST LONDON CCG,supplier,2,0.0003780718336483932,0.0003016135632006703,61,31855316.580000002,True,False,True
NHS SOUTHWARK CCG,supplier,2,0.0003780718336483932,0.0003016135632006703,29,8603425.86,True,False,True
NOVOSCO,supplier,1,0.0001890359168241966,0.0,6,354869.8,False,False,False
POSITIVE EAST,supplier,1,0.0001890359168241966,0.0,10,305871.4,False,False,False
POSITIVELY UK,supplier,1,0.0001890359168241966,0.0,3,177424.0,False,False,False
PROSPERON NETWORKS,supplier,2,0.0003780718336483932,0.0003016135632006703,6,358608.94,True,False,True
QA,supplier,3,0.0005671077504725899,2.694245084910429e-05,10,968386.4299999999,True,False,True
QUALITY EDUCATION SOLUTIONS,supplier,1,0.0001890359168241966,0.0,2,54353.78,False,False,False
REDWOOD TECHNOLOGIES,supplier,1,0.0001890359168241966,0.0,6,933310.64,False,False,False
SITEKIT HEALTH,supplier,1,0.0001890359168241966,0.0,3,85320.0,False,False,False
SOL TEC,supplier,1,0.0001890359168241966,0.0,3,210587.0,False,False,False
SOLLIS PARTNERSHIP,supplier,1,0.0001890359168241966,0.0,2,167512.3,False,False,False
SYSTECH IT SOLUTIONS,supplier,1,0.0001890359168241966,0.0,3,194400.0,False,False,False
TET,supplier,3,0.0005671077504725899,0.00030744880872935935,134,10650858.01,True,False,True
TPP,supplier,1,0.0001890359168241966,0.0,2,67875.5,False,False,False
VERSION 1 SOLUTIONS,supplier,2,0.0003780718336483932,5.841086615304422e-06,10,788929.9700000001,True,False,True
WAGSTAFF INTERIORS GROUP,supplier,1,0.0001890359168241966,0.0,4,158739.39,False,False,False
WORKFRONT,supplier,1,0.0001890359168241966,0.0,2,54096.0,False,False,False
YOUNG MINDS,supplier,1,0.0001890359168241966,0.0,3,524681.55,False,False,False
ZENDESK,supplier,1,0.0001890359168241966,0.0,2,148224.0,False,False,False
12 POINT CARE,supplier,1,0.0001890359168241966,0.0,14,841364.77,False,False,False
168 MEDICAL GROUP,supplier,1,0.0001890359168241966,0.0,33,3348746.57,False,False,False
2020 DELIVERY,supplier,1,0.0001890359168241966,0.0,6,691200.0,False,False,False
23RED,supplier,1,0.0001890359168241966,0.0,38,2397685.64,False,False,False
2GETHER NHS FOUNDATION TRUST,supplier,1,0.0001890359168241966,0.0,24,2880108.1,False,False,False
365 RESPONSE,supplier,1,0.0001890359168241966,0.0,57,3430170.22,False,False,False
3SIXTY CARE,supplier,1,0.0001890359168241966,0.0,7,734117.23,False,False,False
3W HEALTH K82070,supplier,1,0.0001890359168241966,0.0,11,605485.51,False,False,False
543 DENTAL CENTRE,supplier,1,0.0001890359168241966,0.0,16,496582.0,False,False,False
ABAZIE OD & PARTNER,supplier,1,0.0001890359168241966,0.0,27,828372.9,False,False,False
ABBEY FIELD MEDICAL CENTRE,supplier,1,0.0001890359168241966,0.0,5,169688.91999999998,False,False,False
ABBEY HOUSE MEDICAL PRACTICE,supplier,1,0.0001890359168241966,0.0,21,2488438.22,False,False,False
ABBEY MEAD SURGERY,supplier,1,0.0001890359168241966,0.0,13,826887.33,False,False,False
ABBEY MEDICAL CENTER KENILWORTH,supplier,1,0.0001890359168241966,0.0,23,2693807.79,False,False,False
ABBEY MEDICAL PRACTICE WELLINGBOROUGH,supplier,1,0.0001890359168241966,0.0,38,2832935.53,False,False,False
ABBEY SURGERY TAVISTOCK,supplier,1,0.0001890359168241966,0.0,25,1686635.49,False,False,False
ABBOTT RAPID DIAGNOSTICS,supplier,1,0.0001890359168241966,0.0,2,272988.0,False,False,False
ABBOTTSWOOD MEDICAL CENTRE,supplier,1,0.0001890359168241966,0.0,4,117253.26000000001,False,False,False
ABERTAWE BRO MORGANNWG UNIVERSITY LOCAL HEALTH BOARD,supplier,1,0.0001890359168241966,0.0,3,326521.0,False,False,False
ABINGDON SURGERY,supplier,1,0.0001890359168241966,0.0,3,82019.18,False,False,False
ABINGTON MEDICAL CENTRE,supplier,1,0.0001890359168241966,0.0,32,2570435.97,False,False,False
ABINGTON PARK SURGERY,supplier,1,0.0001890359168241966,0.0,19,1423998.86,False,False,False
ABL HEALTH,supplier,1,0.0001890359168241966,0.0,5,288746.89,False,False,False
ABRAHAM K K & PARTNER,supplier,1,0.0001890359168241966,0.0,29,1388151.24,False,False,False
ACADEMIC HEALTH SCIENCE NETWORK FOR THE NORTH EAST & NORTH CUMBRIA,supplier,2,0.0003780718336483932,0.0,85,34675070.18,True,False,True
ACADEMY FOR HEALTHCARE SCIENCE,supplier,1,0.0001890359168241966,0.0,16,2057698.0,False,False,False
ACADEMY OF MEDICAL ROYAL COLLEGES,supplier,1,0.0001890359168241966,0.0,15,1155830.6099999999,False,False,False
ACCENTURE UK,supplier,2,0.0003780718336483932,0.0,411,129020706.5,True,True,True
ACCESS DENTAL,supplier,1,0.0001890359168241966,0.0,6,757422.94,False,False,False
ACCESS HEALTH CARE,supplier,1,0.0001890359168241966,0.0,6,235630.13,False,False,False
ACCESS INTELLIGENCE MEDIA & COMMUNICATIONS,supplier,1,0.0001890359168241966,0.0,3,140988.7,False,False,False
ACCESS UK,supplier,2,0.0003780718336483932,0.00026547282920475195,16,1562056.1,True,False,True
ACCURX,supplier,1,0.0001890359168241966,0.0,59,21329415.74,False,False,False
ACE CENTRE NORTH,supplier,1,0.0001890359168241966,0.0,74,23358751.47,False,False,False
ACF TECHNOLOGIES UK,supplier,1,0.0001890359168241966,0.0,24,4315493.41,False,False,False
ACHOR HEALTHCARE,supplier,1,0.0001890359168241966,0.0,16,423375.28,False,False,False
ACIME UK,supplier,1,0.0001890359168241966,0.0,3,356406.63,False,False,False
ACORN D J & PARTNER,supplier,1,0.0001890359168241966,0.0,27,943048.83,False,False,False
ACORN GROUP PRACTICE,supplier,1,0.0001890359168241966,0.0,9,376598.32,False,False,False
ACORNS CHILDRENS HOSPICE TRUST,supplier,1,0.0001890359168241966,0.0,5,7835386.0,False,False,False
ACORNS SURGERY,supplier,1,0.0001890359168241966,0.0,2,239947.34999999998,False,False,False
ACS BUSINESS SUPPLIES,supplier,1,0.0001890359168241966,0.0,7,854316.97,False,False,False
ACTION FOR CHILDREN,supplier,1,0.0001890359168241966,0.0,2,116430.0,False,False,False
ACTION FOR CHILDREN SERVICES,supplier,1,0.0001890359168241966,0.0,2,290559.19,False,False,False
ACTIVE CARE GROUP,supplier,1,0.0001890359168241966,0.0,30,9866494.38,False,False,False
ACTIVE NEURO,supplier,1,0.0001890359168241966,0.0,20,8030878.13,False,False,False
ADAM PRACTICE,supplier,1,0.0001890359168241966,0.0,35,2436673.17,False,False,False
ADAMARIS,supplier,1,0.0001890359168241966,0.0,6,195733.8,False,False,False
ADDACTION,supplier,1,0.0001890359168241966,0.0,30,2056238.02,False,False,False
ADDERLEY GREEN MEDICAL SERVICES,supplier,1,0.0001890359168241966,0.0,10,636807.97,False,False,False
ADELAIDE ST SURGERY WATERFRONT LCG,supplier,1,0.0001890359168241966,0.0,3,94190.49,False,False,False
ADELAIDE STREET SURGERY,supplier,1,0.0001890359168241966,0.0,13,638586.7,False,False,False
ADUR HEALTH PARTNERSHIP,supplier,1,0.0001890359168241966,0.0,8,427847.27999999997,False,False,False
ADUR MEDICAL GROUP,supplier,1,0.0001890359168241966,0.0,6,292824.52,False,False,False
ADVANCED 365,supplier,1,0.0001890359168241966,0.0,86,6856530.33,False,False,False
ADVANCED BUSINESS SOFTWARE AND SOLUTIONS,supplier,1,0.0001890359168241966,0.0,10,5853670.55,False,False,False
ADVANCED HEALTH & CARE,supplier,1,0.0001890359168241966,0.0,3,222711.72,False,False,False
AECC UNIVERSITY COLLEGE,supplier,1,0.0001890359168241966,0.0,3,399800.0,False,False,False
AGE UK,supplier,1,0.0001890359168241966,0.0,27,5500655.3,False,False,False
AGE UK LONDON,supplier,1,0.0001890359168241966,0.0,5,959295.0,False,False,False
AGILIA INFRASTRUCTURE PARTNERS,supplier,1,0.0001890359168241966,0.0,9,238035.0,False,False,False
AHMAD M & PARTNERS,supplier,1,0.0001890359168241966,0.0,3,150794.04,False,False,False
AHMED I & PTS,supplier,1,0.0001890359168241966,0.0,14,1323301.94,False,False,False
AHSAN OPTICAL,supplier,1,0.0001890359168241966,0.0,9,365515.85,False,False,False
AIMEDIADATA LTD TA VUELIO,supplier,1,0.0001890359168241966,0.0,2,124560.0,False,False,False
AINSDALE MEDICAL CENTRE,supplier,1,0.0001890359168241966,0.0,25,1722628.75,False,False,False
AINSWORTH D & PARTNERS,supplier,1,0.0001890359168241966,0.0,28,1221222.09,False,False,False
AINTREE UNIVERSITY HOSPITALS NHS FOUNDATION TRUST,supplier,1,0.0001890359168241966,0.0,85,50914799.57,False,False,False
AIR BALLOON SURGERY,supplier,1,0.0001890359168241966,0.0,2,60812.7,False,False,False
AIRE LOGIC,supplier,1,0.0001890359168241966,0.0,548,78058083.5,False,True,True
AIRE VALLEY SURGERY,supplier,1,0.0001890359168241966,0.0,2,58889.42,False,False,False
AKAMAI TECHNOLOGIES,supplier,1,0.0001890359168241966,0.0,15,864716.65,False,False,False
AKERMAN MEDICAL PRACTICE,supplier,1,0.0001890359168241966,0.0,6,306978.73,False,False,False
AKESO & COMPANY,supplier,1,0.0001890359168241966,0.0,7,535425.0,False,False,False
ALAM N,supplier,1,0.0001890359168241966,0.0,3,113719.60999999999,False,False,False
ALBANY HOUSE MEDICAL CENTRE,supplier,1,0.0001890359168241966,0.0,17,2060928.06,False,False,False
ALBANY SURGERY NEWTON ABBOT,supplier,1,0.0001890359168241966,0.0,4,261183.88,False,False,False
ALDER HEY CHILDRENS NHS FOUNDATION TRUST,supplier,1,0.0001890359168241966,0.0,644,1078140679.66,False,True,True
ALDERGATE MEDICAL PRACTICE,supplier,1,0.0001890359168241966,0.0,2,55581.5,False,False,False
ALEXANDER DEVINE CHILDRENS HOSPICE SERVICE,supplier,1,0.0001890359168241966,0.0,5,771347.0,False,False,False
ALEXANDRA OPTICIANS,supplier,1,0.0001890359168241966,0.0,8,255386.26,False,False,False
ALI A & PARTNER,supplier,1,0.0001890359168241966,0.0,15,542474.52,False,False,False
ALL4HOLDINGS LTD TA ALL4MATERNITY,supplier,1,0.0001890359168241966,0.0,3,89996.4,False,False,False
ALLIANCE FOR BETTER CARE,supplier,1,0.0001890359168241966,0.0,32,1460142.74,False,False,False
ALLIANCE FOR BETTER CARE CIC,supplier,1,0.0001890359168241966,0.0,4,333802.31,False,False,False
ALLIED PUBLICITY SERVICES MANCHESTER LTD TA APS GROUP,supplier,1,0.0001890359168241966,0.0,131,12014664.6,False,False,False
ALLOCATE SOFTWARE,supplier,1,0.0001890359168241966,0.0,13,986246.07,False,False,False
ALLUM MEDICAL CENTRE,supplier,1,0.0001890359168241966,0.0,7,421187.78,False,False,False
ALMAN R & PARTNERS,supplier,1,0.0001890359168241966,0.0,43,1996001.71,False,False,False
ALSTROM SYNDROME UK,supplier,1,0.0001890359168241966,0.0,5,271090.39,False,False,False
ALTON STREET SURGERY,supplier,1,0.0001890359168241966,0.0,6,192587.69,False,False,False
ALVERTON PRACTICE,supplier,1,0.0001890359168241966,0.0,12,604594.5599999999,False,False,False
ALWOODLEY MEDICAL CENTRE,supplier,1,0.0001890359168241966,0.0,20,1646499.49,False,False,False
ALYMER LODGE COOKLEY PARTNERSHIP,supplier,1,0.0001890359168241966,0.0,4,134834.18,False,False,False
AMADEUS SOFTWARE,supplier,1,0.0001890359168241966,0.0,2,171760.0,False,False,False
AMAROX,supplier,1,0.0001890359168241966,0.0,64,9914370.200000001,False,False,False
AMBERJACK GLOBAL,supplier,1,0.0001890359168241966,0.0,6,518436.0,False,False,False
AMBROSE AVENUE GROUP PRACTICE,supplier,1,0.0001890359168241966,0.0,62,2700471.33,False,False,False
AMERSHAM HEALTH CENTRE,supplier,1,0.0001890359168241966,0.0,8,622829.27,False,False,False
AMHERST MEDICAL,supplier,1,0.0001890359168241966,0.0,19,1494462.96,False,False,False
AMPTHILL PRACTICE,supplier,1,0.0001890359168241966,0.0,13,825003.72,False,False,False
AMS INTERNATIONAL,supplier,1,0.0001890359168241966,0.0,5,211920.07,False,False,False
AMWELL PRACTICE,supplier,1,0.0001890359168241966,0.0,13,1984724.25,False,False,False
ANCORA MEDICAL PRACTICE,supplier,1,0.0001890359168241966,0.0,13,1067319.8599999999,False,False,False
ANDOVER HEALTH CENTRE MEDICAL PRACTICE,supplier,1,0.0001890359168241966,0.0,2,52543.380000000005,False,False,False
ANDOVER MEDICAL CENTRE,supplier,1,0.0001890359168241966,0.0,6,221434.35,False,False,False
ANDREOU & PARTNERS,supplier,1,0.0001890359168241966,0.0,4,151414.76,False,False,False
ANENTA,supplier,1,0.0001890359168241966,0.0,16,667172.93,False,False,False
ANEURIN BEVAN LOCAL HEALTH BOARD,supplier,1,0.0001890359168241966,0.0,2,102240.72,False,False,False
ANGLIA RUSKIN UNIVERSITY,supplier,1,0.0001890359168241966,0.0,76,11348128.01,False,False,False
ANNA FREUD CENTRE,supplier,1,0.0001890359168241966,0.0,43,11717101.2,False,False,False
ANSDELL MEDICAL CENTRE,supplier,1,0.0001890359168241966,0.0,2,54283.759999999995,False,False,False
ANSWER DIGITAL,supplier,1,0.0001890359168241966,0.0,114,8561603.5,False,False,False
APM GROUP,supplier,1,0.0001890359168241966,0.0,2,75000.0,False,False,False
APOLLO EDUCATION UK,supplier,1,0.0001890359168241966,0.0,2,1000000.0,False,False,False
APOLLO TELERADIOLOGY PRIVATE,supplier,1,0.0001890359168241966,0.0,3,1594728.0,False,False,False
AQUILANT LTD TA AQUILANT MEDICAL,supplier,1,0.0001890359168241966,0.0,41,7052255.2,False,False,False
ARCH HEALTH CIC,supplier,1,0.0001890359168241966,0.0,33,4805392.78,False,False,False
ARCHERS PRACTICE,supplier,1,0.0001890359168241966,0.0,2,88465.94,False,False,False
ARDEN HOUSE MEDICAL PRACTICE,supplier,1,0.0001890359168241966,0.0,19,1861982.3699999999,False,False,False
ARLESEY MEDICAL CENTRE SUNNY HILL CIC,supplier,1,0.0001890359168241966,0.0,3,104485.8,False,False,False
ARMADA FAMILY PRACTICE,supplier,1,0.0001890359168241966,0.0,2,58141.2,False,False,False
ARNEWOOD PRACTICE,supplier,1,0.0001890359168241966,0.0,17,1222601.02,False,False,False
ARORA SC,supplier,1,0.0001890359168241966,0.0,3,87710.44,False,False,False
ARTHUR MEDICAL CENTRE,supplier,1,0.0001890359168241966,0.0,4,406197.04000000004,False,False,False
AS GILL & P CHEEMA,supplier,1,0.0001890359168241966,0.0,9,385062.83999999997,False,False,False
ASCENSION QUALITY,supplier,1,0.0001890359168241966,0.0,2,53712.5,False,False,False
ASCKEY DATA SERVICES,supplier,1,0.0001890359168241966,0.0,2,98100.0,False,False,False
ASH,supplier,1,0.0001890359168241966,0.0,2,95000.0,False,False,False
ASHBY TURN PRIMARY CARE PARTNERS,supplier,1,0.0001890359168241966,0.0,4,307820.93,False,False,False
ASHCROFT SURGERY,supplier,1,0.0001890359168241966,0.0,3,93997.03,False,False,False
ASHDOWN FOREST HEALTH CENTRE,supplier,1,0.0001890359168241966,0.0,2,60366.72,False,False,False
ASHFIELDS PRIMARY CARE CENTRE,supplier,1,0.0001890359168241966,0.0,29,2328485.16,False,False,False
ASHFIELDS PRIMARY CARE CENTRE N81032,supplier,1,0.0001890359168241966,0.0,2,110221.96,False,False,False
ASHFORD & ST PETERS HOSPITALS NHSFT,supplier,1,0.0001890359168241966,0.0,725,291932480.87,False,True,True
ASHFORD A L & PARTNERS,supplier,1,0.0001890359168241966,0.0,5,170887.22999999998,False,False,False
ASHINGDON MEDICAL CENTRE,supplier,1,0.0001890359168241966,0.0,2,185000.0,False,False,False
ASHLEY CENTRE SURGERY,supplier,1,0.0001890359168241966,0.0,2,66240.0,False,False,False
ASHTON MEDICAL CENTRE,supplier,1,0.0001890359168241966,0.0,10,571046.52,False,False,False
ASHTON MEDICAL GROUP,supplier,1,0.0001890359168241966,0.0,6,241334.56,False,False,False
ASHWORTH STREET SURGERY,supplier,1,0.0001890359168241966,0.0,2,92596.26000000001,False,False,False
ASPEN HEALTHCARE,supplier,1,0.0001890359168241966,0.0,88,67298864.69,False,False,False
ASPEN MEDICAL PRACTICE,supplier,1,0.0001890359168241966,0.0,12,567186.76,False,False,False
ASPEN MEDICAL PRACTICE L84026,supplier,1,0.0001890359168241966,0.0,2,106041.26000000001,False,False,False
ASPIRE,supplier,1,0.0001890359168241966,0.0,13,637500.0,False,False,False
ASPIRO HEALTHCARE,supplier,1,0.0001890359168241966,0.0,78,4653964.63,False,False,False
ASPLANDS MEDICAL CENTRE,supplier,1,0.0001890359168241966,0.0,3,258779.82,False,False,False
ASPLEY MEDICAL CENTRE,supplier,1,0.0001890359168241966,0.0,4,131000.64000000001,False,False,False
ASSOCIATE DEVELOPMENT SOLUTIONS,supplier,1,0.0001890359168241966,0.0,4,1152898.8,False,False,False
ASSOCIATION FOR YOUNG PEOPLES HEALTH,supplier,1,0.0001890359168241966,0.0,2,75000.0,False,False,False
ASSOCIATION OF AMBULANCE CHIEF EXECUTIVES,supplier,1,0.0001890359168241966,0.0,6,270666.94,False,False,False
ASSOCIATION OF CLINICAL PASTORAL EDUCATION IRELAND,supplier,1,0.0001890359168241966,0.0,2,100000.0,False,False,False
ASSURA HC,supplier,1,0.0001890359168241966,0.0,6,5535783.66,False,False,False
ASTHMA UK AND BRITISH LUNG FOUNDATION PARTNERSHIP,supplier,1,0.0001890359168241966,0.0,2,218070.0,False,False,False
ASTON HEALTHCARE,supplier,1,0.0001890359168241966,0.0,2,61949.89,False,False,False
ASTON UNIVERSITY,supplier,1,0.0001890359168241966,0.0,22,5912415.07,False,False,False
AT MEDICS LTD WHITECHAPEL HEALTH CENTRE,supplier,1,0.0001890359168241966,0.0,3,234670.06,False,False,False
AT MEDICS STREATHAM PLACE,supplier,1,0.0001890359168241966,0.0,7,818232.91,False,False,False
AT WORK PARTNERSHIP,supplier,1,0.0001890359168241966,0.0,3,211200.0,False,False,False
ATAMIS,supplier,1,0.0001890359168241966,0.0,3,198300.0,False,False,False
ATLANTIC ENTERPRISE UK,supplier,1,0.0001890359168241966,0.0,81,4599482.11,False,False,False
ATLANTIC MEDICAL GROUP,supplier,1,0.0001890359168241966,0.0,2,75314.16,False,False,False
ATLANTIC MEDICAL GROUP L82038,supplier,1,0.0001890359168241966,0.0,11,873605.72,False,False,False
ATOS IT SERVICES UK,supplier,1,0.0001890359168241966,0.0,233,25596157.83,False,True,True
ATTAIN HEALTH MANAGEMENT SERVICES,supplier,2,0.0003780718336483932,0.00022846293924491125,18,937321.5700000001,True,False,True
ATTENBOROUGH SURGERY,supplier,1,0.0001890359168241966,0.0,13,982492.6000000001,False,False,False
AUCKLAND MEDICAL GROUP,supplier,1,0.0001890359168241966,0.0,13,822220.72,False,False,False
AUDLEM MEDICAL PRACTICE,supplier,1,0.0001890359168241966,0.0,24,1455582.86,False,False,False
AUGHTON SURGERY,supplier,1,0.0001890359168241966,0.0,11,715007.52,False,False,False
AUTOMATEPRO,supplier,1,0.0001890359168241966,0.0,3,170292.0,False,False,False
AVENUE HOUSE SURGERY,supplier,1,0.0001890359168241966,0.0,13,983735.87,False,False,False
AVENUE MEDICAL CENTRE,supplier,1,0.0001890359168241966,0.0,6,486483.18,False,False,False
AVENUE SURGERYTHE,supplier,1,0.0001890359168241966,0.0,7,268761.22000000003,False,False,False
AVENUES MEDICAL CENTRE,supplier,1,0.0001890359168241966,0.0,19,1328000.28,False,False,False
AVOLUTION UK,supplier,1,0.0001890359168241966,0.0,2,122226.25,False,False,False
AVON AND WILTSHIRE MENTAL HEALTH PARTNERSHIP NHS TRUST,supplier,1,0.0001890359168241966,0.0,504,227754486.24,False,True,True
AVON LOCAL PHARMACEUTICAL COMMITTEE,supplier,1,0.0001890359168241966,0.0,2,170000.0,False,False,False
AW SURGERIES,supplier,1,0.0001890359168241966,0.0,14,713090.43,False,False,False
AWAY FROM MY DESK,supplier,1,0.0001890359168241966,0.0,3,342524.16000000003,False,False,False
AXBRIDGE & WEDMORE MEDICAL PRACTICE L85055,supplier,1,0.0001890359168241966,0.0,2,145261.66,False,False,False
AXIA DIGITAL,supplier,1,0.0001890359168241966,0.0,4,113116.0,False,False,False
AXIOLOGIK,supplier,2,0.0003780718336483932,0.00022823447630566636,46,6210842.58,True,False,True
AXMINSTER MEDICAL PRACTICE,supplier,1,0.0001890359168241966,0.0,17,916176.6,False,False,False
B BRAUN AVITUM UK,supplier,1,0.0001890359168241966,0.0,37,2033447.34,False,False,False
B BRAUN MEDICAL,supplier,1,0.0001890359168241966,0.0,25,1415994.0,False,False,False
B SOL LPC,supplier,1,0.0001890359168241966,0.0,5,366543.1,False,False,False
B2I HEALTHCARE KFT,supplier,1,0.0001890359168241966,0.0,3,416000.0,False,False,False
BABY LIFELINE TRAINING,supplier,1,0.0001890359168241966,0.0,2,154459.0,False,False,False
BACK UP TRUST,supplier,1,0.0001890359168241966,0.0,13,600000.0,False,False,False
BADGERSWOOD SURGERY,supplier,1,0.0001890359168241966,0.0,8,356844.92000000004,False,False,False
BAE SYSTEMS APPLIED INTELLIGENCE,supplier,1,0.0001890359168241966,0.0,10,996000.0,False,False,False
BAILEY M C & PARTNERS,supplier,1,0.0001890359168241966,0.0,29,1674303.96,False,False,False
BAIN AND COMPANY INC UNITED KINGDOM,supplier,1,0.0001890359168241966,0.0,2,506400.0,False,False,False
BALANCE STREET PRACTICE,supplier,1,0.0001890359168241966,0.0,40,4723206.18,False,False,False
BALFOUR MEDICAL CENTRE,supplier,1,0.0001890359168241966,0.0,27,996831.27,False,False,False
BALL TREE SURGERY,supplier,1,0.0001890359168241966,0.0,4,148009.7,False,False,False
BALMORE PARK SURGERY,supplier,1,0.0001890359168241966,0.0,15,677506.95,False,False,False
BALSALL COMMON AND MERIDEN GROUP M89016,supplier,1,0.0001890359168241966,0.0,2,58585.58,False,False,False
BANCROFT MEDICAL CENTRE,supplier,1,0.0001890359168241966,0.0,11,613648.4199999999,False,False,False
BANKFIELD SURGERY,supplier,1,0.0001890359168241966,0.0,19,1116423.64,False,False,False
BAPEN,supplier,1,0.0001890359168241966,0.0,3,157399.2,False,False,False
BAPIO TRAINING ACADEMY,supplier,1,0.0001890359168241966,0.0,5,1140000.0,False,False,False
BAPO,supplier,1,0.0001890359168241966,0.0,2,320000.0,False,False,False
BARDETBIEDL SYNDROME UK BBS UK,supplier,1,0.0001890359168241966,0.0,2,98350.0,False,False,False
BARDOC,supplier,1,0.0001890359168241966,0.0,2,683210.0,False,False,False
BARKANTINE PRACTICE,supplier,1,0.0001890359168241966,0.0,2,73138.42000000001,False,False,False
BARKHAM J D T & PARTNER,supplier,1,0.0001890359168241966,0.0,27,1308387.0,False,False,False
BARKING HAVERING AND REDBRIDGE HOSPITALS NHS TRUST,supplier,1,0.0001890359168241966,0.0,631,857208696.21,False,True,True
BARKING HAVERING&REDBRIDGE HOSPITALS NHS TRUST,supplier,1,0.0001890359168241966,0.0,52,47583523.06,False,False,False
BARKING MEDICAL GROUP PRACTICE F82018,supplier,1,0.0001890359168241966,0.0,2,103638.72,False,False,False
BARKING SPECSAVERS,supplier,1,0.0001890359168241966,0.0,14,423269.36,False,False,False
BARNARD CASTLE SURGERY,supplier,1,0.0001890359168241966,0.0,19,1023258.1,False,False,False
BARNARDOS,supplier,1,0.0001890359168241966,0.0,11,1881256.0,False,False,False
BARNET ENFIELD AND HARINGEY MENTAL HEALTH NHS TRUST,supplier,1,0.0001890359168241966,0.0,402,894335415.77,False,True,True
BARNET FEDERATED GPS,supplier,1,0.0001890359168241966,0.0,5,205833.0,False,False,False
BARNFIELD HILL SURGERY,supplier,1,0.0001890359168241966,0.0,3,153851.25,False,False,False
BARNSLEY HEALTHCARE FEDERATION,supplier,1,0.0001890359168241966,0.0,32,7207436.32,False,False,False
BARNSLEY HEALTHCARE FEDERATION CIC GOLDTHORPE,supplier,1,0.0001890359168241966,0.0,8,807121.98,False,False,False
BARNSLEY HOSPITAL NHS FOUNDATION TRUST,supplier,1,0.0001890359168241966,0.0,537,164413252.49,False,True,True
BARNSLEY METROPOLITAN BOROUGH COUNCIL,supplier,1,0.0001890359168241966,0.0,2,131595.0,False,False,False
BARRACK LANE MEDICAL CENTRE,supplier,1,0.0001890359168241966,0.0,7,312194.1,False,False,False
BARRIER NETWORKS,supplier,1,0.0001890359168241966,0.0,3,249768.0,False,False,False
BARTHOLOMEW MEDICAL GROUP,supplier,1,0.0001890359168241966,0.0,9,444641.24,False,False,False
BARTLETT GROUP PRACTICE,supplier,1,0.0001890359168241966,0.0,4,145648.68,False,False,False
BARTON HOUSE SURGERY,supplier,1,0.0001890359168241966,0.0,8,824681.2999999999,False,False,False
BARTON SURGERY DAWLISH,supplier,1,0.0001890359168241966,0.0,8,497597.44,False,False,False
BARWELL & HOLLYCROFT MEDICAL CENTRE,supplier,1,0.0001890359168241966,0.0,7,537664.4,False,False,False
BASILDON & THURROCK UNIVERSITY HOSPITALS NHS FOUNDATION TRUST,supplier,1,0.0001890359168241966,0.0,99,88415830.26,False,False,False
BASIS RESEARCH,supplier,1,0.0001890359168241966,0.0,3,161253.0,False,False,False
BASLOW ROAD & SHOREHAM STREET SURGERIES,supplier,1,0.0001890359168241966,0.0,2,260886.16,False,False,False
BASSETT ROAD MEDICAL PRACTICE,supplier,1,0.0001890359168241966,0.0,7,448558.9,False,False,False
BATES & PARTNERS RICHMOND,supplier,1,0.0001890359168241966,0.0,4,186321.54,False,False,False
BATES & PARTNERS WIRRAL,supplier,1,0.0001890359168241966,0.0,29,1432955.08,False,False,False
BATES IT,supplier,1,0.0001890359168241966,0.0,12,413186.57,False,False,False
BATHEASTON MEDICAL CENTRE,supplier,1,0.0001890359168241966,0.0,14,611418.1,False,False,False
BATTERSEA BRIDGE HOUSE,supplier,1,0.0001890359168241966,0.0,24,5713933.77,False,False,False
BAY MEDICAL GROUP,supplier,1,0.0001890359168241966,0.0,35,3514574.79,False,False,False
BAY MEDICAL PRACTICE THE,supplier,1,0.0001890359168241966,0.0,21,1167785.26,False,False,False
BCN GROUP,supplier,1,0.0001890359168241966,0.0,2,171360.0,False,False,False
BDO,supplier,1,0.0001890359168241966,0.0,5,351251.73,False,False,False
BEACON GP CARE,supplier,1,0.0001890359168241966,0.0,11,686563.0,False,False,False
BEACON MEDICAL,supplier,1,0.0001890359168241966,0.0,3,93644.28,False,False,False
BEACON MEDICAL GROUP,supplier,1,0.0001890359168241966,0.0,25,2024205.65,False,False,False
BEACON SURGERY,supplier,1,0.0001890359168241966,0.0,2,68805.91,False,False,False
BEARSTED MEDICAL PRACTICE,supplier,1,0.0001890359168241966,0.0,4,105901.62,False,False,False
BEAUFORT ROAD SURGERY,supplier,1,0.0001890359168241966,0.0,13,1057056.0899999999,False,False,False
BEAUMONT LODGE MEDICAL PRACTICE,supplier,1,0.0001890359168241966,0.0,10,468212.38,False,False,False
BEAUMONT VILLA SURGERY,supplier,1,0.0001890359168241966,0.0,4,346370.88,False,False,False
BEAVER HEALTHCARE,supplier,1,0.0001890359168241966,0.0,20,1288873.2,False,False,False
BECCLES MEDICAL CENTRE,supplier,1,0.0001890359168241966,0.0,15,970032.1799999999,False,False,False
BECKETT HOUSE PRACTICE,supplier,1,0.0001890359168241966,0.0,2,70909.23,False,False,False
BECKINGTON FAMILY PRACTICE,supplier,1,0.0001890359168241966,0.0,4,261382.80000000002,False,False,False
BECKTON SPECSAVERS LTD TA SPECSAVERS OPTICIANS,supplier,1,0.0001890359168241966,0.0,4,118237.56,False,False,False
BEDFORD HOSPITAL NHS TRUST,supplier,1,0.0001890359168241966,0.0,98,36045554.76,False,False,False
BEDFORDSHIRE HOSPITAL FOUNDATION TRUST,supplier,1,0.0001890359168241966,0.0,670,505392573.34,False,True,True
BEDLINGTONSHIRE MEDICAL GROUP,supplier,1,0.0001890359168241966,0.0,3,83794.08,False,False,False
BEDWELL MEDICAL CENTRE,supplier,1,0.0001890359168241966,0.0,6,293801.52,False,False,False
BEECH HILL MEDICAL CENTRE,supplier,1,0.0001890359168241966,0.0,2,77806.34,False,False,False
BEECH TREE SURGERY,supplier,1,0.0001890359168241966,0.0,16,571846.96,False,False,False
BEECHES GREEN SURGERY L84039,supplier,1,0.0001890359168241966,0.0,2,142973.0,False,False,False
BEECHWOOD MEDICAL PRACTICE,supplier,1,0.0001890359168241966,0.0,14,751156.7,False,False,False
BEECHWOOD SURGERY,supplier,1,0.0001890359168241966,0.0,10,987076.48,False,False,False
BEECHWOOD SURGERY F81023,supplier,1,0.0001890359168241966,0.0,2,163940.36,False,False,False
BEHAVIOURAL INSIGHTS,supplier,1,0.0001890359168241966,0.0,10,461290.19,False,False,False
BEHCETS PATIENTS CENTRES,supplier,1,0.0001890359168241966,0.0,2,55700.0,False,False,False
BELGRAVE MEDICAL CENTRE,supplier,1,0.0001890359168241966,0.0,2,100786.26999999999,False,False,False
BELLEGROVE ROAD SURGERY,supplier,1,0.0001890359168241966,0.0,13,821136.34,False,False,False
BENENDEN HOSPITAL TRUST,supplier,1,0.0001890359168241966,0.0,26,8648521.94,False,False,False
BENNETTS END SURGERY,supplier,1,0.0001890359168241966,0.0,4,122031.38,False,False,False
BENTHAM MEDICAL PRACTICE,supplier,1,0.0001890359168241966,0.0,4,203271.73,False,False,False
BENTLEY MEDICAL PRACTICE,supplier,1,0.0001890359168241966,0.0,19,1320410.74,False,False,False
BERKSHIRE HEALTHCARE NHS FOUNDATION TRUST,supplier,2,0.0003780718336483932,0.00022846293924491125,515,145013036.24,True,True,True
BERRY LANE MEDICAL CENTRE,supplier,1,0.0001890359168241966,0.0,7,909711.12,False,False,False
BETHESDA MEDICAL CENTRE,supplier,1,0.0001890359168241966,0.0,10,366428.54000000004,False,False,False
BETSI CADWALADR UNIVERSITY LHB,supplier,1,0.0001890359168241966,0.0,64,13986347.540000001,False,False,False
BEVAN BRITTAN,supplier,1,0.0001890359168241966,0.0,90,29718338.23,False,False,False
BEVAN HEALTHCARE CIC,supplier,1,0.0001890359168241966,0.0,6,406457.58,False,False,False
BEWBUSH MEDICAL CENTRE,supplier,1,0.0001890359168241966,0.0,17,741497.48,False,False,False
BEWDLEY MEDICAL CENTRE,supplier,1,0.0001890359168241966,0.0,3,96665.5,False,False,False
BEWICK CRESCENT SURGERY,supplier,1,0.0001890359168241966,0.0,2,50571.619999999995,False,False,False
BG HEALTH & GRANTON MEDICAL CENTRE,supplier,1,0.0001890359168241966,0.0,13,2276214.67,False,False,False
BHAM WOMENS & CHILDRENS NHS FT,supplier,1,0.0001890359168241966,0.0,28,36720463.24,False,False,False
BHARANI MEDICAL CENTRE,supplier,1,0.0001890359168241966,0.0,2,53628.72,False,False,False
BIDEFORD MEDICAL CENTRE BIDEFORD,supplier,1,0.0001890359168241966,0.0,5,421867.51,False,False,False
BIDFORD ON AVON HEALTH CENTRE,supplier,1,0.0001890359168241966,0.0,6,204037.64,False,False,False
BIG HEALTH,supplier,1,0.0001890359168241966,0.0,2,645372.0,False,False,False
BIG WHITE WALL,supplier,1,0.0001890359168241966,0.0,2,52560.0,False,False,False
BILLINGSHURST SURGERY,supplier,1,0.0001890359168241966,0.0,14,782832.23,False,False,False
BILLIONS INSTITUTE LLC THE,supplier,1,0.0001890359168241966,0.0,2,85250.542279373,False,False,False
BILSTON URBAN VILLAGE MEDICAL CENTRE,supplier,1,0.0001890359168241966,0.0,9,643834.23,False,False,False
BINGLEY MEDICAL PRACTICE,supplier,1,0.0001890359168241966,0.0,2,246090.88,False,False,False
BIRBECK MEDICAL GROUP,supplier,1,0.0001890359168241966,0.0,24,1520798.14,False,False,False
BIRCHES MEDICAL PRACTICE,supplier,1,0.0001890359168241966,0.0,3,174777.33000000002,False,False,False
BIRCHWOOD MEDICAL PRACTICE HORLEY,supplier,1,0.0001890359168241966,0.0,4,378332.85,False,False,False
BIRMINGHAM & SOLIHULL LIFT,supplier,1,0.0001890359168241966,0.0,3,136161.9,False,False,False
BIRMINGHAM & SOLIHULL MENTAL HEALTH NHS FOUNDATION TRUST,supplier,1,0.0001890359168241966,0.0,626,979993400.04,False,True,True
BIRMINGHAM 2 DOMICILIARY SPECSAVERS,supplier,1,0.0001890359168241966,0.0,10,436295.17000000004,False,False,False
BIRMINGHAM CITY COUNCIL,supplier,1,0.0001890359168241966,0.0,5,677586.46,False,False,False
BIRMINGHAM CITY UNIVERSITY,supplier,1,0.0001890359168241966,0.0,50,3845595.29,False,False,False
BIRMINGHAM COMMUNITY HEALTHCARE NHS FOUNDATION TRUST,supplier,1,0.0001890359168241966,0.0,499,362003252.97,False,True,True
BIRMINGHAM LDC,supplier,1,0.0001890359168241966,0.0,6,200000.0,False,False,False
BIRMINGHAM TRUST FOR PSYCHOANALYTIC PSYCHOTHERAPY,supplier,1,0.0001890359168241966,0.0,17,1226323.53,False,False,False
BIRMINGHAM WOMENS AND CHILDRENS NHS FOUNDATION TRUST,supplier,1,0.0001890359168241966,0.0,936,1957166766.01,False,True,True
BISHOPS WALTHAM SURGERY,supplier,1,0.0001890359168241966,0.0,24,1670899.8,False,False,False
BJSS,supplier,1,0.0001890359168241966,0.0,752,177218527.07,False,True,True
BLACK COUNTRY HEALTHCARE NHS FOUNDATION TRUST,supplier,1,0.0001890359168241966,0.0,151,61718760.32,False,False,False
BLACK COUNTRY PARTNERSHIP NHS FOUNDATION TRUST,supplier,1,0.0001890359168241966,0.0,27,6726172.35,False,False,False
BLACK LONG THOMAS DAS WRIGHT VELTMAN & PARTNERS,supplier,1,0.0001890359168241966,0.0,2,59015.5,False,False,False
BLACK PEAR SOFTWARE,supplier,1,0.0001890359168241966,0.0,9,450433.06,False,False,False
BLACKBROOK SURGERY LISIEUX WAY TAUNTON,supplier,1,0.0001890359168241966,0.0,17,1223788.23,False,False,False
BLACKDOWN COUNTRY PRACTICE HEMYOCK,supplier,1,0.0001890359168241966,0.0,3,145110.74,False,False,False
BLACKDOWN PRACTICE THE,supplier,1,0.0001890359168241966,0.0,4,157134.11,False,False,False
BLACKHALL & PETERLEE PRACTICE,supplier,1,0.0001890359168241966,0.0,4,124546.25,False,False,False
BLACKMORE HEALTH CENTRE SIDMOUTH,supplier,1,0.0001890359168241966,0.0,3,375702.78,False,False,False
BLACKMORE VALE PARTNERSHIP THE,supplier,1,0.0001890359168241966,0.0,5,361011.54,False,False,False
BLACKPOOL TEACHING HOSPITALS NHS FOUNDATION TRUST,supplier,1,0.0001890359168241966,0.0,887,778404162.95,False,True,True
BLACKTHORN HEALTH CENTRE,supplier,1,0.0001890359168241966,0.0,17,1068364.78,False,False,False
BLAKE MORGAN,supplier,1,0.0001890359168241966,0.0,59,3009937.56,False,False,False
BLAKEWATER HEALTHCARE P81704,supplier,1,0.0001890359168241966,0.0,2,131117.6,False,False,False
BLEND ASSOCIATES,supplier,1,0.0001890359168241966,0.0,3,100776.2,False,False,False
BLENHEIM MEDICAL CENTRE,supplier,1,0.0001890359168241966,0.0,12,605697.79,False,False,False
BLISS,supplier,1,0.0001890359168241966,0.0,2,209534.0,False,False,False
BLOOMFIELD MEDICAL CENTRE,supplier,1,0.0001890359168241966,0.0,2,138720.0,False,False,False
BLOOMREACH BV,supplier,1,0.0001890359168241966,0.0,2,1058297.58,False,False,False
BLUE SKY DENTAL,supplier,1,0.0001890359168241966,0.0,2,99000.0,False,False,False
BLUEBELL WOOD CHILDRENS HOSPICE,supplier,1,0.0001890359168241966,0.0,5,2472965.0,False,False,False
BMF HUMAN PERFORMANCE,supplier,1,0.0001890359168241966,0.0,3,270000.0,False,False,False
BMI HEALTHCARE,supplier,1,0.0001890359168241966,0.0,51,4441831.8100000005,False,False,False
BMJ PUBLISHING GROUP,supplier,1,0.0001890359168241966,0.0,2,798464.0,False,False,False
BOAT HOUSE SURGERY,supplier,1,0.0001890359168241966,0.0,14,889052.5,False,False,False
BODRIGGY HEALTH CENTRE,supplier,1,0.0001890359168241966,0.0,4,114348.22,False,False,False
BODRIGGY HEALTH CENTRE HAYLE,supplier,1,0.0001890359168241966,0.0,29,2127822.21,False,False,False
BOGNOR MEDICAL PRACTICE,supplier,1,0.0001890359168241966,0.0,8,491049.42,False,False,False
BOLLINGTON MC N81022,supplier,1,0.0001890359168241966,0.0,2,66998.76,False,False,False
BOLTON COMMUNITY PRACTICE,supplier,1,0.0001890359168241966,0.0,8,604891.04,False,False,False
BOLTON EYE CLINIC,supplier,1,0.0001890359168241966,0.0,14,562914.51,False,False,False
BOLTON GP PARTNERSHIP,supplier,1,0.0001890359168241966,0.0,43,5365965.46,False,False,False
BOLTON NHS FOUNDATION TRUST,supplier,1,0.0001890359168241966,0.0,482,216335311.35,False,True,True
BOLTON VISIONPLUS,supplier,1,0.0001890359168241966,0.0,78,2992200.78,False,False,False
BONDGATE SURGERY,supplier,1,0.0001890359168241966,0.0,4,128136.3,False,False,False
BOOTH & PARTNERS,supplier,1,0.0001890359168241966,0.0,48,2113871.26,False,False,False
BOOTH J T & PARTNERS,supplier,1,0.0001890359168241966,0.0,13,674093.74,False,False,False
BOOTS CO,supplier,1,0.0001890359168241966,0.0,5,153027.54,False,False,False
BOOTS OPTICIANS,supplier,1,0.0001890359168241966,0.0,6,215242.31,False,False,False
BOOTS OPTICIANS PROFESSIONAL SERVICES,supplier,1,0.0001890359168241966,0.0,8,256172.47,False,False,False
BOOTS UK,supplier,1,0.0001890359168241966,0.0,3,1404274.0,False,False,False
BOROUGH GREEN MEDICAL PRACTICE,supplier,1,0.0001890359168241966,0.0,4,145073.35,False,False,False
BOROUGHBURY MEDICAL CENTRE,supplier,1,0.0001890359168241966,0.0,17,722936.43,False,False,False
BOROUGHBURY MEDICAL CENTRE D81026,supplier,1,0.0001890359168241966,0.0,2,59302.18,False,False,False
BOSMERE MEDICAL PRACTICE,supplier,1,0.0001890359168241966,0.0,5,182917.88,False,False,False
BOSVENA HEALTH,supplier,1,0.0001890359168241966,0.0,2,89341.42,False,False,False
BOSVENA HEALTH L82010,supplier,1,0.0001890359168241966,0.0,3,119365.78,False,False,False
BOTLEY MEDICAL CENTRE,supplier,1,0.0001890359168241966,0.0,3,130798.70000000001,False,False,False
BOTOLPH COMMUNITY HEALTH CENTRE,supplier,1,0.0001890359168241966,0.0,4,327661.54,False,False,False
BOTTREAUX SURGERY,supplier,1,0.0001890359168241966,0.0,13,538535.39,False,False,False
BOUNDS GREEN GROUP PRACTICE,supplier,1,0.0001890359168241966,0.0,26,3411996.2,False,False,False
BOURNEMOUTH 1 DOMICILIARY SPECSAVERS,supplier,1,0.0001890359168241966,0.0,2,57978.67,False,False,False
BOURNEMOUTH 2 DOMICILIARY SPECSAVERS,supplier,1,0.0001890359168241966,0.0,2,120896.78,False,False,False
BOURNEMOUTH UNIVERSITY,supplier,1,0.0001890359168241966,0.0,15,1286484.47,False,False,False
BOVEY TRACEY & CHUDLEIGH PRACTICE,supplier,1,0.0001890359168241966,0.0,26,2018780.59,False,False,False
BOW MEDICAL PRACTICE,supplier,1,0.0001890359168241966,0.0,16,1057607.33,False,False,False
BOWER MOUNT MEDICAL PRACTICE,supplier,1,0.0001890359168241966,0.0,4,214042.41999999998,False,False,False
BOWERS S & PARTNERS,supplier,1,0.0001890359168241966,0.0,9,885717.76,False,False,False
BOWLAND MEDICAL PRACTICE,supplier,1,0.0001890359168241966,0.0,25,2085139.3800000001,False,False,False
BOWLING HALL MEDICAL PRACTICE,supplier,1,0.0001890359168241966,0.0,4,325387.08,False,False,False
BOWLING HIGHFIELD MEDICAL PRACTICE,supplier,1,0.0001890359168241966,0.0,6,552728.87,False,False,False
BOWTON P A & PARTNER,supplier,1,0.0001890359168241966,0.0,29,1292280.67,False,False,False
BRACKLEY MEDICAL CENTRE,supplier,1,0.0001890359168241966,0.0,35,2297226.96,False,False,False
BRACKNELL VISIONPLUS,supplier,1,0.0001890359168241966,0.0,4,111821.57,False,False,False
BRADFORD ON AVON & MELKSHAM HEALTH PARTNERSHIP THE,supplier,1,0.0001890359168241966,0.0,2,65842.7,False,False,False
BRADGATE SURGERY,supplier,1,0.0001890359168241966,0.0,19,2579590.61,False,False,False
BRADLEY & PARTNERS,supplier,1,0.0001890359168241966,0.0,9,409602.37,False,False,False
BRADLEY STOKE SURGERY,supplier,1,0.0001890359168241966,0.0,18,1249157.33,False,False,False
BRAILSFORD & HULLAND MEDICAL PRACTICE,supplier,1,0.0001890359168241966,0.0,2,113766.86,False,False,False
BRAINTREE SPECSAVERS,supplier,1,0.0001890359168241966,0.0,13,389937.23,False,False,False
BRAMBLE HUB,supplier,2,0.0003780718336483932,0.00022823447630566636,12,2771949.04,True,False,True
BRAMBLEHAIES SURGERY CULLOMPTON,supplier,1,0.0001890359168241966,0.0,3,144030.45,False,False,False
BRAMBLYS GRANGE MEDICAL PRACTICE,supplier,1,0.0001890359168241966,0.0,44,7170472.82,False,False,False
BRAMHALL PARK MEDICAL CENTRE,supplier,1,0.0001890359168241966,0.0,2,67799.6,False,False,False
BRAMLEY VILLAGE HEALTH & WELLBEING CENTRE,supplier,1,0.0001890359168241966,0.0,18,1230060.1,False,False,False
BRAMPTON MEDICAL PRACTICE,supplier,1,0.0001890359168241966,0.0,14,698233.33,False,False,False
BRANDS & PEOPLE LTD TA FOREVER AGENCY,supplier,1,0.0001890359168241966,0.0,5,212257.16,False,False,False
BRANN & PARTNERS,supplier,1,0.0001890359168241966,0.0,30,2150461.04,False,False,False
BRANNAM MEDICAL CENTRE,supplier,1,0.0001890359168241966,0.0,9,623887.7999999999,False,False,False
BRANNEL SURGERY,supplier,1,0.0001890359168241966,0.0,13,524292.83,False,False,False
BRAVOSOLUTION UK,supplier,1,0.0001890359168241966,0.0,4,671461.79,False,False,False
BREAKING BARRIERS INNOVATIONS,supplier,1,0.0001890359168241966,0.0,8,430599.0,False,False,False
BREDBURY MEDICAL PRACTICE,supplier,1,0.0001890359168241966,0.0,3,190134.52000000002,False,False,False
BRENNAN & PARTNERS,supplier,1,0.0001890359168241966,0.0,44,2796906.03,False,False,False
BRENT CARE,supplier,1,0.0001890359168241966,0.0,4,438435.0,False,False,False
BRIDGE COTTAGE SURGERY,supplier,1,0.0001890359168241966,0.0,3,88184.8,False,False,False
BRIDGE HOUSE DENTAL PRACTICE,supplier,1,0.0001890359168241966,0.0,2,56988.82,False,False,False
BRIDGE HOUSE MEDICAL CENTRE,supplier,1,0.0001890359168241966,0.0,26,2223915.98,False,False,False
BRIDGE MEDICAL CENTRE,supplier,1,0.0001890359168241966,0.0,16,1068600.8699999999,False,False,False
BRIDGE STREET SURGERY,supplier,1,0.0001890359168241966,0.0,4,185993.97,False,False,False
BRIDGE VIEW MEDICAL,supplier,1,0.0001890359168241966,0.0,18,910048.53,False,False,False
BRIDGEGATE MEDICAL CENTRE,supplier,1,0.0001890359168241966,0.0,26,2169276.35,False,False,False
BRIDGEMARY MEDICAL CENTRE,supplier,1,0.0001890359168241966,0.0,2,54937.9,False,False,False
BRIDGES MEDICAL CENTRE,supplier,1,0.0001890359168241966,0.0,4,135709.40000000002,False,False,False
BRIDGEWATER COMMUNITY HEALTHCARE NHS FOUNDATION TRUST,supplier,1,0.0001890359168241966,0.0,358,69704120.95,False,True,True
BRIDGEWATER SURGERIES,supplier,1,0.0001890359168241966,0.0,30,1618392.7,False,False,False
BRIDGING THE GAP PD SERVICES,supplier,1,0.0001890359168241966,0.0,72,2050134.15,False,False,False
BRIDGNORTH MEDICAL PRACTICE,supplier,1,0.0001890359168241966,0.0,23,1744237.94,False,False,False
BRIERLEY PARK MEDICAL CENTRE,supplier,1,0.0001890359168241966,0.0,4,206679.12,False,False,False
BRIERLEY PARK MEDICAL GROUP,supplier,1,0.0001890359168241966,0.0,3,112785.2,False,False,False
BRIGHTON & HOVE CITY COUNCIL,supplier,1,0.0001890359168241966,0.0,3,161816.0,False,False,False
BRIGHTON AND SUSSEX UNIVERSITY HOSPITALS NHS TRUST,supplier,1,0.0001890359168241966,0.0,282,538746797.74,False,True,True
BRIGHTWIRE TECHNOLOGY SERVICES,supplier,1,0.0001890359168241966,0.0,2,113760.0,False,False,False
BRINNINGTON HEALTH CENTRE STOCKPORT,supplier,1,0.0001890359168241966,0.0,3,92207.13,False,False,False
BRISDOC HEALTHCARE SERVICES,supplier,1,0.0001890359168241966,0.0,2,137600.0,False,False,False
BRISTOL 1 DOMICILIARY SPECSAVERS,supplier,1,0.0001890359168241966,0.0,6,191809.86,False,False,False
BRISTOL CITY COUNCIL,supplier,1,0.0001890359168241966,0.0,13,938401.0700000001,False,False,False
BRISTOL COMMUNITY HEALTH CIC,supplier,1,0.0001890359168241966,0.0,87,21007712.57,False,False,False
BRITISH & IRISH ORTHOPTIC SOCIETY,supplier,1,0.0001890359168241966,0.0,2,268750.0,False,False,False
BRITISH ASSOCIATION OF ART THERAPISTS,supplier,1,0.0001890359168241966,0.0,2,268750.0,False,False,False
BRITISH DIETETIC ASSOCIATION,supplier,1,0.0001890359168241966,0.0,2,268750.0,False,False,False
BRITISH GEOLOGICAL SURVEY,supplier,1,0.0001890359168241966,0.0,2,111365.82,False,False,False
BRITISH GERIATRICS SOCIETY THE,supplier,1,0.0001890359168241966,0.0,2,53000.0,False,False,False
BRITISH HEART FOUNDATION,supplier,1,0.0001890359168241966,0.0,3,783116.6699999999,False,False,False
BRITISH INSTITUTE OF HUMAN RIGHTS,supplier,1,0.0001890359168241966,0.0,4,187535.0,False,False,False
BRITISH PHARMACOLOGICAL SOCIETY,supplier,1,0.0001890359168241966,0.0,3,148820.0,False,False,False
BRITISH PSYCHOTHERAPY FOUNDATION,supplier,1,0.0001890359168241966,0.0,14,1879927.35,False,False,False
BRITISH RED CROSS SOCIETY,supplier,1,0.0001890359168241966,0.0,47,16689737.67,False,False,False
BRITISH THORACIC SOCIETY,supplier,1,0.0001890359168241966,0.0,9,408000.0,False,False,False
BRITISH YOUTH COUNCIL,supplier,1,0.0001890359168241966,0.0,4,314704.0,False,False,False
BROADWATER MEDICAL CENTRE,supplier,1,0.0001890359168241966,0.0,4,83713.65,False,False,False
BROADWAY HEALTH CENTRE,supplier,1,0.0001890359168241966,0.0,10,744943.94,False,False,False
BROADWAY MEDICAL PRACTICE,supplier,1,0.0001890359168241966,0.0,2,76468.53,False,False,False
BROADWAY PHARMACY,supplier,1,0.0001890359168241966,0.0,3,336015.12,False,False,False
BROCKWELL PARK,supplier,1,0.0001890359168241966,0.0,8,381311.24,False,False,False
BROCKWOOD MEDICAL PRACTICE,supplier,1,0.0001890359168241966,0.0,4,312665.43,False,False,False
BRODBIN & PARTNERS,supplier,1,0.0001890359168241966,0.0,15,612697.29,False,False,False
BROMLEY EDUCATION AND TRAINING HUB CIC,supplier,1,0.0001890359168241966,0.0,25,4585339.68,False,False,False
BROMLEY GP ALLIANCE,supplier,1,0.0001890359168241966,0.0,34,3771644.63,False,False,False
BROMLEY HEALTHCARE CIC,supplier,1,0.0001890359168241966,0.0,79,22789479.41,False,False,False
BROMSGROVE PRIMARY CARE NETWORK,supplier,1,0.0001890359168241966,0.0,2,116150.0,False,False,False
BRONDESBURY MEDICAL CENTRE,supplier,1,0.0001890359168241966,0.0,2,53820.979999999996,False,False,False
BROOK HEALTH CENTRE,supplier,1,0.0001890359168241966,0.0,18,963618.75,False,False,False
BROOK LANE SURGERY,supplier,1,0.0001890359168241966,0.0,20,1334014.76,False,False,False
BROOK MEDICAL CENTRE,supplier,1,0.0001890359168241966,0.0,17,735735.0,False,False,False
BROOK MEDICAL CENTRE STOKE,supplier,1,0.0001890359168241966,0.0,3,160884.02,False,False,False
BROOK YOUNG PEOPLE,supplier,1,0.0001890359168241966,0.0,13,1014150.85,False,False,False
BROOKE SURGERY,supplier,1,0.0001890359168241966,0.0,2,79613.8,False,False,False
BROOKSIDE GROUP PRACTICE,supplier,1,0.0001890359168241966,0.0,17,715233.27,False,False,False
BROOKSIDE HEALTH CENTRE,supplier,1,0.0001890359168241966,0.0,15,598968.33,False,False,False
BROOKSIDE SURGERY,supplier,1,0.0001890359168241966,0.0,5,299152.02999999997,False,False,False
BROSELEY MEDICAL PRACTICE,supplier,1,0.0001890359168241966,0.0,2,89633.01,False,False,False
BROW MEDICAL CENTRE,supplier,1,0.0001890359168241966,0.0,2,56741.6,False,False,False
BROWNE JACOBSON,supplier,1,0.0001890359168241966,0.0,39,2123130.28,False,False,False
BROWNLOW HEALTH N82117,supplier,1,0.0001890359168241966,0.0,4,144546.79,False,False,False
BRUNEL MEDICAL PRACTICE BABBACOMBE TORQUAY,supplier,1,0.0001890359168241966,0.0,5,434988.45,False,False,False
BRUNEL UNIVERSITY,supplier,1,0.0001890359168241966,0.0,18,1858436.06,False,False,False
BRUNSWICK SURGERY,supplier,1,0.0001890359168241966,0.0,4,149182.28,False,False,False
BSBMT,supplier,1,0.0001890359168241966,0.0,13,962221.39,False,False,False
BT,supplier,3,0.0005671077504725899,0.0002728305211859694,95,7582744.84,True,False,True
BT CONFERENCING,supplier,1,0.0001890359168241966,0.0,17,2142182.3,False,False,False
BUBBLE,supplier,1,0.0001890359168241966,0.0,3,273600.0,False,False,False
BUCKFASTLEIGH MEDICAL CENTRE,supplier,1,0.0001890359168241966,0.0,22,1883754.11,False,False,False
BUCKINGHAMSHIRE COUNCIL,supplier,1,0.0001890359168241966,0.0,4,540000.0,False,False,False
BUCKINGHAMSHIRE COUNTY COUNCIL,supplier,1,0.0001890359168241966,0.0,5,300559.71,False,False,False
BUCKINGHAMSHIRE HEALTHCARE NHS TRUST,supplier,1,0.0001890359168241966,0.0,1062,591024264.04,False,True,True
BUCKINGHAMSHIRE NEW UNIVERSITY,supplier,1,0.0001890359168241966,0.0,13,1738289.41,False,False,False
BUDLEIGH SALTERTON MEDICAL CENTRE,supplier,1,0.0001890359168241966,0.0,4,232796.97,False,False,False
BUDSHEAD MEDICAL PRACTICE TAMAR LCG,supplier,1,0.0001890359168241966,0.0,4,186941.57,False,False,False
BUGBROOKE MEDICAL PRACTICE,supplier,1,0.0001890359168241966,0.0,17,1147331.91,False,False,False
BUNGAY MEDICAL PRACTICE D83034,supplier,1,0.0001890359168241966,0.0,2,83081.54,False,False,False
BUPA CROMWELL HOSPITAL,supplier,1,0.0001890359168241966,0.0,23,34661450.33,False,False,False
BURN BRAE MEDICAL GROUP,supplier,1,0.0001890359168241966,0.0,2,59223.22,False,False,False
BURNCROSS SURGERY,supplier,1,0.0001890359168241966,0.0,13,751497.91,False,False,False
BURNHAM HEALTH CENTRE,supplier,1,0.0001890359168241966,0.0,6,364768.64,False,False,False
BURNHAM MEDICAL CENTRE,supplier,1,0.0001890359168241966,0.0,3,402184.05000000005,False,False,False
BURRELL & PARTNERS,supplier,1,0.0001890359168241966,0.0,12,649261.38,False,False,False
BURSCOUGH FAMILY PRACTICE,supplier,1,0.0001890359168241966,0.0,8,503312.84,False,False,False
BURSTED WOOD SURGERY,supplier,1,0.0001890359168241966,0.0,7,723312.5,False,False,False
BURTON LATIMER HEALTH CENTRE,supplier,1,0.0001890359168241966,0.0,21,1741993.09,False,False,False
BURY GP PRACTICES,supplier,1,0.0001890359168241966,0.0,9,416102.28,False,False,False
BURY KNOWLE HEALTH CENTRE,supplier,1,0.0001890359168241966,0.0,14,645341.73,False,False,False
BUSH & PARTNERS,supplier,1,0.0001890359168241966,0.0,30,2058931.53,False,False,False
BUTE HOUSE MEDICAL PRACTICE,supplier,1,0.0001890359168241966,0.0,14,804144.36,False,False,False
BUTE HOUSE SURGERY,supplier,1,0.0001890359168241966,0.0,12,760340.3,False,False,False
BUTLER S & PARTNERS,supplier,1,0.0001890359168241966,0.0,29,2226377.5300000003,False,False,False
BUTTERCUPS TRAINING,supplier,1,0.0001890359168241966,0.0,3,76680.0,False,False,False
BUTTERWICK HOSPICE CARE,supplier,1,0.0001890359168241966,0.0,5,1207158.0,False,False,False
BUXTED MEDICAL CENTRE,supplier,1,0.0001890359168241966,0.0,4,151171.62,False,False,False
BUYINGTEAM LTD TA PROXIMA,supplier,1,0.0001890359168241966,0.0,6,234375.0,False,False,False
BYFIELD MEDICAL CENTRE,supplier,1,0.0001890359168241966,0.0,21,1145649.04,False,False,False
BYRON MEDICAL PRACTICE,supplier,1,0.0001890359168241966,0.0,2,65165.1,False,False,False
C I BAROT,supplier,1,0.0001890359168241966,0.0,3,120499.88,False,False,False
C J D PEACH,supplier,1,0.0001890359168241966,0.0,5,508255.3,False,False,False
C J ELLIOTT,supplier,1,0.0001890359168241966,0.0,17,1877144.66,False,False,False
C RIBEIRO,supplier,1,0.0001890359168241966,0.0,16,760604.1,False,False,False
CABINET OFFICE,supplier,2,0.0003780718336483932,0.00022823447630566636,76,26123688.79,True,False,True
CADDINGTON MEDICAL PRACTICE,supplier,1,0.0001890359168241966,0.0,10,569239.49,False,False,False
CAEN MEDICAL CENTRE,supplier,1,0.0001890359168241966,0.0,8,499728.36,False,False,False
CALCOT SPECSAVERS,supplier,1,0.0001890359168241966,0.0,5,157117.84,False,False,False
CALDER CONFERENCES,supplier,2,0.0003780718336483932,0.00026547282920475195,62,26796356.47,True,False,True
CALDER VIEW SURGERY,supplier,1,0.0001890359168241966,0.0,8,507098.75,False,False,False
CAMBERWELL GREEN SURGERY,supplier,1,0.0001890359168241966,0.0,22,1617108.3299999998,False,False,False
CAMBIAN CHILDCARE,supplier,1,0.0001890359168241966,0.0,15,2978613.55,False,False,False
CAMBRIAN MEDICAL CENTRE,supplier,1,0.0001890359168241966,0.0,4,125503.81999999999,False,False,False
CAMBRIDGE 1 DOMICILIARY SPECSAVERS,supplier,1,0.0001890359168241966,0.0,3,81924.76000000001,False,False,False
CAMBRIDGE AVENUE MEDICAL CENTRE,supplier,1,0.0001890359168241966,0.0,18,1076625.32,False,False,False
CAMBRIDGE PRACTICE THE,supplier,1,0.0001890359168241966,0.0,6,246661.7,False,False,False
CAMBRIDGE UNIVERSITY HOSPITALS NHS FOUNDATION TRUST,supplier,1,0.0001890359168241966,0.0,1326,3038810110.99,False,True,True
CAMBRIDGE WOMENS RESOURCES CENTRE,supplier,1,0.0001890359168241966,0.0,2,120000.0,False,False,False
CAMBRIDGESHIRE & PETERBOROUGH NHS FOUNDATION TRUST,supplier,1,0.0001890359168241966,0.0,408,167581454.13,False,True,True
CAMBRIDGESHIRE COMMUNITY SERVICES,supplier,1,0.0001890359168241966,0.0,298,110597799.24,False,True,True
CAMBRIDGESHIRE CONSTABULARY,supplier,1,0.0001890359168241966,0.0,24,2604626.75,False,False,False
CAMBRIDGESHIRE COUNTY COUNCIL,supplier,1,0.0001890359168241966,0.0,6,793700.0,False,False,False
CAMDEN & ISLINGTON NHS FOUNDATION TRUST,supplier,1,0.0001890359168241966,0.0,156,108413913.12,False,False,False
CAMILLUS HEALTH CARE,supplier,1,0.0001890359168241966,0.0,13,743716.84,False,False,False
CAMPAIGN AGAINST LIVING MISERABLY,supplier,1,0.0001890359168241966,0.0,2,80000.0,False,False,False
CAMPHOR IA,supplier,1,0.0001890359168241966,0.0,15,525920.21,False,False,False
CANCER RESEARCH UK,supplier,1,0.0001890359168241966,0.0,4,293435.36,False,False,False
CANFORD HEATH GROUP PRACTICE,supplier,1,0.0001890359168241966,0.0,2,56944.74,False,False,False
CANNINGTON HEALTH CENTRE,supplier,1,0.0001890359168241966,0.0,3,122420.79000000001,False,False,False
CANTERBURY CHRIST CHURCH UNIVERSITY,supplier,1,0.0001890359168241966,0.0,26,7808989.94,False,False,False
CANTERBURY MEDICAL PRACTICE,supplier,1,0.0001890359168241966,0.0,20,2056944.01,False,False,False
CANTILUPE SURGERY,supplier,1,0.0001890359168241966,0.0,2,58914.399999999994,False,False,False
CAPE CORNWALL SURGERY,supplier,1,0.0001890359168241966,0.0,13,539116.94,False,False,False
CAPELFIELD SURGERY,supplier,1,0.0001890359168241966,0.0,3,146337.75,False,False,False
CAPGEMINI UK,supplier,1,0.0001890359168241966,0.0,86,12108626.72,False,False,False
CAPITA BUSINESS SERVICES,supplier,2,0.0003780718336483932,0.0,1250,390720302.12,True,True,True
CAPPFINITY,supplier,1,0.0001890359168241966,0.0,5,706250.0,False,False,False
CAPSTICKS SOLICITORS,supplier,1,0.0001890359168241966,0.0,94,33615500.91,False,False,False
CAPTAIN FRENCH LANE SURGERY,supplier,1,0.0001890359168241966,0.0,20,1308629.36,False,False,False
CARAT,supplier,1,0.0001890359168241966,0.0,3,300796.73,False,False,False
CARDIFF AND VALE ULHB,supplier,1,0.0001890359168241966,0.0,101,28238505.0,False,False,False
CARDIFF UNIVERSITY,supplier,1,0.0001890359168241966,0.0,2,87832.19,False,False,False
CARDINAL MEDICAL PRACTICE D83050,supplier,1,0.0001890359168241966,0.0,7,271756.3,False,False,False
CARE & CUSTODY HEALTH,supplier,1,0.0001890359168241966,0.0,125,22578443.92,False,False,False
CARE AFTER COMBAT,supplier,1,0.0001890359168241966,0.0,6,321608.76,False,False,False
CARE FERTILITY,supplier,1,0.0001890359168241966,0.0,54,3282795.81,False,False,False
CARE PLUS GROUP PRIMARY CARE,supplier,1,0.0001890359168241966,0.0,3,177284.09,False,False,False
CARE UK,supplier,1,0.0001890359168241966,0.0,36,10029253.120000001,False,False,False
CARE UK CLINICAL SERVICES,supplier,1,0.0001890359168241966,0.0,107,81585873.81,False,False,False
CARE UK HEALTH & REHABILITATION SERVICES,supplier,1,0.0001890359168241966,0.0,832,282792139.47,False,True,True
CARE UNBOUND,supplier,1,0.0001890359168241966,0.0,5,335910.0,False,False,False
CAREER MATTERS,supplier,1,0.0001890359168241966,0.0,5,291000.0,False,False,False
CARERS UK,supplier,1,0.0001890359168241966,0.0,3,327600.0,False,False,False
CARFAX HEALTH ENTERPRISE,supplier,1,0.0001890359168241966,0.0,2,57550.53,False,False,False
CARIBBEAN & AFRICAN HEALTH NETWORK,supplier,1,0.0001890359168241966,0.0,5,524199.86,False,False,False
CARING PRACTICE HAMPSHIRE,supplier,1,0.0001890359168241966,0.0,2,84725.33,False,False,False
CARING PRACTICE NORTH WEST LTD TA VISIONCALL,supplier,1,0.0001890359168241966,0.0,2,105171.01,False,False,False
CARING PRACTICE SOUTH WEST LTD TA VISIONCALL,supplier,1,0.0001890359168241966,0.0,2,63852.759999999995,False,False,False
CARING SOLUTIONS UK,supplier,1,0.0001890359168241966,0.0,2,100928.05,False,False,False
CARISBROOKE HEALTH CENTRE,supplier,1,0.0001890359168241966,0.0,10,653851.86,False,False,False
CARITAS GENERAL PRACTICE PARTNERSHIP,supplier,1,0.0001890359168241966,0.0,10,603546.14,False,False,False
CARITAS GROUP PRACTICE,supplier,1,0.0001890359168241966,0.0,2,83484.28,False,False,False
CARLISLE HEALTHCARE,supplier,1,0.0001890359168241966,0.0,24,1281182.73,False,False,False
CARN TO COAST HEALTH CENTRES,supplier,1,0.0001890359168241966,0.0,37,3984014.14,False,False,False
CARNALL FARRAR,supplier,1,0.0001890359168241966,0.0,173,30252877.68,False,False,False
CARNEWATER PRACTICE,supplier,1,0.0001890359168241966,0.0,27,2419539.64,False,False,False
CARNON DOWNS SURGERY,supplier,1,0.0001890359168241966,0.0,17,739054.35,False,False,False
CARTERKNOWLE & DORE MEDICAL PRACTICE,supplier,1,0.0001890359168241966,0.0,4,125236.94,False,False,False
CARTMEL SURGERY,supplier,1,0.0001890359168241966,0.0,10,541763.34,False,False,False
CASTLE GARDENS MEDICAL CENTRE,supplier,1,0.0001890359168241966,0.0,18,1074661.69,False,False,False
CASTLE GARDENS SURGERY,supplier,1,0.0001890359168241966,0.0,4,190858.85,False,False,False
CASTLE HEALTHCARE PRACTICE,supplier,1,0.0001890359168241966,0.0,3,113848.81999999999,False,False,False
CASTLE MEDICAL GROUP,supplier,1,0.0001890359168241966,0.0,10,436570.02,False,False,False
CASTLE MEDICAL GROUP LEICESTERSHIRE,supplier,1,0.0001890359168241966,0.0,3,93677.43,False,False,False
CASTLE PARTNERSHIP D82011,supplier,1,0.0001890359168241966,0.0,2,80053.82,False,False,False
CASTLE PLACE SURGERY TIVERTON,supplier,1,0.0001890359168241966,0.0,5,416109.65,False,False,False
CASTLE PRACTICE,supplier,1,0.0001890359168241966,0.0,3,260843.52,False,False,False
CASTLE PRACTICE THE,supplier,1,0.0001890359168241966,0.0,14,702260.08,False,False,False
CASTLE ST,supplier,1,0.0001890359168241966,0.0,2,90434.32,False,False,False
CASTLEFIELDS HEALTH CENTRE,supplier,1,0.0001890359168241966,0.0,4,195650.08,False,False,False
CASTLEFIELDS SURGERY,supplier,1,0.0001890359168241966,0.0,15,416753.22,False,False,False
CASTLEGATE AND DERWENT SURGERY A82021,supplier,1,0.0001890359168241966,0.0,2,63725.5,False,False,False
CASTLEGATE SURGERY COCKERMOUTH,supplier,1,0.0001890359168241966,0.0,15,1003956.08,False,False,False
CASTLETON HEALTH CENTRE,supplier,1,0.0001890359168241966,0.0,13,1432921.02,False,False,False
CATER STREET SURGERY,supplier,1,0.0001890359168241966,0.0,3,80209.56,False,False,False
CATERHAM VALLEY MEDICAL PRACTICE,supplier,1,0.0001890359168241966,0.0,18,1299557.06,False,False,False
CATHEDRAL MEDICAL CENTRE,supplier,1,0.0001890359168241966,0.0,15,1135261.24,False,False,False
CATHERINE HOUSE SURGERY,supplier,1,0.0001890359168241966,0.0,4,108120.73000000001,False,False,False
CAUSEWAY MEDICAL CENTRE,supplier,1,0.0001890359168241966,0.0,7,759609.06,False,False,False
CAVENDISH MEDICAL CENTRE,supplier,1,0.0001890359168241966,0.0,15,719121.22,False,False,False
CAVERSHAM GROUP PRACTICE,supplier,1,0.0001890359168241966,0.0,4,149386.63999999998,False,False,False
CAXTON SURGERY,supplier,1,0.0001890359168241966,0.0,13,963870.94,False,False,False
CBRE,supplier,1,0.0001890359168241966,0.0,4,202581.8,False,False,False
CEDAR MEDICAL PRACTICE,supplier,1,0.0001890359168241966,0.0,19,1679445.26,False,False,False
CEDAR PRACTICE,supplier,1,0.0001890359168241966,0.0,14,1262197.9,False,False,False
CEDARS MEDICAL CENTRE,supplier,1,0.0001890359168241966,0.0,5,161565.5,False,False,False
CEDARS MEDICAL GROUP,supplier,1,0.0001890359168241966,0.0,27,2470149.02,False,False,False
CEDARS SURGERY,supplier,1,0.0001890359168241966,0.0,2,68599.77,False,False,False
CEDARS SURGERY MAIDENHEAD,supplier,1,0.0001890359168241966,0.0,35,3012226.54,False,False,False
CEDARS SURGERY SWANLEY,supplier,1,0.0001890359168241966,0.0,25,1998874.98,False,False,False
CEDARS SURGERY WESTON MARE,supplier,1,0.0001890359168241966,0.0,4,144624.27,False,False,False
CEGEDIM RX,supplier,1,0.0001890359168241966,0.0,2,152103.0,False,False,False
CEGEDIMRX PHARMACY HEALTH SOLUTIONS,supplier,1,0.0001890359168241966,0.0,5,660000.0,False,False,False
CENTRAL & NORTH WEST LONDON NHS FOUNDATION TRUST,supplier,1,0.0001890359168241966,0.0,1352,682355640.91,False,True,True
CENTRAL ESSEX COMMUNITY SERVICES CIC,supplier,1,0.0001890359168241966,0.0,66,3382934.51,False,False,False
CENTRAL HEALTHCARE,supplier,1,0.0001890359168241966,0.0,8,555375.73,False,False,False
CENTRAL LIVERPOOL PCN,supplier,1,0.0001890359168241966,0.0,2,75372.0,False,False,False
CENTRAL LONDON COMMUNITY HEALTHCARE NHS TRUST,supplier,1,0.0001890359168241966,0.0,291,81316743.4,False,True,True
CENTRAL LONDON HEALTHCARE,supplier,1,0.0001890359168241966,0.0,3,122533.0,False,False,False
CENTRAL SURGERY,supplier,1,0.0001890359168241966,0.0,4,122729.96,False,False,False
CENTRAL SURGERY BARTON HUMBER,supplier,1,0.0001890359168241966,0.0,20,1269177.66,False,False,False
CENTRAL SURGERY RUGBY,supplier,1,0.0001890359168241966,0.0,2,80731.5,False,False,False
CENTRAL SURREY HEALTH,supplier,1,0.0001890359168241966,0.0,49,15583064.88,False,False,False
CENTRE FOR MENTAL HEALTH,supplier,1,0.0001890359168241966,0.0,10,700683.2,False,False,False
CENTRE FOR PSYCHOLOGY,supplier,1,0.0001890359168241966,0.0,3,146290.57,False,False,False
CENTRE FOR REPRODUCTIVE & GENETIC HEALTH,supplier,1,0.0001890359168241966,0.0,76,6549634.41,False,False,False
CENTRE PRACTICE THE,supplier,1,0.0001890359168241966,0.0,3,86228.15,False,False,False
CGL,supplier,1,0.0001890359168241966,0.0,25,5942187.0,False,False,False
CH MEDICAL,supplier,1,0.0001890359168241966,0.0,12,683193.66,False,False,False
CHACEWATER HEALTH CENTRE,supplier,1,0.0001890359168241966,0.0,13,633021.93,False,False,False
CHADSFIELD MEDICAL PRACTICE,supplier,1,0.0001890359168241966,0.0,3,170034.08,False,False,False
CHADSMOOR MEDICAL PRACTICE,supplier,1,0.0001890359168241966,0.0,2,130612.40000000001,False,False,False
CHAJED G C & PARTNERS,supplier,1,0.0001890359168241966,0.0,32,1989308.83,False,False,False
CHALLENGING BEHAVIOUR FOUNDATION,supplier,1,0.0001890359168241966,0.0,2,115798.0,False,False,False
CHANGE GROW LIVE,supplier,1,0.0001890359168241966,0.0,12,1212108.96,False,False,False
CHANGING MINDS,supplier,1,0.0001890359168241966,0.0,8,1320000.0,False,False,False
CHANGING OUR LIVES,supplier,1,0.0001890359168241966,0.0,3,157000.0,False,False,False
CHANNEL VIEW SURGERY TEIGNMOUTH,supplier,1,0.0001890359168241966,0.0,30,1991873.94,False,False,False
CHAPEL STREET MEDICAL PRACTICE DERBY,supplier,1,0.0001890359168241966,0.0,4,131101.86,False,False,False
CHAPMAN OPTICIANS,supplier,1,0.0001890359168241966,0.0,2,82814.83,False,False,False
CHARLTON HILL SURGERY,supplier,1,0.0001890359168241966,0.0,6,198753.18,False,False,False
CHARNWOOD GP NETWORK,supplier,1,0.0001890359168241966,0.0,4,620031.5,False,False,False
CHARTERED INSTITUTE OF LOGISTICS AND TRANSPORTTHE,supplier,1,0.0001890359168241966,0.0,2,375400.0,False,False,False
CHARTERED SOCIETY OF PHYSIOTHERAPY,supplier,1,0.0001890359168241966,0.0,3,317950.0,False,False,False
CHAS A BLATCHFORD & SONS,supplier,1,0.0001890359168241966,0.0,5,259494.24,False,False,False
CHASING THE STIGMA,supplier,1,0.0001890359168241966,0.0,3,398800.0,False,False,False
CHATSWORTH ROAD MEDICAL CENTRE,supplier,1,0.0001890359168241966,0.0,2,53428.66,False,False,False
CHATTERJEE PC,supplier,1,0.0001890359168241966,0.0,4,368509.64,False,False,False
CHAUDHURY P K,supplier,1,0.0001890359168241966,0.0,7,495000.77999999997,False,False,False
CHAWTON PARK SURGERY,supplier,1,0.0001890359168241966,0.0,5,203154.0,False,False,False
CHEADLE HULME HEALTH CENTRE DR SEABROOK,supplier,1,0.0001890359168241966,0.0,2,65686.83,False,False,False
CHEADLE HULME HEALTH CENTRE DR SHIPSTON,supplier,1,0.0001890359168241966,0.0,18,1014007.74,False,False,False
CHEDDAR MEDICAL CENTRE ROYNON WAY CHEDDAR,supplier,1,0.0001890359168241966,0.0,3,182979.3,False,False,False
CHELSEA AND WESTMINSTER HOSPITAL NHS FOUNDATION TRUST,supplier,1,0.0001890359168241966,0.0,1083,1114852256.14,False,True,True
CHELSFIELD SURGERY,supplier,1,0.0001890359168241966,0.0,3,161542.72,False,False,False
CHELSFIELD SURGERY G84020,supplier,1,0.0001890359168241966,0.0,2,112970.3,False,False,False
CHELSTON HALL SURGERY,supplier,1,0.0001890359168241966,0.0,5,477138.45,False,False,False
CHERITON BISHOP SURGERY,supplier,1,0.0001890359168241966,0.0,3,117812.94,False,False,False
CHERRY MEDICAL PRACTICE,supplier,1,0.0001890359168241966,0.0,8,424455.6,False,False,False
CHERTSEY HEALTH CENTRE,supplier,1,0.0001890359168241966,0.0,26,2614977.4,False,False,False
CHERWELL DISTRICT COUNCIL,supplier,1,0.0001890359168241966,0.0,2,132500.0,False,False,False
CHESHIRE AND WIRRAL PARTNERSHIP NHS FOUNDATION TRUST,supplier,1,0.0001890359168241966,0.0,234,150103013.56,False,True,True
CHESHIRE EAST BOROUGH COUNCIL,supplier,1,0.0001890359168241966,0.0,4,945750.0,False,False,False
CHESSEL PRACTICE,supplier,1,0.0001890359168241966,0.0,10,491920.26,False,False,False
CHESTERFIELD ROYAL HOSPITAL NHS FOUNDATION TRUST,supplier,1,0.0001890359168241966,0.0,423,182772069.12,False,True,True
CHESWOLD PARK HOSPITAL,supplier,1,0.0001890359168241966,0.0,152,57582208.85,False,False,False
CHEVELEY PARK MEDICAL CENTRE,supplier,1,0.0001890359168241966,0.0,10,500674.16000000003,False,False,False
CHEVIN MEDICAL PRACTICE,supplier,1,0.0001890359168241966,0.0,16,1013352.58,False,False,False
CHEW MEDICAL PRACTICE,supplier,1,0.0001890359168241966,0.0,2,58136.740000000005,False,False,False
CHIDDENBROOK SURGERY CREDITON,supplier,1,0.0001890359168241966,0.0,23,4301107.45,False,False,False
CHILCOTE SURGERY TORQUAY,supplier,1,0.0001890359168241966,0.0,6,448158.88,False,False,False
CHILDRENS HOSPICE SOUTH WEST,supplier,1,0.0001890359168241966,0.0,5,5710162.0,False,False,False
CHILDRENS TRUST THE,supplier,1,0.0001890359168241966,0.0,81,28051225.990000002,False,False,False
CHIME SOCIAL ENTERPRISE,supplier,1,0.0001890359168241966,0.0,8,881048.38,False,False,False
CHINEHAM MEDICAL PRACTICE,supplier,1,0.0001890359168241966,0.0,2,99563.4,False,False,False
CHINGFORD MEDICAL PRACTICE,supplier,1,0.0001890359168241966,0.0,19,1245259.95,False,False,False
CHIPPING NORTON HEALTH CENTRE,supplier,1,0.0001890359168241966,0.0,26,1492494.95,False,False,False
CHIPPING SURGERY THE L84051,supplier,1,0.0001890359168241966,0.0,2,95542.70000000001,False,False,False
CHISNELL P & PARTNERS,supplier,1,0.0001890359168241966,0.0,5,443745.0,False,False,False
CHISWICK FAMILY PRACTICE,supplier,1,0.0001890359168241966,0.0,7,2108054.27,False,False,False
CHOICE SUPPORT,supplier,1,0.0001890359168241966,0.0,2,1138599.0,False,False,False
CHORLTON FAMILY PRACTICE,supplier,1,0.0001890359168241966,0.0,8,267167.36,False,False,False
CHRISTCHURCH MEDICAL PRACTICE,supplier,1,0.0001890359168241966,0.0,4,67127.6,False,False,False
CHRISTIANA HARTLEY MEDICAL PRACTICE,supplier,1,0.0001890359168241966,0.0,8,855118.28,False,False,False
CHRISTIE CL & PARTNERS,supplier,1,0.0001890359168241966,0.0,8,514137.58,False,False,False
CHRISTIE HOSPITAL NHS FOUNDATION TRUST,supplier,1,0.0001890359168241966,0.0,32,81816745.4,False,False,False
CHRISTMAS MALTINGS & CLEMENTS PRACTICE,supplier,1,0.0001890359168241966,0.0,12,3251870.24,False,False,False
CHUKWU A C & PARTNERS,supplier,1,0.0001890359168241966,0.0,2,59537.82,False,False,False
CHUMS,supplier,1,0.0001890359168241966,0.0,2,59000.0,False,False,False
CHURCH LANE MEDICAL CENTRE,supplier,1,0.0001890359168241966,0.0,3,209470.5,False,False,False
CHURCH LANE SURGERY YORK,supplier,1,0.0001890359168241966,0.0,8,236229.52,False,False,False
CHURCH STREET SURGERY BISHOPS STORT,supplier,1,0.0001890359168241966,0.0,17,1016942.1799999999,False,False,False
CHURCH STREET SURGERY CHURCH STREET MARTOCK,supplier,1,0.0001890359168241966,0.0,6,463735.17000000004,False,False,False
CHURCH STRETTON MEDICAL PRACTICE,supplier,1,0.0001890359168241966,0.0,2,98572.76,False,False,False
CHURCH VIEW SURGERY PLYMSTOCK,supplier,1,0.0001890359168241966,0.0,10,715396.48,False,False,False
CHURCHDOWN SURGERY L84047,supplier,1,0.0001890359168241966,0.0,2,162031.0,False,False,False
CHURCHILL HEALTHCARE,supplier,1,0.0001890359168241966,0.0,2,60137.34,False,False,False
CHURCHMERE MEDICAL GROUP,supplier,1,0.0001890359168241966,0.0,7,281979.9,False,False,False
CINOS,supplier,1,0.0001890359168241966,0.0,22,1188682.69,False,False,False
CIPD ENTERPRISES,supplier,1,0.0001890359168241966,0.0,10,1543602.06,False,False,False
CIPFA,supplier,1,0.0001890359168241966,0.0,8,851700.0,False,False,False
CIRCLE HEALTH GROUP,supplier,1,0.0001890359168241966,0.0,53,5197933.53,False,False,False
CIRCLE HEALTH HOLDINGS,supplier,1,0.0001890359168241966,0.0,54,498047759.53,False,False,False
CIRCLE NOTTINGHAM,supplier,1,0.0001890359168241966,0.0,20,1500144.75,False,False,False
CIRENCESTER HEALTH GROUP,supplier,1,0.0001890359168241966,0.0,2,60883.12,False,False,False
CISTERS,supplier,1,0.0001890359168241966,0.0,2,65200.0,False,False,False
CITY & HACKNEY GP CONFEDERATION,supplier,1,0.0001890359168241966,0.0,6,319064.93,False,False,False
CITY HEALTH CARE PARTNERSHIP CIC,supplier,1,0.0001890359168241966,0.0,117,36348653.83,False,False,False
CITY HOSPITALS SUNDERLAND FOUNDATION NHS TRUST,supplier,1,0.0001890359168241966,0.0,11,12597218.31,False,False,False
CITY OF LONDON CORPORATION,supplier,1,0.0001890359168241966,0.0,2,65000.0,False,False,False
CITY OF STOKE ON TRENT,supplier,1,0.0001890359168241966,0.0,7,7301056.0,False,False,False
CITY OF WESTMINSTER,supplier,1,0.0001890359168241966,0.0,7,519352.2,False,False,False
CITY SPRINT UK,supplier,1,0.0001890359168241966,0.0,2,146179.81,False,False,False
CITY UNIVERSITY,supplier,1,0.0001890359168241966,0.0,5,470325.0,False,False,False
CITY UNIVERSITY OF LONDON,supplier,1,0.0001890359168241966,0.0,30,3204750.23,False,False,False
CITY WALLS MEDICAL CENTRE,supplier,1,0.0001890359168241966,0.0,10,450556.54000000004,False,False,False
CITY WELLBEING PRACTICE,supplier,1,0.0001890359168241966,0.0,3,107559.5,False,False,False
CIVICA UK,supplier,2,0.0003780718336483932,0.0,16,1138228.35,True,False,True
CLACTON DENTAL CARE,supplier,1,0.0001890359168241966,0.0,65,2393240.44,False,False,False
CLAIRE CAIRNS ASSOCIATES,supplier,1,0.0001890359168241966,0.0,50,2410382.98,False,False,False
CLAIRE HOUSE CHILDRENS HOSPICE,supplier,1,0.0001890359168241966,0.0,5,3293751.0,False,False,False
CLANRICARDE MEDICAL CENTRE,supplier,1,0.0001890359168241966,0.0,2,54655.66,False,False,False
CLAPHAM FAMILY PRACTICE,supplier,1,0.0001890359168241966,0.0,3,109658.45,False,False,False
CLAPHAM PARK GROUP PRACTICE,supplier,1,0.0001890359168241966,0.0,4,1374470.84,False,False,False
CLARE HOUSE SURGERY,supplier,1,0.0001890359168241966,0.0,24,1455650.16,False,False,False
CLAREMONT MARKETING COMMUNICATIONS,supplier,1,0.0001890359168241966,0.0,2,59823.6,False,False,False
CLAREMONT MEDICAL CENTRE SURBITON,supplier,1,0.0001890359168241966,0.0,2,74807.45,False,False,False
CLAREMONT MEDICAL PRACTICE,supplier,1,0.0001890359168241966,0.0,24,2567649.61,False,False,False
CLARENDON DENTAL SPA,supplier,1,0.0001890359168241966,0.0,78,4768139.46,False,False,False
CLARENDON LODGE,supplier,1,0.0001890359168241966,0.0,21,1278746.19,False,False,False
CLATTERBRIDGE CANCER CENTRE NHS FT,supplier,1,0.0001890359168241966,0.0,362,1092734276.19,False,True,True
CLAYHALL CLINIC,supplier,1,0.0001890359168241966,0.0,3,125495.67,False,False,False
CLAYPATH & UNIVERSITY MEDICAL GROUP,supplier,1,0.0001890359168241966,0.0,6,253867.72,False,False,False
CLAYS PRACTICE,supplier,1,0.0001890359168241966,0.0,36,2583074.53,False,False,False
CLEE MEDICAL CENTRE,supplier,1,0.0001890359168241966,0.0,2,61896.399999999994,False,False,False
CLEO SYSTEMS 24,supplier,1,0.0001890359168241966,0.0,3,1317500.0,False,False,False
CLEVEDON RIVERSIDE GROUP,supplier,1,0.0001890359168241966,0.0,2,62623.5,False,False,False
CLEVELAND SURGERY,supplier,1,0.0001890359168241966,0.0,2,53096.68,False,False,False
CLEVELEYS GROUP PRACTICE,supplier,1,0.0001890359168241966,0.0,13,937393.34,False,False,False
CLIFTON COURT PRACTICE,supplier,1,0.0001890359168241966,0.0,3,143953.16,False,False,False
CLIFTON MEDICAL PRACTICE ST ANNES,supplier,1,0.0001890359168241966,0.0,4,148180.34,False,False,False
CLIFTON ROAD SURGERY,supplier,1,0.0001890359168241966,0.0,21,2677747.39,False,False,False
CLINICAL SKILLS TRAINING,supplier,1,0.0001890359168241966,0.0,6,2421405.26,False,False,False
CLINIGEN HEALTHCARE,supplier,1,0.0001890359168241966,0.0,5,2323120.0,False,False,False
CLINTON ROAD SURGERY,supplier,1,0.0001890359168241966,0.0,13,462988.86,False,False,False
CLIVE SURGERY,supplier,1,0.0001890359168241966,0.0,2,94463.88,False,False,False
CLOCK TOWER PRACTICE,supplier,1,0.0001890359168241966,0.0,3,122974.56,False,False,False
CLOUD TECHNOLOGY SOLUTIONS,supplier,1,0.0001890359168241966,0.0,11,1919628.3699999999,False,False,False
CLOUD2,supplier,1,0.0001890359168241966,0.0,2,251328.0,False,False,False
CLOUDOKO,supplier,1,0.0001890359168241966,0.0,2,213456.66,False,False,False
CLOUDSCALER,supplier,1,0.0001890359168241966,0.0,2,753631.8,False,False,False
CLOVER GROUP PRACTICE,supplier,1,0.0001890359168241966,0.0,10,635095.3,False,False,False
CLOVULLIN ASSOCIATES,supplier,1,0.0001890359168241966,0.0,4,246600.0,False,False,False
CLYWD & SNOWDONIA DOMICILIARY SPECSAVERS,supplier,1,0.0001890359168241966,0.0,14,405918.74,False,False,False
CM MONITOR LTD TA BRITAINTHINKS,supplier,1,0.0001890359168241966,0.0,15,1353154.06,False,False,False
CMK MEDICAL CENTRE,supplier,1,0.0001890359168241966,0.0,9,483923.78,False,False,False
COACHMANS MEDICAL PRACTICE,supplier,1,0.0001890359168241966,0.0,22,1335538.07,False,False,False
COASTAL MEDICAL PARTNERSHIP,supplier,1,0.0001890359168241966,0.0,15,893832.86,False,False,False
COBALT HEALTH,supplier,1,0.0001890359168241966,0.0,91,24173639.25,False,False,False
COBALT UNIT APPEAL FUND,supplier,1,0.0001890359168241966,0.0,30,4679199.89,False,False,False
COBSEO THE CONFEDERATION OF SERVICE CHARITIES,supplier,1,0.0001890359168241966,0.0,4,149600.0,False,False,False
COCKCROFT J H & PARTNERS,supplier,1,0.0001890359168241966,0.0,30,2281578.89,False,False,False
COGNITIVE EDGE,supplier,1,0.0001890359168241966,0.0,3,135000.0,False,False,False
COGNIZANT WORLDWIDE,supplier,1,0.0001890359168241966,0.0,144,14589128.11,False,False,False
COHORT SOFTWARE,supplier,1,0.0001890359168241966,0.0,2,228288.0,False,False,False
COKER CLOSE HEALTH CENTRE,supplier,1,0.0001890359168241966,0.0,19,1316688.66,False,False,False
COLBURN M & PARTNERS,supplier,1,0.0001890359168241966,0.0,28,1543705.61,False,False,False
COLEMAN & PARTNERS,supplier,1,0.0001890359168241966,0.0,15,1347180.6400000001,False,False,False
COLERIDGE MEDICAL CENTRE,supplier,1,0.0001890359168241966,0.0,5,438638.5,False,False,False
COLLEGE HEALTH,supplier,1,0.0001890359168241966,0.0,163,13824324.68,False,False,False
COLLEGE OF OPTOMETRISTS THE,supplier,1,0.0001890359168241966,0.0,2,955198.0,False,False,False
COLLEGE OF PARAMEDICS,supplier,1,0.0001890359168241966,0.0,2,281702.67000000004,False,False,False
COLLEGE OF PODIATRY THE,supplier,1,0.0001890359168241966,0.0,2,211426.67,False,False,False
COLLEGE PRACTICE,supplier,1,0.0001890359168241966,0.0,14,705059.64,False,False,False
COLLEGE SURGERY PARTNERSHIP,supplier,1,0.0001890359168241966,0.0,18,1082319.48,False,False,False
COLLEGE WAY SURGERY,supplier,1,0.0001890359168241966,0.0,8,428668.79,False,False,False
COLLINGTON SURGERY,supplier,1,0.0001890359168241966,0.0,2,65973.48,False,False,False
COLNE HOUSE,supplier,1,0.0001890359168241966,0.0,13,555746.26,False,False,False
COLNE MEDICAL PRACTICE,supplier,1,0.0001890359168241966,0.0,2,112858.32,False,False,False
COMBAT STRESS,supplier,1,0.0001890359168241966,0.0,57,4883333.34,False,False,False
COMBE COASTAL PRACTICE,supplier,1,0.0001890359168241966,0.0,9,697227.68,False,False,False
COMBE DOWN SURGERY,supplier,1,0.0001890359168241966,0.0,13,1279643.04,False,False,False
COMBS FORD SURGERY,supplier,1,0.0001890359168241966,0.0,12,789626.77,False,False,False
COMMIFY UK,supplier,1,0.0001890359168241966,0.0,14,628783.74,False,False,False
COMMISCEO PRIMARY CARE SOLUTIONS,supplier,1,0.0001890359168241966,0.0,2,62168.729999999996,False,False,False
COMMON COUNCIL OF THE CITY OF LONDON,supplier,1,0.0001890359168241966,0.0,4,235160.0,False,False,False
COMMUNICATION STEM,supplier,1,0.0001890359168241966,0.0,3,792302.8,False,False,False
COMMUNITY DENTAL SERVICES CIC,supplier,1,0.0001890359168241966,0.0,129,12224448.65,False,False,False
COMMUNITY PHARMACY HUMBER,supplier,1,0.0001890359168241966,0.0,5,175600.0,False,False,False
COMMUNITY PHARMACY WEST YORKSHIRE,supplier,1,0.0001890359168241966,0.0,4,328111.2,False,False,False
COMPASS,supplier,1,0.0001890359168241966,0.0,6,1185175.43,False,False,False
COMPASS CONTRACT SERVICES,supplier,1,0.0001890359168241966,0.0,2,2716039.75,False,False,False
COMPASS HOUSE MEDICAL CENTRES,supplier,1,0.0001890359168241966,0.0,10,514056.6,False,False,False
COMPLETE BUSINESS SOLUTIONS GROUP,supplier,1,0.0001890359168241966,0.0,10,910648.86,False,False,False
COMPLETE IWEAR,supplier,1,0.0001890359168241966,0.0,2,63624.96,False,False,False
COMPLIANCE SOLUTIONS LIFE SCIENCES,supplier,1,0.0001890359168241966,0.0,2,98400.0,False,False,False
COMPUTER APPLICATION SERVICES,supplier,1,0.0001890359168241966,0.0,2,90784.8,False,False,False
CONCERTO SUPPORT SERVICES,supplier,1,0.0001890359168241966,0.0,2,84000.0,False,False,False
CONCORD MEDICAL CENTRE,supplier,1,0.0001890359168241966,0.0,2,123706.01999999999,False,False,False
CONDECO,supplier,1,0.0001890359168241966,0.0,3,642621.21,False,False,False
CONERSTONE FAMILY PRACTICE,supplier,1,0.0001890359168241966,0.0,4,105312.68,False,False,False
CONFEDERATION HILLINGDON CIC THE,supplier,1,0.0001890359168241966,0.0,24,3432625.4299999997,False,False,False
CONFEDERATION OF GREATER MANCHESTER LOCS,supplier,1,0.0001890359168241966,0.0,2,155000.0,False,False,False
CONISBROUGH GROUP PRACTICE,supplier,1,0.0001890359168241966,0.0,12,688438.96,False,False,False
CONISTON MEDICAL PRACTICE BRISTOL,supplier,1,0.0001890359168241966,0.0,2,168040.0,False,False,False
CONNECT HEALTHCARE ROTHERHAM CIC,supplier,1,0.0001890359168241966,0.0,3,295341.0,False,False,False
CONSETT MEDICAL CENTRE,supplier,1,0.0001890359168241966,0.0,3,98093.44,False,False,False
CONSTABLE COUNTRY MEDICAL PRACTICE,supplier,1,0.0001890359168241966,0.0,5,231564.49,False,False,False
CONTACT A FAMILY,supplier,1,0.0001890359168241966,0.0,6,288401.66000000003,False,False,False
CONVERGENCE GROUP NETWORKS,supplier,1,0.0001890359168241966,0.0,7,343391.33,False,False,False
COOKE POLL HEWITT BRETT KING CHANEY & PARTNERS,supplier,1,0.0001890359168241966,0.0,2,65520.78,False,False,False
COOKSON N M P & PARTNERS,supplier,1,0.0001890359168241966,0.0,15,775313.3099999999,False,False,False
COOL ICE BOX CO,supplier,1,0.0001890359168241966,0.0,11,1007667.39,False,False,False
COOLMED,supplier,1,0.0001890359168241966,0.0,8,1016524.98,False,False,False
COOPER N I & PARTNERS,supplier,1,0.0001890359168241966,0.0,70,6537807.35,False,False,False
COPIA PRODUCTIONS & COMMUNICATIONS,supplier,1,0.0001890359168241966,0.0,2,61180.509999999995,False,False,False
COPPICE SURGERY,supplier,1,0.0001890359168241966,0.0,20,1560700.8,False,False,False
COPPOCK & PARTNERS,supplier,1,0.0001890359168241966,0.0,31,1343395.59,False,False,False
COQUET MEDICAL GROUP,supplier,1,0.0001890359168241966,0.0,3,101435.95999999999,False,False,False
CORAM WORKFORCE MODELLING,supplier,1,0.0001890359168241966,0.0,5,194370.0,False,False,False
CORBETT MEDICAL PRACTICE,supplier,1,0.0001890359168241966,0.0,2,78699.38,False,False,False
CORBIN AVENUE SURGERY,supplier,1,0.0001890359168241966,0.0,15,1737927.28,False,False,False
CORDIS BRIGHT,supplier,1,0.0001890359168241966,0.0,2,128026.2,False,False,False
CORE CARE LINKS,supplier,1,0.0001890359168241966,0.0,3,165329.24,False,False,False
CORESTREAM,supplier,1,0.0001890359168241966,0.0,14,959322.8,False,False,False
CORMACK J F,supplier,1,0.0001890359168241966,0.0,40,1711547.16,False,False,False
CORNER PLACE SURGERY,supplier,1,0.0001890359168241966,0.0,9,589848.9,False,False,False
CORNERWAYS MEDICAL,supplier,1,0.0001890359168241966,0.0,4,169492.36,False,False,False
CORNERWAYS MEDICAL CENTRE,supplier,1,0.0001890359168241966,0.0,2,156307.68,False,False,False
CORNWALL & ISLES OF SCILLY LMC,supplier,1,0.0001890359168241966,0.0,2,64000.03,False,False,False
CORNWALL COUNCIL,supplier,1,0.0001890359168241966,0.0,6,792211.99,False,False,False
CORNWALL COUNTY COUNCIL,supplier,1,0.0001890359168241966,0.0,15,1774051.67,False,False,False
CORNWALL HOSPICE CARE,supplier,1,0.0001890359168241966,0.0,3,221546.04,False,False,False
CORNWALL PARTNERSHIP NHS FOUNDATION TRUST,supplier,1,0.0001890359168241966,0.0,153,56862939.59,False,False,False
CORPORATE DOCUMENT SERVICES,supplier,1,0.0001890359168241966,0.0,6,1467373.3,False,False,False
CORRIDOR PROJECTS,supplier,1,0.0001890359168241966,0.0,2,85000.0,False,False,False
COTTONS MEDICAL CENTRE,supplier,1,0.0001890359168241966,0.0,21,1622450.53,False,False,False
COUNTERWEIGHT,supplier,1,0.0001890359168241966,0.0,3,99015.0,False,False,False
COUNTESS OF CHESTER HOSPITAL NHS FOUNDATION TRUST,supplier,1,0.0001890359168241966,0.0,448,134876830.35999998,False,True,True
COUNTRY PARK PRACTICE,supplier,1,0.0001890359168241966,0.0,7,313463.76,False,False,False
COUNTY DURHAM & DARLINGTON NHS FOUNDATION TRUST,supplier,2,0.0003780718336483932,0.0,659,308683539.2,True,True,True
COUNTY DURHAM AND DARLINGTON NHS FOUNDATION TRUST,supplier,1,0.0001890359168241966,0.0,30,16266853.11,False,False,False
COUNTY SURGERY,supplier,1,0.0001890359168241966,0.0,15,420660.51,False,False,False
COURTSIDE SURGERY,supplier,1,0.0001890359168241966,0.0,4,122550.92,False,False,False
COURTYARD SURGERY,supplier,1,0.0001890359168241966,0.0,20,1825450.5,False,False,False
COVEBERRY,supplier,1,0.0001890359168241966,0.0,73,29138121.6,False,False,False
COVENT GARDEN MEDICAL CENTRE,supplier,1,0.0001890359168241966,0.0,3,77833.23000000001,False,False,False
COVENTRY AND WARWICKSHIRE INTEGRATED PRIMARY CARE,supplier,1,0.0001890359168241966,0.0,14,1337315.85,False,False,False
COVENTRY CITY COUNCIL,supplier,1,0.0001890359168241966,0.0,6,290000.0,False,False,False
COVENTRY UNIVERSITY,supplier,1,0.0001890359168241966,0.0,35,1896001.98,False,False,False
COWPLAIN FAMILY PRACTICE,supplier,1,0.0001890359168241966,0.0,3,124271.16,False,False,False
CPGM HEALTHCARE LTD CHL,supplier,1,0.0001890359168241966,0.0,6,1579114.28,False,False,False
CPI,supplier,1,0.0001890359168241966,0.0,8,266692.0,False,False,False
CRANBORNE SURGERY,supplier,1,0.0001890359168241966,0.0,2,52020.26,False,False,False
CRANLEIGH GARDENS MC CRANLEIGH GARDENS BRIDGWATE,supplier,1,0.0001890359168241966,0.0,7,1169971.04,False,False,False
CRANLEIGH MEDICAL PRACTICE,supplier,1,0.0001890359168241966,0.0,4,135598.74,False,False,False
CRAVEN MEDICAL PRACTICE,supplier,1,0.0001890359168241966,0.0,5,256904.40999999997,False,False,False
CRAWLEY DOWN HEALTH CENTRE,supplier,1,0.0001890359168241966,0.0,3,126247.05,False,False,False
CREDERA,supplier,1,0.0001890359168241966,0.0,26,5020314.57,False,False,False
CREFFIELD MEDICAL CENTRE,supplier,1,0.0001890359168241966,0.0,15,730953.09,False,False,False
CRESCENT SURGERY NORTHAMPTON,supplier,1,0.0001890359168241966,0.0,15,494259.06,False,False,False
CRESSEX HOUSE PRACTICE,supplier,1,0.0001890359168241966,0.0,15,763723.31,False,False,False
CREST FAMILY PRACTICE,supplier,1,0.0001890359168241966,0.0,20,1095104.8,False,False,False
CREWKERNE HEALTH CENTRE,supplier,1,0.0001890359168241966,0.0,2,108161.62,False,False,False
CREWKERNE HEALTH CENTRE MIDDLE PATH CREWKERNE,supplier,1,0.0001890359168241966,0.0,13,1031064.64,False,False,False
CRG,supplier,1,0.0001890359168241966,0.0,71,17900344.85,False,False,False
CRG HOMECARE,supplier,1,0.0001890359168241966,0.0,2,123147.4,False,False,False
CRIBBS CAUSEWAY SPECSAVERS,supplier,1,0.0001890359168241966,0.0,9,281820.58999999997,False,False,False
CRICK SURGERY,supplier,1,0.0001890359168241966,0.0,16,660573.27,False,False,False
CRICKETFIELD SURGERY NEWTON ABBOT,supplier,1,0.0001890359168241966,0.0,5,595797.06,False,False,False
CRISTIANOS LASER CLINIC,supplier,1,0.0001890359168241966,0.0,3,91866.22,False,False,False
CROFT HALL MEDICAL PRACTICE TORQUAY,supplier,1,0.0001890359168241966,0.0,3,172305.81,False,False,False
CROFT MEDICAL CENTRE,supplier,1,0.0001890359168241966,0.0,12,665708.93,False,False,False
CROOKES PRACTICE,supplier,1,0.0001890359168241966,0.0,5,372499.24,False,False,False
CROSS KEYS SURGERY,supplier,1,0.0001890359168241966,0.0,3,96686.66,False,False,False
CROSS ROAD SURGERY,supplier,1,0.0001890359168241966,0.0,17,2056683.15,False,False,False
CROWN HEIGHTS MEDICAL CENTRE,supplier,1,0.0001890359168241966,0.0,3,85357.41,False,False,False
CROWN HOSTING DATA CENTRES,supplier,2,0.0003780718336483932,0.00022823447630566636,24,655601.92,True,False,True
CROWN MEDICAL CENTRE,supplier,1,0.0001890359168241966,0.0,11,974218.19,False,False,False
CROWN POINT LEEDS SPECSAVERS,supplier,1,0.0001890359168241966,0.0,4,109772.72,False,False,False
CROWNHILL SURGERY PLYMOUTH RIVERSIDE LCG,supplier,1,0.0001890359168241966,0.0,3,75884.45999999999,False,False,False
CROYDON HEALTH SERVICES NHS TRUST,supplier,1,0.0001890359168241966,0.0,565,268394133.9,False,True,True
CU SERVICES,supplier,1,0.0001890359168241966,0.0,27,1614970.59,False,False,False
CUBE CREATIVE,supplier,1,0.0001890359168241966,0.0,4,199220.0,False,False,False
CULM VALLEY INTEGRATED CENTRE FOR HEALTH,supplier,1,0.0001890359168241966,0.0,3,320946.69,False,False,False
CULTURAL INTELLIGENCE,supplier,1,0.0001890359168241966,0.0,3,101250.0,False,False,False
CULVERHAY SURGERY,supplier,1,0.0001890359168241966,0.0,3,104322.2,False,False,False
CUMBRIA NORTHUMBERLAND TYNE AND WEAR NHS FOUNDATION TRUST,supplier,2,0.0003780718336483932,0.0,635,689953510.53,True,True,True
CUMBRIA PARTNERSHIP NHS FOUNDATION TRUST,supplier,1,0.0001890359168241966,0.0,136,19327662.21,False,False,False
CURRIE & BROWN UK,supplier,1,0.0001890359168241966,0.0,7,217664.61,False,False,False
CXPARTNERS,supplier,1,0.0001890359168241966,0.0,2,79470.0,False,False,False
CYBERDUCK,supplier,1,0.0001890359168241966,0.0,2,155620.8,False,False,False
CYCLE SOLUTIONS CYCLE TO WORK,supplier,1,0.0001890359168241966,0.0,4,137716.04,False,False,False
CYGNET BEHAVIOURAL HEALTH,supplier,1,0.0001890359168241966,0.0,23,863427.65,False,False,False
CYGNET HEALTH CARE,supplier,1,0.0001890359168241966,0.0,4,184438.84,False,False,False
CYGNET HEALTHCARE,supplier,1,0.0001890359168241966,0.0,245,379049848.40999997,False,True,True
CYGNET NW,supplier,1,0.0001890359168241966,0.0,5,139982.7,False,False,False
CYRES,supplier,1,0.0001890359168241966,0.0,3,84000.0,False,False,False
CYRUS C S & PARTNERS,supplier,1,0.0001890359168241966,0.0,2,66416.12,False,False,False
DA LANGUAGES,supplier,1,0.0001890359168241966,0.0,5,396674.19,False,False,False
DADGE DALBY MCCOLE & PARTNERS,supplier,1,0.0001890359168241966,0.0,12,656196.66,False,False,False
DANEBRIDGE MEDICAL PRACTICE,supplier,1,0.0001890359168241966,0.0,6,284095.16000000003,False,False,False
DANEBRIDGE MEDICAL PRACTICE N81087,supplier,1,0.0001890359168241966,0.0,3,211801.26,False,False,False
DANES CAMP SURGERY,supplier,1,0.0001890359168241966,0.0,17,874153.17,False,False,False
DANETRE MEDICAL PRACTICE,supplier,1,0.0001890359168241966,0.0,28,2310011.53,False,False,False
DANN C F & PARTNERS,supplier,1,0.0001890359168241966,0.0,31,2327639.89,False,False,False
DARLEY DALE MEDICAL CENTRE,supplier,1,0.0001890359168241966,0.0,4,202529.82,False,False,False
DARLINGTON BOROUGH COUNCIL,supplier,1,0.0001890359168241966,0.0,3,221933.0,False,False,False
DARTFORD AND GRAVESHAM NHS TRUST,supplier,1,0.0001890359168241966,0.0,560,294035559.55,False,True,True
DARTMOUTH COLLEGE,supplier,2,0.0003780718336483932,0.00026547282920475195,5,369380.8740993,True,False,True
DARTMOUTH MEDICAL PRACTICE,supplier,1,0.0001890359168241966,0.0,6,346579.67000000004,False,False,False
DARWEN HEALTH CARE,supplier,1,0.0001890359168241966,0.0,11,583931.1,False,False,False
DARWEN HEALTHLINK PARTNERSHIP,supplier,1,0.0001890359168241966,0.0,3,83411.4,False,False,False
DARWIN MEDICAL PRACTICE,supplier,1,0.0001890359168241966,0.0,22,998593.53,False,False,False
DASGUPTA R & PARTNER,supplier,1,0.0001890359168241966,0.0,27,871850.64,False,False,False
DAVENPORT HOUSE SURGERY,supplier,1,0.0001890359168241966,0.0,8,314183.86,False,False,False
DAVID STANLEY OPTICALS,supplier,1,0.0001890359168241966,0.0,2,73245.87,False,False,False
DAVIES A M & PARTNERS,supplier,1,0.0001890359168241966,0.0,28,1704288.73,False,False,False
DAVIES FURLONG CONSULTING,supplier,1,0.0001890359168241966,0.0,3,146135.0,False,False,False
DAVITA UK OPERATIONS,supplier,1,0.0001890359168241966,0.0,3,100426.0,False,False,False
DAWES FAMILY PRACTICE,supplier,1,0.0001890359168241966,0.0,5,159760.16,False,False,False
DAWLEY MEDICAL PRACTICE,supplier,1,0.0001890359168241966,0.0,2,51240.28,False,False,False
DAWTON A J & PARTNERS,supplier,1,0.0001890359168241966,0.0,12,829631.8,False,False,False
DE MONTFORT UNIVERSITY,supplier,1,0.0001890359168241966,0.0,47,3493797.0300000003,False,False,False
DE PARYS GROUP,supplier,1,0.0001890359168241966,0.0,21,1625365.54,False,False,False
DE SILVO,supplier,1,0.0001890359168241966,0.0,5,132816.94,False,False,False
DE SOUZA R F & PARTNERS,supplier,1,0.0001890359168241966,0.0,47,4556986.57,False,False,False
DEAN CROSS SURGERY PLYMSTOCK RIVERSIDE LCG,supplier,1,0.0001890359168241966,0.0,3,236963.55000000002,False,False,False
DEAN NEUROLOGICAL UNIT,supplier,1,0.0001890359168241966,0.0,3,77766.29000000001,False,False,False
DEERNESS PARK MEDICAL GROUP,supplier,1,0.0001890359168241966,0.0,4,102829.76000000001,False,False,False
DEGUN W J & PARTNER,supplier,1,0.0001890359168241966,0.0,28,1385002.61,False,False,False
DELAMERE CENTRE,supplier,1,0.0001890359168241966,0.0,10,633972.38,False,False,False
DELAPRE MEDICAL CENTRE,supplier,1,0.0001890359168241966,0.0,25,2232655.82,False,False,False
DELIB,supplier,1,0.0001890359168241966,0.0,4,115176.0,False,False,False
DELTASCHEME,supplier,1,0.0001890359168241966,0.0,10,619496.0,False,False,False
DEMELZA HOSPICE CARE FOR CHILDREN,supplier,1,0.0001890359168241966,0.0,5,5667669.0,False,False,False
DENGIE MEDICAL PARTNERSHIP,supplier,1,0.0001890359168241966,0.0,27,1142223.39,False,False,False
DENMEAD DOCTORS SURGERY,supplier,1,0.0001890359168241966,0.0,23,2700561.1,False,False,False
DENTAL CONCEPTS,supplier,1,0.0001890359168241966,0.0,48,1922741.94,False,False,False
DENTON MEDICAL PRACTICE,supplier,1,0.0001890359168241966,0.0,2,60741.09,False,False,False
DENTON SURGERY,supplier,1,0.0001890359168241966,0.0,17,754257.28,False,False,False
DENWARD MANUFACTURING,supplier,1,0.0001890359168241966,0.0,6,187968.0,False,False,False
DEPARTMENT FOR COMMUNITIES & LOCAL GOVERNMENT,supplier,1,0.0001890359168241966,0.0,2,138459.97,False,False,False
DEPARTMENT FOR EDUCATION,supplier,1,0.0001890359168241966,0.0,8,380858.32,False,False,False
DEPARTMENT FOR INTERNATIONAL TRADE,supplier,1,0.0001890359168241966,0.0,22,3321495.0,False,False,False
DEPARTMENT FOR TRANSPORT,supplier,1,0.0001890359168241966,0.0,3,209588.65,False,False,False
DEPARTMENT FOR WORK & PENSIONS,supplier,1,0.0001890359168241966,0.0,3,148104.44,False,False,False
DEPARTMENT OF HEALTH & SOCIAL CARE,supplier,3,0.0005671077504725899,0.00023530675576013268,174,114750278.79,True,False,True
DERBY 1 DOMICILIARY SPECSAVERS LTD TA SPECSAVERS HEALTHCALL,supplier,1,0.0001890359168241966,0.0,9,369050.42,False,False,False
DERBY ROAD PRACTICE IPSWICH,supplier,1,0.0001890359168241966,0.0,2,74343.4,False,False,False
DERBYSHIRE COMMUNITY HEALTH SERVICES NHS FOUNDATION TRUST,supplier,1,0.0001890359168241966,0.0,160,46861478.68,False,False,False
DERBYSHIRE COUNTY COUNCIL,supplier,1,0.0001890359168241966,0.0,5,375082.5,False,False,False
DERBYSHIRE HEALTHCARE NHS FOUNDATION TRUST,supplier,1,0.0001890359168241966,0.0,243,63601778.65,False,True,True
DERBYSHIRE SUPPORT AND FACILITIES SERVICES,supplier,1,0.0001890359168241966,0.0,2,80220.25,False,False,False
DERIAN HOUSE CHILDRENS HOSPICE,supplier,1,0.0001890359168241966,0.0,5,3268333.0,False,False,False
DERWENT PRACTICE,supplier,1,0.0001890359168241966,0.0,25,1443072.88,False,False,False
DESHPANDE A M & PARTNER,supplier,1,0.0001890359168241966,0.0,24,641933.34,False,False,False
DESQ,supplier,1,0.0001890359168241966,0.0,3,149985.0,False,False,False
DEVELOP CONSULTING,supplier,1,0.0001890359168241966,0.0,76,3065321.0,False,False,False
DEVELOPING HEALTH & INDEPENDENCE,supplier,1,0.0001890359168241966,0.0,7,990539.0,False,False,False
DEVON CEPN,supplier,1,0.0001890359168241966,0.0,2,265758.32999999996,False,False,False
DEVON COUNTY COUNCIL,supplier,1,0.0001890359168241966,0.0,18,4431685.88,False,False,False
DEVON DOCTORS,supplier,1,0.0001890359168241966,0.0,26,1038919.41,False,False,False
DEVON LMC,supplier,1,0.0001890359168241966,0.0,4,177975.13,False,False,False
DEVON PARTNERSHIP NHS TRUST,supplier,1,0.0001890359168241966,0.0,622,799425516.78,False,True,True
DEVON SQUARE SURGERY NEWTON ABBOT,supplier,1,0.0001890359168241966,0.0,4,208042.75,False,False,False
DEVON TRAINING HUB,supplier,1,0.0001890359168241966,0.0,16,2326829.15,False,False,False
DEVONPORT HEALTH CENTRE,supplier,1,0.0001890359168241966,0.0,7,314239.5,False,False,False
DEXTER & PARTNERS,supplier,1,0.0001890359168241966,0.0,10,759734.25,False,False,False
DEXTROUS WEB,supplier,1,0.0001890359168241966,0.0,15,809400.0,False,False,False
DH OPCO UK,supplier,1,0.0001890359168241966,0.0,8,785799.48,False,False,False
DHAWAN N & PARTNERS,supplier,1,0.0001890359168241966,0.0,15,960571.24,False,False,False
DHL INTERNATIONAL UK,supplier,1,0.0001890359168241966,0.0,2,56003.64,False,False,False
DHL SUPPLY CHAIN,supplier,1,0.0001890359168241966,0.0,15,23275771.1,False,False,False
DHU HEALTH CARE CIC,supplier,1,0.0001890359168241966,0.0,4,132175.16,False,False,False
DIABETES UK,supplier,1,0.0001890359168241966,0.0,27,1555807.3,False,False,False
DIAGNOSTIC PATH SOLUTIONS,supplier,1,0.0001890359168241966,0.0,2,80250.0,False,False,False
DICCONSON GROUP PRACTICE,supplier,1,0.0001890359168241966,0.0,7,351820.33999999997,False,False,False
DICKENS L A & PARTNERS,supplier,1,0.0001890359168241966,0.0,5,304888.2,False,False,False
DIDCOT HEALTH CENTRE,supplier,1,0.0001890359168241966,0.0,2,54776.7,False,False,False
DIFRENT,supplier,2,0.0003780718336483932,0.00022823447630566636,10,685141.0,True,False,True
DIGIBETE CIC,supplier,1,0.0001890359168241966,0.0,12,1310530.0,False,False,False
DIGITAL HEALTH INTELLIGENCE,supplier,1,0.0001890359168241966,0.0,3,90000.0,False,False,False
DIGITAL UNITE,supplier,1,0.0001890359168241966,0.0,2,142800.0,False,False,False
DINNINGTON GROUP PRACTICE C87002,supplier,1,0.0001890359168241966,0.0,2,85290.72,False,False,False
DIPPLE MEDICAL CENTRE,supplier,1,0.0001890359168241966,0.0,3,103806.42,False,False,False
DISABILITIES TRUST,supplier,1,0.0001890359168241966,0.0,3,138071.05,False,False,False
DISCOVER MOMENTA,supplier,1,0.0001890359168241966,0.0,41,3415515.26,False,False,False
DIVING DISEASE RESEARCH CENTRE,supplier,1,0.0001890359168241966,0.0,75,9432512.23,False,False,False
DLA PIPER UK,supplier,1,0.0001890359168241966,0.0,40,2044717.55,False,False,False
DOCKLANDS MEDICAL CENTRE LONDON,supplier,1,0.0001890359168241966,0.0,5,276172.22,False,False,False
DOCTORS HOUSE,supplier,1,0.0001890359168241966,0.0,3,100438.24,False,False,False
DOCTORS SURGERY ACC MARLPITS ROAD,supplier,1,0.0001890359168241966,0.0,2,253472.44,False,False,False
DOLPHIN HOUSE SURGERY,supplier,1,0.0001890359168241966,0.0,16,871869.59,False,False,False
DONCASTER AND BASSETLAW HOSPITALS NHS FOUNDATION TRUST,supplier,1,0.0001890359168241966,0.0,865,284765962.61,False,True,True
DONNA LOUISE TRUST,supplier,1,0.0001890359168241966,0.0,2,649557.0,False,False,False
DONNA OCKENDEN,supplier,1,0.0001890359168241966,0.0,27,3991542.0100000002,False,False,False
DORKING HEALTHCARE,supplier,1,0.0001890359168241966,0.0,3,187978.89,False,False,False
DORKING MEDICAL PRACTICE,supplier,1,0.0001890359168241966,0.0,5,313562.58,False,False,False
DOROTHY HOUSE FOUNDATION,supplier,1,0.0001890359168241966,0.0,5,772433.36,False,False,False
DORRIDGE SURGERY,supplier,1,0.0001890359168241966,0.0,2,61337.16,False,False,False
DORSET COUNTY COUNCIL,supplier,1,0.0001890359168241966,0.0,3,100346.0,False,False,False
DORSET COUNTY HOSPITAL NHS FOUNDATION TRUST,supplier,1,0.0001890359168241966,0.0,562,284084940.7,False,True,True
DORSET HEALTHCARE UNIVERSITY NHS FOUNDATION TRUST,supplier,1,0.0001890359168241966,0.0,523,139891127.97,False,True,True
DORSET ORTHOPAEDIC CO,supplier,1,0.0001890359168241966,0.0,17,769195.65,False,False,False
DOUGLAS MACMILLAN HOSPICE,supplier,1,0.0001890359168241966,0.0,3,1141422.0,False,False,False
DOWNEND HEALTH GROUP,supplier,1,0.0001890359168241966,0.0,8,352370.48,False,False,False
DOWNLANDS MEDICAL CENTRE,supplier,1,0.0001890359168241966,0.0,2,51889.479999999996,False,False,False
DOWNSWAY MEDICAL PRACTICE,supplier,1,0.0001890359168241966,0.0,4,120872.1,False,False,False
DR A B BOLTON & PARTNERS,supplier,1,0.0001890359168241966,0.0,12,650705.3200000001,False,False,False
DR A BAQAI & PARTNERS,supplier,1,0.0001890359168241966,0.0,3,140769.03,False,False,False
DR A BORTHWICK & PARTNERS,supplier,1,0.0001890359168241966,0.0,6,680379.1000000001,False,False,False
DR A C A DEWEEVER & PARTNERS,supplier,1,0.0001890359168241966,0.0,7,268185.9,False,False,False
DR A C BROOKS & PARTNERS,supplier,1,0.0001890359168241966,0.0,12,1183872.04,False,False,False
DR A E RICHARDS & PARTNERS,supplier,1,0.0001890359168241966,0.0,2,59223.22,False,False,False
DR A G MALES PARTNERS,supplier,1,0.0001890359168241966,0.0,2,57183.04,False,False,False
DR A INGRAM & PARTNERS,supplier,1,0.0001890359168241966,0.0,10,651352.96,False,False,False
DR A IWANTSCHAK & PARTNERS,supplier,1,0.0001890359168241966,0.0,14,579042.52,False,False,False
DR A J DE COTHI & PARTNERS,supplier,1,0.0001890359168241966,0.0,8,630819.96,False,False,False
DR A J HUSSELBEE & PARTNERS,supplier,1,0.0001890359168241966,0.0,8,353636.18,False,False,False
DR A K LAKE & PARTNERS,supplier,1,0.0001890359168241966,0.0,2,173927.41999999998,False,False,False
DR A K VORA & PARTNERS,supplier,1,0.0001890359168241966,0.0,19,1599207.3,False,False,False
DR A KAYE & PARTNERS,supplier,1,0.0001890359168241966,0.0,7,457625.46,False,False,False
DR A KELSHIKER & PARTNER,supplier,1,0.0001890359168241966,0.0,14,1351107.44,False,False,False
DR A LENNOX & PARTNERS,supplier,1,0.0001890359168241966,0.0,3,103538.7,False,False,False
DR A M PRESS & PARTNERS,supplier,1,0.0001890359168241966,0.0,13,989308.08,False,False,False
DR A MARTIN & PARTNERS,supplier,1,0.0001890359168241966,0.0,3,100189.04,False,False,False
DR A NASH,supplier,1,0.0001890359168241966,0.0,15,449754.87,False,False,False
DR A P PITSIAELI & PARTNERS,supplier,1,0.0001890359168241966,0.0,3,251786.31,False,False,False
DR A R EMERSON & PARTNERS,supplier,1,0.0001890359168241966,0.0,11,752256.56,False,False,False
DR A S HUSSEY & PTNRS,supplier,1,0.0001890359168241966,0.0,4,274922.0,False,False,False
DR A W SHERWOOD & PARTNERS,supplier,1,0.0001890359168241966,0.0,18,968104.05,False,False,False
DR AB HAMILTON & PARTNERS,supplier,1,0.0001890359168241966,0.0,3,140321.77,False,False,False
DR AE GROCOTT & PARTNERS,supplier,1,0.0001890359168241966,0.0,2,54454.78,False,False,False
DR AGARWAL AND PARTNERS F81105,supplier,1,0.0001890359168241966,0.0,6,241657.82,False,False,False
DR AINSWORTH AFC & PARTNERS,supplier,1,0.0001890359168241966,0.0,5,350136.74,False,False,False
DR AJ COLE & PARTNERS,supplier,1,0.0001890359168241966,0.0,2,78750.0,False,False,False
DR AJ WATTS & PARTNERS,supplier,1,0.0001890359168241966,0.0,3,86385.22,False,False,False
DR AK ABEYEWARDENE,supplier,1,0.0001890359168241966,0.0,27,897339.42,False,False,False
DR AK SANDHU,supplier,1,0.0001890359168241966,0.0,2,145380.0,False,False,False
DR ALLEN & PARTNERS MANSFIELD,supplier,1,0.0001890359168241966,0.0,2,668312.1799999999,False,False,False
DR AM CARROLL & PARTNERS,supplier,1,0.0001890359168241966,0.0,3,126884.98999999999,False,False,False
DR ANDERSON & PARTNERS LOWESTOFT,supplier,1,0.0001890359168241966,0.0,2,55692.16,False,False,False
DR ANDERSON & PARTNERS NEWQUAY,supplier,1,0.0001890359168241966,0.0,3,335252.61,False,False,False
DR ANNE DE GAY,supplier,1,0.0001890359168241966,0.0,12,1738262.46,False,False,False
DR AP WIEJAK & PARTNERS,supplier,1,0.0001890359168241966,0.0,3,119687.79000000001,False,False,False
DR ARCHER R P & PARTNER,supplier,1,0.0001890359168241966,0.0,3,141521.7,False,False,False
DR ASG USHER & PARTNERS,supplier,1,0.0001890359168241966,0.0,20,1367522.64,False,False,False
DR ASH & PARTNERS,supplier,1,0.0001890359168241966,0.0,17,1216711.3399999999,False,False,False
DR AUCKLAND & PARTNERS,supplier,1,0.0001890359168241966,0.0,5,469585.98,False,False,False
DR B A SCRIVINGS & PARTNERS,supplier,1,0.0001890359168241966,0.0,3,95761.51,False,False,False
DR B A TUCK & PARTNERS,supplier,1,0.0001890359168241966,0.0,2,57321.880000000005,False,False,False
DR B AHMED & PARTNERS,supplier,1,0.0001890359168241966,0.0,9,656799.24,False,False,False
DR B BROWNING & PARTNERS,supplier,1,0.0001890359168241966,0.0,2,62583.32,False,False,False
DR B C CHAPARALA,supplier,1,0.0001890359168241966,0.0,3,115181.0,False,False,False
DR B DAS & PARTNERS,supplier,1,0.0001890359168241966,0.0,18,1775814.2,False,False,False
DR B HEAP & M ARAM,supplier,1,0.0001890359168241966,0.0,5,288372.51,False,False,False
DR B KIRKUP & PARTNERS,supplier,1,0.0001890359168241966,0.0,19,1526135.62,False,False,False
DR B PERKINS,supplier,1,0.0001890359168241966,0.0,2,69255.66,False,False,False
DR BADIANI K N & PARTNERS,supplier,1,0.0001890359168241966,0.0,4,135383.03999999998,False,False,False
DR BAIG & PARTNERS,supplier,1,0.0001890359168241966,0.0,3,86345.20999999999,False,False,False
DR BARNES M H & PARTNERS,supplier,1,0.0001890359168241966,0.0,5,157344.88,False,False,False
DR BELDERSON L & PARTNERS,supplier,1,0.0001890359168241966,0.0,19,1516668.92,False,False,False
DR BEN NOBLE,supplier,1,0.0001890359168241966,0.0,2,54780.0,False,False,False
DR BENNETT & PARTNERS,supplier,1,0.0001890359168241966,0.0,11,623814.5,False,False,False
DR BEVERIDGE & PARTNERS,supplier,1,0.0001890359168241966,0.0,3,82904.45999999999,False,False,False
DR BHAGEERUTTY & PARTNERS,supplier,1,0.0001890359168241966,0.0,23,2108581.42,False,False,False
DR BISHOP F M & PARTNERS,supplier,1,0.0001890359168241966,0.0,16,1054359.9,False,False,False
DR BLACK & PARTNERS PORTSCATHO,supplier,1,0.0001890359168241966,0.0,2,62392.26,False,False,False
DR BLOXHAM & PARTNERS,supplier,1,0.0001890359168241966,0.0,17,990583.06,False,False,False
DR BOLTON & PARTNERS,supplier,1,0.0001890359168241966,0.0,3,124737.20000000001,False,False,False
DR BOON & PARTNERS,supplier,1,0.0001890359168241966,0.0,10,998623.47,False,False,False
DR BOOTH & PARTNERS,supplier,1,0.0001890359168241966,0.0,5,189723.5,False,False,False
DR BOUCH & PARTNERS,supplier,1,0.0001890359168241966,0.0,18,1545907.8900000001,False,False,False
DR BROOKE J P & PARTNERS,supplier,1,0.0001890359168241966,0.0,7,230972.18,False,False,False
DR BROPHY & PARTNERS,supplier,1,0.0001890359168241966,0.0,9,1070035.0,False,False,False
DR BROWN N P & PARTNERS,supplier,1,0.0001890359168241966,0.0,10,474158.32,False,False,False
DR BROWNE & PARTNERS MANCHESTER,supplier,1,0.0001890359168241966,0.0,2,59170.0,False,False,False
DR BRUMBY & PARTNERS,supplier,1,0.0001890359168241966,0.0,9,462932.26,False,False,False
DR BUCKLEY & PARTNERS,supplier,1,0.0001890359168241966,0.0,2,72257.72,False,False,False
DR BURNETT & PARTNERS,supplier,1,0.0001890359168241966,0.0,2,152676.74,False,False,False
DR BURNHAM & PARTNERS,supplier,1,0.0001890359168241966,0.0,16,793654.88,False,False,False
DR BURR & PARTNERS,supplier,1,0.0001890359168241966,0.0,5,170185.02,False,False,False
DR BUTLER & PARTNERS,supplier,1,0.0001890359168241966,0.0,32,2107879.82,False,False,False
DR C A CORNWELL & PARTNERS,supplier,1,0.0001890359168241966,0.0,6,229185.78,False,False,False
DR C A JOHNSTON & PARTNERS,supplier,1,0.0001890359168241966,0.0,2,60190.42,False,False,False
DR C J MUNRO & PARTNERS,supplier,1,0.0001890359168241966,0.0,2,66522.0,False,False,False
DR C JENNER & PARTNERS,supplier,1,0.0001890359168241966,0.0,8,287655.86,False,False,False
DR C LLOYD & PARTNERS,supplier,1,0.0001890359168241966,0.0,56,6993966.12,False,False,False
DR C M YOUNG & PARTNERS,supplier,1,0.0001890359168241966,0.0,4,121575.1,False,False,False
DR C NAGPAUL,supplier,1,0.0001890359168241966,0.0,18,1697898.46,False,False,False
DR C RHODES & PARTNERS,supplier,1,0.0001890359168241966,0.0,4,147010.99,False,False,False
DR C S JONES & PARTNERS,supplier,1,0.0001890359168241966,0.0,6,267944.04000000004,False,False,False
DR C S STOKES & PARTNER,supplier,1,0.0001890359168241966,0.0,3,119530.01999999999,False,False,False
DR C THORMAN & PARTNERS,supplier,1,0.0001890359168241966,0.0,7,219516.28999999998,False,False,False
DR CA ROBERTS & PARTNERS,supplier,1,0.0001890359168241966,0.0,3,93068.28,False,False,False
DR CAMM M J & PARTNERS,supplier,1,0.0001890359168241966,0.0,14,712110.48,False,False,False
DR CECIL & PARTNERS,supplier,1,0.0001890359168241966,0.0,2,79891.18,False,False,False
DR CHAPMAN & PARTNERS,supplier,1,0.0001890359168241966,0.0,4,116293.9,False,False,False
DR CHARLES & PTRS,supplier,1,0.0001890359168241966,0.0,16,1121908.72,False,False,False
DR CHESOVER D F & PARTNERS,supplier,1,0.0001890359168241966,0.0,30,3223531.59,False,False,False
DR CJ GREEN & PARTNERS,supplier,1,0.0001890359168241966,0.0,3,121438.70999999999,False,False,False
DR CLAY S N & PARTNERS,supplier,1,0.0001890359168241966,0.0,14,1004180.06,False,False,False
DR CLEGG & PARTNERS,supplier,1,0.0001890359168241966,0.0,2,81887.5,False,False,False
DR COCHRAN G O & PARTNERS,supplier,1,0.0001890359168241966,0.0,2,72846.84,False,False,False
DR COGBILL P G & PARTNERS,supplier,1,0.0001890359168241966,0.0,2,55189.16,False,False,False
DR COLLINS & CARRAGHER,supplier,1,0.0001890359168241966,0.0,3,116683.70999999999,False,False,False
DR COOKE & PARTNERS SALTASH,supplier,1,0.0001890359168241966,0.0,3,263072.97000000003,False,False,False
DR COONEY J A F & PARTNERS,supplier,1,0.0001890359168241966,0.0,13,580154.74,False,False,False
DR COOPER & PARTNERS COVENTRY,supplier,1,0.0001890359168241966,0.0,12,628683.6,False,False,False
DR COOPER & PARTNERS ROTHERHAM,supplier,1,0.0001890359168241966,0.0,12,868073.8200000001,False,False,False
DR COPE & PARTNERS,supplier,1,0.0001890359168241966,0.0,2,59280.0,False,False,False
DR CORLETT & PARTNERS DONCASTER,supplier,1,0.0001890359168241966,0.0,2,134599.1,False,False,False
DR CORLETT & PARTNERS SPALDING,supplier,1,0.0001890359168241966,0.0,3,97964.28,False,False,False
DR CROSFIELD C E & PARTNERS,supplier,1,0.0001890359168241966,0.0,5,305533.02,False,False,False
DR D A WALL & PARTNERS,supplier,1,0.0001890359168241966,0.0,4,152835.0,False,False,False
DR D C PATEL & PARTNERS HARROW,supplier,1,0.0001890359168241966,0.0,5,173996.19,False,False,False
DR D C PATEL & PARTNERS PRESTON,supplier,1,0.0001890359168241966,0.0,2,72885.15,False,False,False
DR D G BRODIE & PARTNERS,supplier,1,0.0001890359168241966,0.0,10,709456.46,False,False,False
DR D G POLKINGHORN & PARTNERS,supplier,1,0.0001890359168241966,0.0,2,58458.66,False,False,False
DR D H F KOPCKE & PARTNERS,supplier,1,0.0001890359168241966,0.0,19,1398068.8699999999,False,False,False
DR D IRWIN & PARTNER,supplier,1,0.0001890359168241966,0.0,8,407886.66,False,False,False
DR D LANE & PARTNERS,supplier,1,0.0001890359168241966,0.0,2,109027.78,False,False,False
DR D M HUGHES & PARTNERS,supplier,1,0.0001890359168241966,0.0,18,952838.6,False,False,False
DR D O YATES & PTRS,supplier,1,0.0001890359168241966,0.0,13,910624.38,False,False,False
DR D PRIMORAC,supplier,1,0.0001890359168241966,0.0,10,564098.11,False,False,False
DR D R BEVAN & PARTNERS,supplier,1,0.0001890359168241966,0.0,4,106889.74,False,False,False
DR D S MCMASTER & PARTNER,supplier,1,0.0001890359168241966,0.0,8,473997.25,False,False,False
DR D W BROWN & PARTNERS,supplier,1,0.0001890359168241966,0.0,7,632133.5,False,False,False
DR DA HINKES & PARTNERS,supplier,1,0.0001890359168241966,0.0,3,131991.12,False,False,False
DR DA JONES & PARTNERS,supplier,1,0.0001890359168241966,0.0,9,1473891.75,False,False,False
DR DALAL & PARTNERS,supplier,1,0.0001890359168241966,0.0,3,369108.76,False,False,False
DR DALTON & PARTNER,supplier,1,0.0001890359168241966,0.0,11,395384.22000000003,False,False,False
DR DANBY J & PARTNERS,supplier,1,0.0001890359168241966,0.0,13,1539363.7,False,False,False
DR DAVENPORT P G & PARTNERS,supplier,1,0.0001890359168241966,0.0,4,145331.88,False,False,False
DR DAVIES & PARTNERS HELSTON,supplier,1,0.0001890359168241966,0.0,2,206069.16,False,False,False
DR DAVIES & PARTNERS ISLES OF SCILLY,supplier,1,0.0001890359168241966,0.0,3,246367.21999999997,False,False,False
DR DAWSON & PARTNERS,supplier,1,0.0001890359168241966,0.0,6,323245.9,False,False,False
DR DCM EVANS & PARTNERS,supplier,1,0.0001890359168241966,0.0,10,2515394.05,False,False,False
DR DE SOUZA & PARTNERS,supplier,1,0.0001890359168241966,0.0,34,2804588.61,False,False,False
DR DJ CONATY & PARTNERS,supplier,1,0.0001890359168241966,0.0,4,123668.59,False,False,False
DR DK OLIVER,supplier,1,0.0001890359168241966,0.0,21,860543.1599999999,False,False,False
DR DODDRELL & PARTNERS,supplier,1,0.0001890359168241966,0.0,14,1101483.3599999999,False,False,False
DR DOUGLAS & PARTNERS,supplier,1,0.0001890359168241966,0.0,22,1615849.45,False,False,False
DR DOWLING,supplier,1,0.0001890359168241966,0.0,3,127293.87,False,False,False
DR DREWETT & PARTNERS,supplier,1,0.0001890359168241966,0.0,3,80939.54,False,False,False
DR DT SAY AND PARTNERS,supplier,1,0.0001890359168241966,0.0,6,187650.32,False,False,False
DR DURR & PARTNERS,supplier,1,0.0001890359168241966,0.0,20,1426837.7,False,False,False
DR DWYER & PARTNERS,supplier,1,0.0001890359168241966,0.0,2,62372.0,False,False,False
DR E LEWIS,supplier,1,0.0001890359168241966,0.0,15,1180355.3,False,False,False
DR ECCLES D & PARTNERS,supplier,1,0.0001890359168241966,0.0,2,172427.26,False,False,False
DR ECCLESTON D B & PARTNERS,supplier,1,0.0001890359168241966,0.0,3,106586.58,False,False,False
DR EDGERLEY & PARTNERS,supplier,1,0.0001890359168241966,0.0,2,135448.66,False,False,False
DR EDWARDS&PARTNERS WIDNES,supplier,1,0.0001890359168241966,0.0,3,125046.7,False,False,False
DR EVE & PARTNERS,supplier,1,0.0001890359168241966,0.0,2,156759.88,False,False,False
DR EYRE & PARTNERS,supplier,1,0.0001890359168241966,0.0,32,4619721.4,False,False,False
DR F KOHI & PARTNERS,supplier,1,0.0001890359168241966,0.0,2,130318.04000000001,False,False,False
DR F LASMAN & PARTNERS,supplier,1,0.0001890359168241966,0.0,13,645513.69,False,False,False
DR F MCCLOGHRY & PARTNERS,supplier,1,0.0001890359168241966,0.0,6,321851.62,False,False,False
DR F S ALLEN & PARTNERS,supplier,1,0.0001890359168241966,0.0,7,959171.36,False,False,False
DR F W MOUJAES & DR M A MANNAN,supplier,1,0.0001890359168241966,0.0,16,1182504.14,False,False,False
DR FAIRLIE & PARTNERS,supplier,1,0.0001890359168241966,0.0,2,117437.04,False,False,False
DR FH WATERS & PARTNERS,supplier,1,0.0001890359168241966,0.0,7,417201.63,False,False,False
DR FIELDER & PARTNERS,supplier,1,0.0001890359168241966,0.0,2,51990.08,False,False,False
DR FJ LAWRENSON & PARTNERS,supplier,1,0.0001890359168241966,0.0,4,238980.24,False,False,False
DR FLAXMAN PA & PARTNERS,supplier,1,0.0001890359168241966,0.0,5,179422.36000000002,False,False,False
DR FOSTER & PARTNERS,supplier,1,0.0001890359168241966,0.0,2,184044.42,False,False,False
DR FREEMAN & PARTNERS,supplier,1,0.0001890359168241966,0.0,15,660842.22,False,False,False
DR FRITH & PTRS,supplier,1,0.0001890359168241966,0.0,12,454027.1,False,False,False
DR FURN DAVIES & PARTNERS,supplier,1,0.0001890359168241966,0.0,12,1435618.66,False,False,False
DR G A LEES & PARTNERS,supplier,1,0.0001890359168241966,0.0,12,562271.42,False,False,False
DR G D COOK & PARTNERS,supplier,1,0.0001890359168241966,0.0,3,152410.32,False,False,False
DR G FELLOWS & PARTNERS,supplier,1,0.0001890359168241966,0.0,21,1867996.41,False,False,False
DR G JEELANI & PARTNER,supplier,1,0.0001890359168241966,0.0,3,106146.29999999999,False,False,False
DR G KALSI,supplier,1,0.0001890359168241966,0.0,2,52710.0,False,False,False
DR G PICKAVANCE & PARTNERS,supplier,1,0.0001890359168241966,0.0,8,620393.49,False,False,False
DR G SINGH,supplier,1,0.0001890359168241966,0.0,18,1763906.13,False,False,False
DR G SIVARAJAH,supplier,1,0.0001890359168241966,0.0,2,65568.34,False,False,False
DR G STUBBENS & PARTNERS,supplier,1,0.0001890359168241966,0.0,6,510227.4,False,False,False
DR GALLAGHER & PARTNERS NOTTINGHAM,supplier,1,0.0001890359168241966,0.0,2,97497.62,False,False,False
DR GALLAGHER & PARTNERS SHEFFIELD,supplier,1,0.0001890359168241966,0.0,2,50913.66,False,False,False
DR GALLAGHER & PARTNERS SOUTH SHIELDS,supplier,1,0.0001890359168241966,0.0,3,100616.23000000001,False,False,False
DR GARROD & PARTNERS BOSCASTLE,supplier,1,0.0001890359168241966,0.0,3,125839.86,False,False,False
DR GARROD & PARTNERS CAMELFORD,supplier,1,0.0001890359168241966,0.0,15,377578.68,False,False,False
DR GARWOOD D J & PARTNERS,supplier,1,0.0001890359168241966,0.0,2,62316.32,False,False,False
DR GASPAR A S & PARTNERS,supplier,1,0.0001890359168241966,0.0,7,379862.48,False,False,False
DR GAVRILOVIC & PTRS,supplier,1,0.0001890359168241966,0.0,5,165997.94,False,False,False
DR GC JOLLIFFE & PARTNERS,supplier,1,0.0001890359168241966,0.0,3,164317.88999999998,False,False,False
DR GETHIN & PARTNERS,supplier,1,0.0001890359168241966,0.0,2,89233.8,False,False,False
DR GILKAR I A & PARTNER,supplier,1,0.0001890359168241966,0.0,11,638202.19,False,False,False
DR GM WILLIAMS,supplier,1,0.0001890359168241966,0.0,2,57964.81,False,False,False
DR GM WILSON & PARTNERS,supplier,1,0.0001890359168241966,0.0,17,3724962.3400000003,False,False,False
DR GOLDBERG,supplier,1,0.0001890359168241966,0.0,8,320571.63,False,False,False
DR GOLDSACK & PARTNERS,supplier,1,0.0001890359168241966,0.0,3,77968.26,False,False,False
DR GOLDSTEIN & PARTNERS,supplier,1,0.0001890359168241966,0.0,2,56597.56,False,False,False
DR GOMERSALL & PARTNERS,supplier,1,0.0001890359168241966,0.0,7,582135.79,False,False,False
DR GR MURRAY & PARTNERS,supplier,1,0.0001890359168241966,0.0,13,856688.0599999999,False,False,False
DR GRAHAM & PARTNERS,supplier,1,0.0001890359168241966,0.0,7,432776.45,False,False,False
DR GRAINGER & PARTNERS,supplier,1,0.0001890359168241966,0.0,2,65592.92,False,False,False
DR GRANT & PARTNERS,supplier,1,0.0001890359168241966,0.0,18,1492691.52,False,False,False
DR GRAVESTOCK N G & PTNS,supplier,1,0.0001890359168241966,0.0,15,1801311.98,False,False,False
DR GREENWAY J & PARTNERS,supplier,1,0.0001890359168241966,0.0,10,621317.08,False,False,False
DR GS UPPAL,supplier,1,0.0001890359168241966,0.0,3,88872.26000000001,False,False,False
DR GUNTAMUKKALA,supplier,1,0.0001890359168241966,0.0,8,297949.26,False,False,False
DR H F SIMONTON & PARTNERS,supplier,1,0.0001890359168241966,0.0,8,266816.87,False,False,False
DR H G THOMAS & PARNTERS,supplier,1,0.0001890359168241966,0.0,3,205162.52,False,False,False
DR H MISTRY & PTNRS,supplier,1,0.0001890359168241966,0.0,2,72374.25,False,False,False
DR HABER & PARTNERS,supplier,1,0.0001890359168241966,0.0,5,322492.76,False,False,False
DR HAMBLY & PARTNERS,supplier,1,0.0001890359168241966,0.0,3,101970.81,False,False,False
DR HANLON G P & PTNS,supplier,1,0.0001890359168241966,0.0,18,2143971.2,False,False,False
DR HANNEY I P G & PARTNERS,supplier,1,0.0001890359168241966,0.0,2,78932.42,False,False,False
DR HARBIDGE & PARTNERS,supplier,1,0.0001890359168241966,0.0,12,678301.19,False,False,False
DR HARGADON & PARTNERS,supplier,1,0.0001890359168241966,0.0,2,147681.84,False,False,False
DR HARKNESS & PARTNERS,supplier,1,0.0001890359168241966,0.0,12,1520126.62,False,False,False
DR HC BHUTANI,supplier,1,0.0001890359168241966,0.0,5,224104.1,False,False,False
DR HENDERSON & PARTNERS ST AGNES,supplier,1,0.0001890359168241966,0.0,2,127166.64,False,False,False
DR HILARY CASS,supplier,1,0.0001890359168241966,0.0,4,168347.66,False,False,False
DR HILL S A & PARTNERS,supplier,1,0.0001890359168241966,0.0,2,57704.16,False,False,False
DR HOLLANDS & PARTNERS,supplier,1,0.0001890359168241966,0.0,15,1420063.42,False,False,False
DR HOWE,supplier,1,0.0001890359168241966,0.0,3,120584.16,False,False,False
DR HUGHES & PARTNERS BIRTLEY,supplier,1,0.0001890359168241966,0.0,14,579605.06,False,False,False
DR HUGHES & PARTNERS HASTINGS,supplier,1,0.0001890359168241966,0.0,11,1745952.26,False,False,False
DR HUGHES & PARTNERS REDRUTH,supplier,1,0.0001890359168241966,0.0,2,69970.56,False,False,False
DR HURRELL & PARTNERS,supplier,1,0.0001890359168241966,0.0,15,773576.16,False,False,False
DR HUSAIN S Z & PTN,supplier,1,0.0001890359168241966,0.0,22,2085739.7200000002,False,False,False
DR I A BALLIN & PARTNERS,supplier,1,0.0001890359168241966,0.0,5,281590.9,False,False,False
DR I AHMED & PARTNER,supplier,1,0.0001890359168241966,0.0,12,722430.9199999999,False,False,False
DR I CARTER & PARTNERS,supplier,1,0.0001890359168241966,0.0,23,1988930.74,False,False,False
DR I G WILLIAMS & PARTNER,supplier,1,0.0001890359168241966,0.0,2,297215.96,False,False,False
DR I HACZEWSKI & PARTNERS,supplier,1,0.0001890359168241966,0.0,7,673425.24,False,False,False
DR I M HUME & PARTNERS,supplier,1,0.0001890359168241966,0.0,4,230459.16,False,False,False
DR I M WILSON,supplier,1,0.0001890359168241966,0.0,5,155955.49,False,False,False
DR I NEOMAN,supplier,1,0.0001890359168241966,0.0,18,2254700.84,False,False,False
DR I TIMSON & PARTNER,supplier,1,0.0001890359168241966,0.0,15,1331145.0,False,False,False
DR IH IBRAHIM & PARTNERS,supplier,1,0.0001890359168241966,0.0,18,862056.42,False,False,False
DR IJ WELLINGS,supplier,1,0.0001890359168241966,0.0,26,1492785.5,False,False,False
DR IK SANDHU,supplier,1,0.0001890359168241966,0.0,4,213578.80000000002,False,False,False
DR ILT SMITH & PARTNERS,supplier,1,0.0001890359168241966,0.0,2,58760.46,False,False,False
DR INGAM P J & PARTNERS,supplier,1,0.0001890359168241966,0.0,46,4168100.09,False,False,False
DR INGLE & PARTNERS,supplier,1,0.0001890359168241966,0.0,2,201305.26,False,False,False
DR IRVING JA & PARTNERS,supplier,1,0.0001890359168241966,0.0,3,147547.98,False,False,False
DR J A HOUGHTON & PARTNERS,supplier,1,0.0001890359168241966,0.0,3,195974.82,False,False,False
DR J A L KIRBY & PARTNERS,supplier,1,0.0001890359168241966,0.0,2,53103.09,False,False,False
DR J BROWN & PARTNERS,supplier,1,0.0001890359168241966,0.0,5,390853.26,False,False,False
DR J D HODGSON & PARTNERS,supplier,1,0.0001890359168241966,0.0,35,3272213.13,False,False,False
DR J F RIVETT & PARTNERS,supplier,1,0.0001890359168241966,0.0,24,1896800.96,False,False,False
DR J J LOWES & PARTNERS,supplier,1,0.0001890359168241966,0.0,5,482715.22000000003,False,False,False
DR J J ORTON & PTNRS,supplier,1,0.0001890359168241966,0.0,3,134387.91,False,False,False
DR J JOLLY,supplier,1,0.0001890359168241966,0.0,5,241656.31,False,False,False
DR J L SCHINDLER & PARTNERS,supplier,1,0.0001890359168241966,0.0,2,52734.520000000004,False,False,False
DR J M CONNOLLY & PARTNERS,supplier,1,0.0001890359168241966,0.0,28,1851355.52,False,False,False
DR J M SULLIVAN & PARTNERS,supplier,1,0.0001890359168241966,0.0,10,752816.89,False,False,False
DR J OMOORE,supplier,1,0.0001890359168241966,0.0,4,223560.22,False,False,False
DR J OUDENAARDEN & PARTNERS,supplier,1,0.0001890359168241966,0.0,6,197563.65,False,False,False
DR J P NAGLE & PARTNERS,supplier,1,0.0001890359168241966,0.0,16,746094.71,False,False,False
DR J PARTHA & PTNRS,supplier,1,0.0001890359168241966,0.0,18,1139441.24,False,False,False
DR J R MOORE & PARTNERS,supplier,1,0.0001890359168241966,0.0,3,119113.5,False,False,False
DR J S SAMPSON & PARTNERS,supplier,1,0.0001890359168241966,0.0,13,1048661.84,False,False,False
DR J WIJERATNE & PTNRS,supplier,1,0.0001890359168241966,0.0,5,321066.9,False,False,False
DR JACKSON & PARTNERS,supplier,1,0.0001890359168241966,0.0,9,394586.46,False,False,False
DR JC EVANS,supplier,1,0.0001890359168241966,0.0,3,182440.8,False,False,False
DR JC MCCRUM & PARTNERS,supplier,1,0.0001890359168241966,0.0,23,2447368.32,False,False,False
DR JCB KENNEDY & PARTNERS,supplier,1,0.0001890359168241966,0.0,5,543686.4199999999,False,False,False
DR JDW KAAR & PARTNERS,supplier,1,0.0001890359168241966,0.0,2,83974.86,False,False,False
DR JE IRWIN & PARTNERS,supplier,1,0.0001890359168241966,0.0,9,549096.81,False,False,False
DR JEFFERIES & PARTNERS,supplier,1,0.0001890359168241966,0.0,5,339588.12,False,False,False
DR JFW PRIESTMAN & PARTNERS,supplier,1,0.0001890359168241966,0.0,3,162000.28,False,False,False
DR JH GORRIGAN & PARTNERS,supplier,1,0.0001890359168241966,0.0,3,163489.23,False,False,False
DR JJ NUGENT & PARTNERS,supplier,1,0.0001890359168241966,0.0,3,156199.53,False,False,False
DR JK DORMER & PARTNERS,supplier,1,0.0001890359168241966,0.0,3,101071.08,False,False,False
DR JK EAMES & PARTNERS,supplier,1,0.0001890359168241966,0.0,4,176821.28,False,False,False
DR JM GREEN & PARTNERS,supplier,1,0.0001890359168241966,0.0,15,646746.9400000001,False,False,False
DR JM RIBCHESTER & PARTNERS,supplier,1,0.0001890359168241966,0.0,35,2510570.12,False,False,False
DR JOHNSON & PARTNERS LIVERPOOL,supplier,1,0.0001890359168241966,0.0,2,126299.03,False,False,False
DR JONES & PARTNERS CAMBRIDGE,supplier,1,0.0001890359168241966,0.0,10,519003.48,False,False,False
DR JONES & PARTNERS POOL,supplier,1,0.0001890359168241966,0.0,2,469147.66,False,False,False
DR JONES & PARTNERS WOLVERHAMPTON,supplier,1,0.0001890359168241966,0.0,15,1124014.71,False,False,False
DR JONES D I & PARTNERS,supplier,1,0.0001890359168241966,0.0,3,177790.48,False,False,False
DR JONES I P & PARTNERS,supplier,1,0.0001890359168241966,0.0,9,441095.66,False,False,False
DR JP MOUNTY & PARTNERS,supplier,1,0.0001890359168241966,0.0,11,500309.2,False,False,False
DR JR LORENZ & PARTNERS,supplier,1,0.0001890359168241966,0.0,33,3124879.7600000002,False,False,False
DR K KAUR & PARTNERS,supplier,1,0.0001890359168241966,0.0,4,105449.05,False,False,False
DR K R HARRISON & PARTNERS,supplier,1,0.0001890359168241966,0.0,4,135278.7,False,False,False
DR K SAMAL & PTR,supplier,1,0.0001890359168241966,0.0,17,1060269.88,False,False,False
DR K THOMSON & PARTNERS,supplier,1,0.0001890359168241966,0.0,6,291651.15,False,False,False
DR KA SUBRAMANIAN,supplier,1,0.0001890359168241966,0.0,10,1359214.3,False,False,False
DR KABLER & PARTNERS,supplier,1,0.0001890359168241966,0.0,19,1400597.78,False,False,False
DR KANNEGANTI & PTR,supplier,1,0.0001890359168241966,0.0,7,239361.39,False,False,False
DR KARNEY & PTRS,supplier,1,0.0001890359168241966,0.0,6,172250.26,False,False,False
DR KARZOUN F K & PARTNERS,supplier,1,0.0001890359168241966,0.0,9,584556.84,False,False,False
DR KEDWARD & PARTNERS,supplier,1,0.0001890359168241966,0.0,20,2318070.57,False,False,False
DR KELLY J C & PARTNERS,supplier,1,0.0001890359168241966,0.0,4,129769.04000000001,False,False,False
DR KELLY PTRS,supplier,1,0.0001890359168241966,0.0,2,85029.4,False,False,False
DR KER D A J & PARTNERS MARKET OVERTON & SOMERBY SURGERY,supplier,1,0.0001890359168241966,0.0,7,621261.84,False,False,False
DR KHALIQ & PTRS,supplier,1,0.0001890359168241966,0.0,4,183626.47,False,False,False
DR KHAN & PARTNERS F81001,supplier,1,0.0001890359168241966,0.0,4,124187.69,False,False,False
DR KHATTAK S S & PARTNER,supplier,1,0.0001890359168241966,0.0,10,465495.24,False,False,False
DR KHUNTI P & PTNS,supplier,1,0.0001890359168241966,0.0,2,57535.36,False,False,False
DR KILGOUR & PARTNERS,supplier,1,0.0001890359168241966,0.0,3,97942.22,False,False,False
DR KK GYI,supplier,1,0.0001890359168241966,0.0,3,79422.73999999999,False,False,False
DR KM HEDGES & PARTNERS,supplier,1,0.0001890359168241966,0.0,3,139853.84999999998,False,False,False
DR KOTECHA S B & PARTNERS,supplier,1,0.0001890359168241966,0.0,36,3443366.52,False,False,False
DR L A NEWLAND & PARTNERS,supplier,1,0.0001890359168241966,0.0,4,160771.13,False,False,False
DR L HUNTER & PARTNERS,supplier,1,0.0001890359168241966,0.0,25,1946914.95,False,False,False
DR L M HUSSAIN,supplier,1,0.0001890359168241966,0.0,12,680678.79,False,False,False
DR L M THOMPSON & PARTNER,supplier,1,0.0001890359168241966,0.0,9,508647.84,False,False,False
DR LA WILSON,supplier,1,0.0001890359168241966,0.0,3,77045.54999999999,False,False,False
DR LAKHA & PARTNERS,supplier,1,0.0001890359168241966,0.0,26,1459561.22,False,False,False
DR LAW & PARTNERS HUDDERSFIELD ROAD SURGERY,supplier,1,0.0001890359168241966,0.0,2,87131.69,False,False,False
DR LAWRENCE N W & PTNRS,supplier,1,0.0001890359168241966,0.0,7,333573.23,False,False,False
DR LAWTON & PARTNERS,supplier,1,0.0001890359168241966,0.0,6,652550.36,False,False,False
DR LEE AV & PARTNERS,supplier,1,0.0001890359168241966,0.0,23,1990296.87,False,False,False
DR LELIJVELD & PARTNERS,supplier,1,0.0001890359168241966,0.0,2,69030.46,False,False,False
DR LENNON & PARTNERS,supplier,1,0.0001890359168241966,0.0,5,194197.84,False,False,False
DR LILLEY & PARTNERS,supplier,1,0.0001890359168241966,0.0,2,50289.46,False,False,False
DR LJ BROUGHTON & PARTNERS,supplier,1,0.0001890359168241966,0.0,15,1241145.2,False,False,False
DR LOGAN L C & PARTNERS,supplier,1,0.0001890359168241966,0.0,13,644170.62,False,False,False
DR LUMLEY L C & PARTNERS,supplier,1,0.0001890359168241966,0.0,10,464944.26,False,False,False
DR M AUSTIN & PARTNER,supplier,1,0.0001890359168241966,0.0,7,400508.81,False,False,False
DR M C SMITH & PARTNERS,supplier,1,0.0001890359168241966,0.0,18,2204158.56,False,False,False
DR M D BROOKE & PARTNERS,supplier,1,0.0001890359168241966,0.0,4,537413.63,False,False,False
DR M D CLARIDGE & PARTNERS,supplier,1,0.0001890359168241966,0.0,12,1229865.49,False,False,False
DR M HELME & PARTNERS,supplier,1,0.0001890359168241966,0.0,14,730985.72,False,False,False
DR M J GRANDE & PARTNERS,supplier,1,0.0001890359168241966,0.0,8,577084.57,False,False,False
DR M MILLER & PARTNERS,supplier,1,0.0001890359168241966,0.0,10,1247518.42,False,False,False
DR M N PATEL & PARTNERS,supplier,1,0.0001890359168241966,0.0,26,3414958.81,False,False,False
DR M P TRENT & PARTNERS,supplier,1,0.0001890359168241966,0.0,4,288577.12,False,False,False
DR M PATEL,supplier,1,0.0001890359168241966,0.0,5,319428.3,False,False,False
DR M VASANT,supplier,1,0.0001890359168241966,0.0,7,397150.0,False,False,False
DR M WHITTON & PARTNERS,supplier,1,0.0001890359168241966,0.0,22,1529036.85,False,False,False
DR MA MAGEE & PARTNERS,supplier,1,0.0001890359168241966,0.0,4,134421.72,False,False,False
DR MA OLEARY & PARTNERS,supplier,1,0.0001890359168241966,0.0,4,110770.4,False,False,False
DR MACCALLUM,supplier,1,0.0001890359168241966,0.0,2,63159.14,False,False,False
DR MAGUIRE & PARTNERS,supplier,1,0.0001890359168241966,0.0,2,161196.34,False,False,False
DR MAJID & RAVINDRAN,supplier,1,0.0001890359168241966,0.0,3,237965.0,False,False,False
DR MALING & PARTNERS,supplier,1,0.0001890359168241966,0.0,3,118042.34,False,False,False
DR MANSINGH S & PTN,supplier,1,0.0001890359168241966,0.0,10,595432.66,False,False,False
DR MARSHALL D I & PARTNERS,supplier,1,0.0001890359168241966,0.0,25,4197810.24,False,False,False
DR MCALINDON & PARTNERS,supplier,1,0.0001890359168241966,0.0,28,2943366.47,False,False,False
DR MCCLINTOCK J H N & PARTNERS,supplier,1,0.0001890359168241966,0.0,3,122129.64,False,False,False
DR MCELENY & PARTNERS,supplier,1,0.0001890359168241966,0.0,2,216569.37,False,False,False
DR MCINTYRE & PARTNERS,supplier,1,0.0001890359168241966,0.0,20,1652504.8900000001,False,False,False
DR MCKELVEY & PARTNERS,supplier,1,0.0001890359168241966,0.0,4,352760.67999999993,False,False,False
DR MD MCKEOWN,supplier,1,0.0001890359168241966,0.0,2,51708.020000000004,False,False,False
DR ME GLAZE & PARTNERS,supplier,1,0.0001890359168241966,0.0,6,354225.01,False,False,False
DR MEARS & PARTNERS,supplier,1,0.0001890359168241966,0.0,21,1701058.35,False,False,False
DR MEHTA & PARTNERS,supplier,1,0.0001890359168241966,0.0,7,317586.63,False,False,False
DR MERRIN & PARTNERS,supplier,1,0.0001890359168241966,0.0,2,118566.98,False,False,False
DR MIDDLETON & PARTNERS,supplier,1,0.0001890359168241966,0.0,2,132084.62,False,False,False
DR MIXER P R & PARTNERS,supplier,1,0.0001890359168241966,0.0,3,117195.26,False,False,False
DR MJ SHAH & VM SHAH,supplier,1,0.0001890359168241966,0.0,7,263348.92,False,False,False
DR MM BROWN & PARTNERS,supplier,1,0.0001890359168241966,0.0,4,199853.5,False,False,False
DR MM SINGH,supplier,1,0.0001890359168241966,0.0,15,1098575.72,False,False,False
DR MODI B,supplier,1,0.0001890359168241966,0.0,2,131938.0,False,False,False
DR MOLLA,supplier,1,0.0001890359168241966,0.0,6,173536.59,False,False,False
DR MOLSEN & PARTNERS,supplier,1,0.0001890359168241966,0.0,2,52140.62,False,False,False
DR MONK & PARTNERS,supplier,1,0.0001890359168241966,0.0,2,103008.42,False,False,False
DR MOORE & PARTNERS ST GERMANS,supplier,1,0.0001890359168241966,0.0,2,67657.48,False,False,False
DR MORGAN & PARTNERS,supplier,1,0.0001890359168241966,0.0,17,1032424.84,False,False,False
DR MORGAN D R & PARTNERS,supplier,1,0.0001890359168241966,0.0,7,324097.32,False,False,False
DR MORICE & PARTNERS,supplier,1,0.0001890359168241966,0.0,4,350647.23,False,False,False
DR MORLEY R L & PARTNERS,supplier,1,0.0001890359168241966,0.0,38,2315892.73,False,False,False
DR MOSS & PARTNERS,supplier,1,0.0001890359168241966,0.0,2,69528.68,False,False,False
DR MP EDDINGTON & PARTNERS,supplier,1,0.0001890359168241966,0.0,2,80113.97,False,False,False
DR MTC HIGGINS & PARTNERS,supplier,1,0.0001890359168241966,0.0,8,1114809.58,False,False,False
DR MUCHALL & PARTNERS,supplier,1,0.0001890359168241966,0.0,2,62552.55,False,False,False
DR MUKHERJEE & PARTNERS,supplier,1,0.0001890359168241966,0.0,4,191172.67,False,False,False
DR MURPHY & PTRS,supplier,1,0.0001890359168241966,0.0,8,233846.76,False,False,False
DR MUSGRAVE R J & PARTNERS,supplier,1,0.0001890359168241966,0.0,2,65226.02,False,False,False
DR N ASGHAR,supplier,1,0.0001890359168241966,0.0,5,210432.95,False,False,False
DR N C WARD & PARTNERS,supplier,1,0.0001890359168241966,0.0,2,83124.9,False,False,False
DR N PARRYJONES & PARTNER,supplier,1,0.0001890359168241966,0.0,27,1109898.78,False,False,False
DR N PATEL & PARTNERS ROTHERHAM,supplier,1,0.0001890359168241966,0.0,28,4200746.19,False,False,False
DR N S E HAYWARD & PARTNERS,supplier,1,0.0001890359168241966,0.0,19,1175760.49,False,False,False
DR N SELVAN,supplier,1,0.0001890359168241966,0.0,5,139672.94,False,False,False
DR NANA A & PARTNERS,supplier,1,0.0001890359168241966,0.0,2,57222.07,False,False,False
DR NANDI D K & PARTNERS,supplier,1,0.0001890359168241966,0.0,3,128919.81,False,False,False
DR NEWBOUND A D & PARTNERS,supplier,1,0.0001890359168241966,0.0,2,74893.34,False,False,False
DR NICHOLAS & PARTNERS,supplier,1,0.0001890359168241966,0.0,6,199973.75,False,False,False
DR NICHOLAS FOSTER & PARTNERS ORCHARD SURGERY,supplier,1,0.0001890359168241966,0.0,2,78210.0,False,False,False
DR NIELSEN & PARTNERS,supplier,1,0.0001890359168241966,0.0,2,55172.229999999996,False,False,False
DR NJ MUTTUCHUMARU,supplier,1,0.0001890359168241966,0.0,29,2716987.36,False,False,False
DR NOBLE & PARTNERS,supplier,1,0.0001890359168241966,0.0,8,328905.29000000004,False,False,False
DR NORTH & PARTNERS,supplier,1,0.0001890359168241966,0.0,4,123885.32,False,False,False
DR NORTHOVER & PARTNERS,supplier,1,0.0001890359168241966,0.0,3,99392.8,False,False,False
DR NYE M Y L,supplier,1,0.0001890359168241966,0.0,4,116395.58,False,False,False
DR O C ATKINSON & PARTNERS,supplier,1,0.0001890359168241966,0.0,2,52373.15,False,False,False
DR OATES & PARTNERS,supplier,1,0.0001890359168241966,0.0,15,763534.6900000001,False,False,False
DR OBRIEN D C & DR MATIOPOULOU V,supplier,1,0.0001890359168241966,0.0,7,384178.92,False,False,False
DR OKOI PRACTICE,supplier,1,0.0001890359168241966,0.0,27,1208270.52,False,False,False
DR OSAMA Z & PARTNERS,supplier,1,0.0001890359168241966,0.0,9,582993.6,False,False,False
DR OWEN & PARTNERS,supplier,1,0.0001890359168241966,0.0,12,689968.4,False,False,False
DR P A C BAMFORD & PARTNERS,supplier,1,0.0001890359168241966,0.0,10,938614.66,False,False,False
DR P A JACKSON & PARTNERS,supplier,1,0.0001890359168241966,0.0,19,1080527.81,False,False,False
DR P A WEBSTER & PARTNERS,supplier,1,0.0001890359168241966,0.0,5,321531.58,False,False,False
DR P BARNARD & PARTNERS TAMWORTH,supplier,1,0.0001890359168241966,0.0,2,57622.020000000004,False,False,False
DR P BOFFA & PARTNERS,supplier,1,0.0001890359168241966,0.0,14,780393.59,False,False,False
DR P BRIMBLECOMBE & PTNRS,supplier,1,0.0001890359168241966,0.0,2,53312.490000000005,False,False,False
DR P BURNS & PARTNERS,supplier,1,0.0001890359168241966,0.0,3,153373.56,False,False,False
DR P CRAVEN & PTR,supplier,1,0.0001890359168241966,0.0,4,183305.38,False,False,False
DR P D KERR & PARTNERS,supplier,1,0.0001890359168241966,0.0,5,468442.31000000006,False,False,False
DR P EASTON & PARTNERS,supplier,1,0.0001890359168241966,0.0,2,53629.21,False,False,False
DR P EVERDEN & PARTNERS,supplier,1,0.0001890359168241966,0.0,8,676479.8,False,False,False
DR P GLENNON & PARTNERS,supplier,1,0.0001890359168241966,0.0,18,3738921.36,False,False,False
DR P H SHAH & PTRS,supplier,1,0.0001890359168241966,0.0,9,500128.6,False,False,False
DR P J ROBINSON & PARTNERS,supplier,1,0.0001890359168241966,0.0,2,57261.520000000004,False,False,False
DR P KILLEEN & PARTNERS,supplier,1,0.0001890359168241966,0.0,2,61785.22,False,False,False
DR P LUTHRA,supplier,1,0.0001890359168241966,0.0,14,1244004.94,False,False,False
DR P MADHAVAN,supplier,1,0.0001890359168241966,0.0,3,117134.02,False,False,False
DR P NOAKES & PARTNERS,supplier,1,0.0001890359168241966,0.0,17,1179314.09,False,False,False
DR P R MACK & PARTNERS,supplier,1,0.0001890359168241966,0.0,2,96856.38,False,False,False
DR P SHABROKH & PARTNERS,supplier,1,0.0001890359168241966,0.0,3,215557.44,False,False,False
DR P TATMAN & PARTNERS,supplier,1,0.0001890359168241966,0.0,4,247830.77999999997,False,False,False
DR P W NEWLANDS & PARTNERS,supplier,1,0.0001890359168241966,0.0,3,107760.65,False,False,False
DR P W SAMPSON & PARTNERS,supplier,1,0.0001890359168241966,0.0,3,94853.84,False,False,False
DR PA HARRIS & PARTNERS,supplier,1,0.0001890359168241966,0.0,16,1181393.75,False,False,False
DR PALIT & PARTNERS,supplier,1,0.0001890359168241966,0.0,2,53167.100000000006,False,False,False
DR PANCHOLI P & PARTNERS,supplier,1,0.0001890359168241966,0.0,7,295330.95999999996,False,False,False
DR PARKIN & PARTNERS GRANTHAM,supplier,1,0.0001890359168241966,0.0,3,84282.68,False,False,False
DR PARKIN & PARTNERS NEWARK,supplier,1,0.0001890359168241966,0.0,7,295618.74,False,False,False
DR PARWAIZ P,supplier,1,0.0001890359168241966,0.0,14,1037881.9299999999,False,False,False
DR PATEL & PARTNERS,supplier,1,0.0001890359168241966,0.0,2,65526.68,False,False,False
DR PAXTON & PARTNERS,supplier,1,0.0001890359168241966,0.0,5,464252.78,False,False,False
DR PAYNE M L & PARTNERS,supplier,1,0.0001890359168241966,0.0,19,1309675.18,False,False,False
DR PEARCE & PARTNERS,supplier,1,0.0001890359168241966,0.0,4,959298.5900000001,False,False,False
DR PEARLMAN A D & PARTNERS,supplier,1,0.0001890359168241966,0.0,6,274073.01,False,False,False
DR PEARSON R L & PARTNERS,supplier,1,0.0001890359168241966,0.0,16,1024801.56,False,False,False
DR PERKINS&PARTNERS,supplier,1,0.0001890359168241966,0.0,3,221701.53,False,False,False
DR PERRINS & PARTNERS,supplier,1,0.0001890359168241966,0.0,23,1779550.48,False,False,False
DR PF ROBERTS & PARTNERS,supplier,1,0.0001890359168241966,0.0,3,199424.43,False,False,False
DR PHILIP & PARTNERS,supplier,1,0.0001890359168241966,0.0,3,286780.74,False,False,False
DR PICKERING N & PARTNERS,supplier,1,0.0001890359168241966,0.0,22,1391166.97,False,False,False
DR PJ CLARKE & PARTNERS,supplier,1,0.0001890359168241966,0.0,6,561552.24,False,False,False
DR PJI HALL & PARTNERS,supplier,1,0.0001890359168241966,0.0,9,467227.97000000003,False,False,False
DR PK DALTON & PARTNER,supplier,1,0.0001890359168241966,0.0,4,204265.08000000002,False,False,False
DR PLANA F & PARTNER,supplier,1,0.0001890359168241966,0.0,16,1449487.41,False,False,False
DR PM BALLINGER & PARTNERS,supplier,1,0.0001890359168241966,0.0,3,81355.22,False,False,False
DR POWIS M D & PARTNERS,supplier,1,0.0001890359168241966,0.0,16,601431.11,False,False,False
DR PPJ FAULKNER & PARTNERS,supplier,1,0.0001890359168241966,0.0,26,2980478.16,False,False,False
DR PRICE & PARTNERS,supplier,1,0.0001890359168241966,0.0,2,55715.66,False,False,False
DR PROWSE G D W & PTNRS,supplier,1,0.0001890359168241966,0.0,23,1661526.79,False,False,False
DR PS KENYON & PARTNERS,supplier,1,0.0001890359168241966,0.0,5,180089.56,False,False,False
DR R A HEMS & PARTNERS,supplier,1,0.0001890359168241966,0.0,4,136530.22,False,False,False
DR R BARNETT & PARTNERS,supplier,1,0.0001890359168241966,0.0,15,1426586.76,False,False,False
DR R CHANDEL & PARTNERS,supplier,1,0.0001890359168241966,0.0,27,858525.18,False,False,False
DR R E HALL & PARTNERS,supplier,1,0.0001890359168241966,0.0,2,82730.82,False,False,False
DR R G BUCKLEY & PARTNERS,supplier,1,0.0001890359168241966,0.0,22,1531849.79,False,False,False
DR R G S QUARTLEY & PARTNERS,supplier,1,0.0001890359168241966,0.0,23,1790167.57,False,False,False
DR R GRIFFITHS,supplier,1,0.0001890359168241966,0.0,2,51459.14,False,False,False
DR R HALL & PARTNERS,supplier,1,0.0001890359168241966,0.0,2,63146.619999999995,False,False,False
DR R HIRSON,supplier,1,0.0001890359168241966,0.0,16,1326234.8,False,False,False
DR R J BAKER & PARTNERS,supplier,1,0.0001890359168241966,0.0,15,781241.72,False,False,False
DR R J DRAPER & PARTNER,supplier,1,0.0001890359168241966,0.0,3,142213.08000000002,False,False,False
DR R J YOUNG & PARTNERS,supplier,1,0.0001890359168241966,0.0,12,745506.26,False,False,False
DR R M GANT & PTNRS,supplier,1,0.0001890359168241966,0.0,11,555228.74,False,False,False
DR R M SCOTT & PARTNERS,supplier,1,0.0001890359168241966,0.0,8,708423.53,False,False,False
DR R M WATKINS & PARTNERS,supplier,1,0.0001890359168241966,0.0,2,80244.59,False,False,False
DR R MATHEWS,supplier,1,0.0001890359168241966,0.0,5,221878.76,False,False,False
DR R STONE & PARTNERS,supplier,1,0.0001890359168241966,0.0,3,83929.54000000001,False,False,False
DR R WESTERMAN & PARTNERS,supplier,1,0.0001890359168241966,0.0,5,281716.98,False,False,False
DR RACHEL G PRYKE & PARTNERS,supplier,1,0.0001890359168241966,0.0,3,423186.94,False,False,False
DR RADFORD & PARTNERS,supplier,1,0.0001890359168241966,0.0,4,524975.9,False,False,False
DR RAICHURA V K & PARTNERS,supplier,1,0.0001890359168241966,0.0,5,145594.44,False,False,False
DR RC CHARTON & PARTNERS,supplier,1,0.0001890359168241966,0.0,2,57118.64,False,False,False
DR REDWOOD & PARTNERS,supplier,1,0.0001890359168241966,0.0,5,408112.14,False,False,False
DR RG HIGGINS & PARTNERS,supplier,1,0.0001890359168241966,0.0,14,837014.3200000001,False,False,False
DR RG SIGURDSSON & PARTNERS,supplier,1,0.0001890359168241966,0.0,26,1481323.09,False,False,False
DR RG TURNER&PARTNERS,supplier,1,0.0001890359168241966,0.0,10,872580.51,False,False,False
DR RHYSDAVIES & PARTNERS,supplier,1,0.0001890359168241966,0.0,7,571686.43,False,False,False
DR RICHARD J THOMAS,supplier,1,0.0001890359168241966,0.0,2,66436.23999999999,False,False,False
DR RICHARDSON & PARTNERS WISBECH,supplier,1,0.0001890359168241966,0.0,12,718807.15,False,False,False
DR RIGG & PARTNERS,supplier,1,0.0001890359168241966,0.0,11,400367.09,False,False,False
DR RJ ADAMS & PARTNERS,supplier,1,0.0001890359168241966,0.0,18,1028579.88,False,False,False
DR RJ SALUJA,supplier,1,0.0001890359168241966,0.0,10,502362.04000000004,False,False,False
DR RK BHATT,supplier,1,0.0001890359168241966,0.0,4,154861.98,False,False,False
DR RK SINGH & PARTNERS HOUNSLOW,supplier,1,0.0001890359168241966,0.0,3,104471.42,False,False,False
DR RN JOHNSON & PARTNERS,supplier,1,0.0001890359168241966,0.0,3,206464.14,False,False,False
DR ROBERTS & PARTNERS BOOTLE,supplier,1,0.0001890359168241966,0.0,6,261669.75,False,False,False
DR ROBERTS & PARTNERS GATESHEAD,supplier,1,0.0001890359168241966,0.0,24,1435168.09,False,False,False
DR ROBERTS & PARTNERS NORTH SHIELDS,supplier,1,0.0001890359168241966,0.0,23,1866542.31,False,False,False
DR ROGERS & PARTNERS,supplier,1,0.0001890359168241966,0.0,3,104603.88,False,False,False
DR ROSSDALE REASEACH ACCOUNT,supplier,1,0.0001890359168241966,0.0,22,1153261.96,False,False,False
DR ROY & PARTNERS,supplier,1,0.0001890359168241966,0.0,2,171543.56,False,False,False
DR ROY U K,supplier,1,0.0001890359168241966,0.0,8,497655.16,False,False,False
DR S A BOBAK,supplier,1,0.0001890359168241966,0.0,7,279490.16000000003,False,False,False
DR S AHMED & PARTNERS,supplier,1,0.0001890359168241966,0.0,12,709497.08,False,False,False
DR S BAKEWELL & PARTNERS,supplier,1,0.0001890359168241966,0.0,59,4485087.67,False,False,False
DR S C HIBBERD & & PARTNERS,supplier,1,0.0001890359168241966,0.0,16,1030399.5399999999,False,False,False
DR S C HICKS & PARTNERS,supplier,1,0.0001890359168241966,0.0,2,53564.96,False,False,False
DR S C MONELLA & PARTNERS,supplier,1,0.0001890359168241966,0.0,12,973687.47,False,False,False
DR S J PARKINSON & PARTNERS,supplier,1,0.0001890359168241966,0.0,11,357429.29,False,False,False
DR S K SUR & PARTNERS,supplier,1,0.0001890359168241966,0.0,5,483016.66,False,False,False
DR S L NICHOLLS & PARTNERS,supplier,1,0.0001890359168241966,0.0,3,139012.03999999998,False,False,False
DR S M A EVERITT & PARTNERS,supplier,1,0.0001890359168241966,0.0,12,963441.04,False,False,False
DR S M KING & PARTNERS,supplier,1,0.0001890359168241966,0.0,26,2140515.33,False,False,False
DR S N SINGH & PARTNER,supplier,1,0.0001890359168241966,0.0,5,344462.56,False,False,False
DR S PERVEEN & PARTNERS,supplier,1,0.0001890359168241966,0.0,2,140000.0,False,False,False
DR S R LIGHTFOOT & PARTNERS,supplier,1,0.0001890359168241966,0.0,12,636990.06,False,False,False
DR S RASOOL,supplier,1,0.0001890359168241966,0.0,13,1004367.18,False,False,False
DR S RAVULA,supplier,1,0.0001890359168241966,0.0,6,551138.08,False,False,False
DR S RIZVI,supplier,1,0.0001890359168241966,0.0,3,330406.0,False,False,False
DR S RYLEY & PARTNERS,supplier,1,0.0001890359168241966,0.0,9,1748597.52,False,False,False
DR S SIRCAR,supplier,1,0.0001890359168241966,0.0,2,126375.7,False,False,False
DR S T ELLWOOD & PARTNERS,supplier,1,0.0001890359168241966,0.0,15,1194162.0,False,False,False
DR SAHOTA B S & DR CASSAM K,supplier,1,0.0001890359168241966,0.0,8,394173.42,False,False,False
DR SAINSBURY & PARTNERS,supplier,1,0.0001890359168241966,0.0,4,236765.93,False,False,False
DR SAITCH & PARTNERS,supplier,1,0.0001890359168241966,0.0,2,108687.28,False,False,False
DR SALKELD & PARTNERS,supplier,1,0.0001890359168241966,0.0,3,103294.8,False,False,False
DR SAMJI & PARTNERS,supplier,1,0.0001890359168241966,0.0,12,796343.04,False,False,False
DR SANDBACH & PARTNERS,supplier,1,0.0001890359168241966,0.0,6,199266.58,False,False,False
DR SANGHERA J S & PARTNERS,supplier,1,0.0001890359168241966,0.0,12,779417.06,False,False,False
DR SANJIV PATEL,supplier,1,0.0001890359168241966,0.0,4,119399.3,False,False,False
DR SAXBY & PARTNERS,supplier,1,0.0001890359168241966,0.0,2,99754.0,False,False,False
DR SCARGILL & PARTNER,supplier,1,0.0001890359168241966,0.0,2,59736.28,False,False,False
DR SCHENK & PARTNERS,supplier,1,0.0001890359168241966,0.0,3,218982.16,False,False,False
DR SF ARAS & PARTNERS,supplier,1,0.0001890359168241966,0.0,3,96822.78,False,False,False
DR SHAH R & PARTNERS,supplier,1,0.0001890359168241966,0.0,5,211065.58,False,False,False
DR SHARMA G K & PTNRS,supplier,1,0.0001890359168241966,0.0,14,899439.4199999999,False,False,False
DR SHAYLOR J L & PARTNERS,supplier,1,0.0001890359168241966,0.0,2,117655.47,False,False,False
DR SIHOTA & PARTNERS,supplier,1,0.0001890359168241966,0.0,8,697785.3200000001,False,False,False
DR SIMMONITE & PARTNERS,supplier,1,0.0001890359168241966,0.0,9,954544.82,False,False,False
DR SIMPSON & PARTNERS CIRENCESTER,supplier,1,0.0001890359168241966,0.0,21,1928434.59,False,False,False
DR SINGH K,supplier,1,0.0001890359168241966,0.0,3,82263.18,False,False,False
DR SIVAKUMAR & PARTNERS,supplier,1,0.0001890359168241966,0.0,7,401359.77,False,False,False
DR SIVATHASAN & PARTNERS,supplier,1,0.0001890359168241966,0.0,8,1044164.84,False,False,False
DR SK PATEL & PARTNERS,supplier,1,0.0001890359168241966,0.0,10,754703.74,False,False,False
DR SLATER & PARTNERS,supplier,1,0.0001890359168241966,0.0,2,169542.62,False,False,False
DR SMA FAROOQI & PARTNERS,supplier,1,0.0001890359168241966,0.0,5,177267.3,False,False,False
DR SN MEDLEY & PARTNERS,supplier,1,0.0001890359168241966,0.0,11,2332815.02,False,False,False
DR SNU HASSAN & PARTNER,supplier,1,0.0001890359168241966,0.0,6,239489.76,False,False,False
DR SPECHT & PARTNERS,supplier,1,0.0001890359168241966,0.0,7,549521.08,False,False,False
DR SRINIVASAN & PARTNER,supplier,1,0.0001890359168241966,0.0,2,88882.70000000001,False,False,False
DR SS GORAYA,supplier,1,0.0001890359168241966,0.0,3,84616.38,False,False,False
DR SS SINGH & PARTNERS,supplier,1,0.0001890359168241966,0.0,3,160563.78,False,False,False
DR STACPOOLE & PARTNERS,supplier,1,0.0001890359168241966,0.0,2,101417.24,False,False,False
DR STEAD & PARTNERS,supplier,1,0.0001890359168241966,0.0,2,180622.26,False,False,False
DR SUBRAMANIAN MANICKAM,supplier,1,0.0001890359168241966,0.0,20,1825332.31,False,False,False
DR SWINDELL & PARTNERS,supplier,1,0.0001890359168241966,0.0,19,1377518.56,False,False,False
DR SWINSCOE & PARTNERS,supplier,1,0.0001890359168241966,0.0,12,519356.98,False,False,False
DR SYKES & PARTNERS,supplier,1,0.0001890359168241966,0.0,24,2947821.13,False,False,False
DR SYKES A J & PARTNERS,supplier,1,0.0001890359168241966,0.0,2,63991.659999999996,False,False,False
DR T ABELA & PARTNERS,supplier,1,0.0001890359168241966,0.0,29,2124897.39,False,False,False
DR T B PATEL & PARTNERS,supplier,1,0.0001890359168241966,0.0,11,820923.98,False,False,False
DR T P FOX & PARTNERS,supplier,1,0.0001890359168241966,0.0,11,478914.09,False,False,False
DR T W ANDERSON & PARTNERS,supplier,1,0.0001890359168241966,0.0,2,59655.8,False,False,False
DR TA HAKEEM,supplier,1,0.0001890359168241966,0.0,16,916296.63,False,False,False
DR TABOR & PARTNERS,supplier,1,0.0001890359168241966,0.0,26,2202818.48,False,False,False
DR TAPSFIELD & PARTNERS,supplier,1,0.0001890359168241966,0.0,4,266365.76,False,False,False
DR TATE & PARTNERS,supplier,1,0.0001890359168241966,0.0,5,557939.23,False,False,False
DR TAYLOR & PARTNERS,supplier,1,0.0001890359168241966,0.0,11,434114.75,False,False,False
DR TEDBURY & PARTNERS,supplier,1,0.0001890359168241966,0.0,25,4768369.94,False,False,False
DR THOMAS & PARTNER,supplier,1,0.0001890359168241966,0.0,9,741905.53,False,False,False
DR TIBREWAL & PARTNER,supplier,1,0.0001890359168241966,0.0,2,108811.56,False,False,False
DR TL PHILLIPS,supplier,1,0.0001890359168241966,0.0,2,55322.21,False,False,False
DR TROMPETAS & PARTNERS WARLINGHAM,supplier,1,0.0001890359168241966,0.0,5,339112.5,False,False,False
DR TUDOR V S & PARTNERS,supplier,1,0.0001890359168241966,0.0,18,1053942.86,False,False,False
DR V BRIDGER AND PARTNERS,supplier,1,0.0001890359168241966,0.0,5,284313.97,False,False,False
DR V TUN & PARTNERS,supplier,1,0.0001890359168241966,0.0,3,112188.87,False,False,False
DR VENABLES & PARTNERS,supplier,1,0.0001890359168241966,0.0,14,1359908.38,False,False,False
DR VIVERS & PARTNERS,supplier,1,0.0001890359168241966,0.0,3,107502.31,False,False,False
DR W B HENDERSON & PARTNERS,supplier,1,0.0001890359168241966,0.0,25,1810190.36,False,False,False
DR W G H DOWLEY & PARTNERS,supplier,1,0.0001890359168241966,0.0,3,185325.48,False,False,False
DR W H BARCLAY & PARTNERS,supplier,1,0.0001890359168241966,0.0,3,106391.19,False,False,False
DR W J EDWARDS & PARTNERS,supplier,1,0.0001890359168241966,0.0,11,1467196.25,False,False,False
DR WALLACE P A & PARTNERS,supplier,1,0.0001890359168241966,0.0,27,2223633.38,False,False,False
DR WARD J P Q & PARTNERS,supplier,1,0.0001890359168241966,0.0,10,615806.28,False,False,False
DR WARREN & PARTNERS,supplier,1,0.0001890359168241966,0.0,4,349605.87,False,False,False
DR WEBSTER & PARTNERS,supplier,1,0.0001890359168241966,0.0,7,281304.07,False,False,False
DR WILLIAMS & PARTNERS EASTBOURNE,supplier,1,0.0001890359168241966,0.0,2,65103.58,False,False,False
DR WILLIAMS & PARTNERS PENZANCE,supplier,1,0.0001890359168241966,0.0,3,155411.01,False,False,False
DR WILSON & PARTNERS PENZANCE,supplier,1,0.0001890359168241966,0.0,3,137911.23,False,False,False
DR WILSON & PARTNERS ROTHERHAM,supplier,1,0.0001890359168241966,0.0,2,137925.0,False,False,False
DR WOODHOUSE & PARTNERS,supplier,1,0.0001890359168241966,0.0,2,134872.0,False,False,False
DR WRIGHTSON L & PARTNERS,supplier,1,0.0001890359168241966,0.0,16,1068845.34,False,False,False
DR Y M BOWEN & PARTNERS,supplier,1,0.0001890359168241966,0.0,15,1513576.53,False,False,False
DR YI PATEL & PARTNERS,supplier,1,0.0001890359168241966,0.0,10,404612.44,False,False,False
DR YOUNG G B & PARTNERS,supplier,1,0.0001890359168241966,0.0,24,1092016.04,False,False,False
DR ZAMAN A,supplier,1,0.0001890359168241966,0.0,2,69153.34,False,False,False
DR ZN NAJIM,supplier,1,0.0001890359168241966,0.0,4,233544.05,False,False,False
DRAFT WRITERS,supplier,1,0.0001890359168241966,0.0,2,50000.0,False,False,False
DRAPER & DASH,supplier,1,0.0001890359168241966,0.0,3,467200.0,False,False,False
DRAYTON MEDICAL PRACTICE,supplier,1,0.0001890359168241966,0.0,6,702355.74,False,False,False
DRAYTON MEDICAL PRACTICE D82029,supplier,1,0.0001890359168241966,0.0,2,106047.79999999999,False,False,False
DRAYTON SURGERY,supplier,1,0.0001890359168241966,0.0,11,556628.46,False,False,False
DRC LOCUMS,supplier,2,0.0003780718336483932,0.0,7,172738.51,True,False,True
DRS ASMAL & SHAIKH,supplier,1,0.0001890359168241966,0.0,2,55471.44,False,False,False
DRS B BANSAL & DW READE,supplier,1,0.0001890359168241966,0.0,13,2251001.94,False,False,False
DRS BEAUMONT & PAI,supplier,1,0.0001890359168241966,0.0,3,107718.07,False,False,False
DRS BRENNAN & AHMED,supplier,1,0.0001890359168241966,0.0,7,549613.44,False,False,False
DRS CHAWLA V & CHAWLA SK,supplier,1,0.0001890359168241966,0.0,2,116390.85,False,False,False
DRS COWARD A D & COWARD C M,supplier,1,0.0001890359168241966,0.0,2,58994.93,False,False,False
DRS GHAFFAR & ASGHAR,supplier,1,0.0001890359168241966,0.0,4,162315.61,False,False,False
DRS HA LEWIS & PARTNERS,supplier,1,0.0001890359168241966,0.0,11,2831015.31,False,False,False
DRS HOULTON & BURNS,supplier,1,0.0001890359168241966,0.0,2,72578.04,False,False,False
DRS MSN & MB AHMED,supplier,1,0.0001890359168241966,0.0,4,128002.72,False,False,False
DRS PILLAI & NAIR,supplier,1,0.0001890359168241966,0.0,10,543018.9,False,False,False
DRS R & PK TANDON,supplier,1,0.0001890359168241966,0.0,13,346316.57,False,False,False
DRS SS & SJ KUMAR,supplier,1,0.0001890359168241966,0.0,4,114834.62,False,False,False
DRS VENKATARAMANAN & MOHINDROO,supplier,1,0.0001890359168241966,0.0,3,106475.04000000001,False,False,False
DRS VENKATRAMAN & SINGH,supplier,1,0.0001890359168241966,0.0,6,211830.86000000002,False,False,False
DRS YU OGUNBA & AHMED,supplier,1,0.0001890359168241966,0.0,4,150416.68,False,False,False
DRYLAND MEDICAL CENTRE,supplier,1,0.0001890359168241966,0.0,25,1744382.76,False,False,False
DUDLEY AND WALSALL MENTAL HEALTH PARTNERSHIP NHS TRUST,supplier,1,0.0001890359168241966,0.0,27,2918751.88,False,False,False
DUDLEY GROUP HOSPITALS NHS FOUNDATION TRUST,supplier,1,0.0001890359168241966,0.0,586,398694751.01,False,True,True
DUDLEY INTEGRATED HEALTH AND CARE,supplier,1,0.0001890359168241966,0.0,12,3357030.48,False,False,False
DUFFY & PARTNERS,supplier,1,0.0001890359168241966,0.0,5,169269.82,False,False,False
DUKE STREET SURGERY,supplier,1,0.0001890359168241966,0.0,3,236741.66999999998,False,False,False
DUKINFIELD MEDICAL PRACTICE,supplier,1,0.0001890359168241966,0.0,12,836117.3400000001,False,False,False
DUNELM MEDICAL PRACTICE,supplier,1,0.0001890359168241966,0.0,4,198027.36,False,False,False
DUNSTAN PARTNERSHIP,supplier,1,0.0001890359168241966,0.0,6,433324.72,False,False,False
DUNSTER SURGERY,supplier,1,0.0001890359168241966,0.0,3,160057.59,False,False,False
DURHAM POLICE CRIME & COMMISSIONER,supplier,1,0.0001890359168241966,0.0,12,1064722.0,False,False,False
DXS UK,supplier,1,0.0001890359168241966,0.0,9,981645.6699999999,False,False,False
DYKES HALL MEDICAL CENTRE,supplier,1,0.0001890359168241966,0.0,9,466261.33999999997,False,False,False
DYNELEY HOUSE SURGERY,supplier,1,0.0001890359168241966,0.0,5,167479.36,False,False,False
EALING GP,supplier,1,0.0001890359168241966,0.0,3,88800.0,False,False,False
EARLS BARTON SURGERY,supplier,1,0.0001890359168241966,0.0,21,1258458.6099999999,False,False,False
EARNSWOOD MEDCIAL CENTRE,supplier,1,0.0001890359168241966,0.0,2,67946.35,False,False,False
EAST AND NORTH HERTFORDSHIRE NHS TRUST,supplier,1,0.0001890359168241966,0.0,709,834187931.44,False,True,True
EAST ANGLIAS CHILDRENS HOSPICES,supplier,1,0.0001890359168241966,0.0,6,5605885.32,False,False,False
EAST BERKSHIRE PRIMARY CAREOOHS,supplier,1,0.0001890359168241966,0.0,102,5489604.99,False,False,False
EAST CHESHIRE NHS TRUST,supplier,1,0.0001890359168241966,0.0,437,96731299.09,False,True,True
EAST COAST COMMUNITY HEALTHCARE CIC,supplier,1,0.0001890359168241966,0.0,6,1457922.7999999998,False,False,False
EAST CROYDON MEDICAL CENTRE,supplier,1,0.0001890359168241966,0.0,22,2510414.61,False,False,False
EAST DURHAM MEDICAL GROUP,supplier,1,0.0001890359168241966,0.0,12,684679.88,False,False,False
EAST HAMPSHIRE DISTRICT COUNCIL,supplier,1,0.0001890359168241966,0.0,2,80000.0,False,False,False
EAST HILL SURGERY,supplier,1,0.0001890359168241966,0.0,3,105311.79000000001,False,False,False
EAST HULL FAMILY PRACTICE,supplier,1,0.0001890359168241966,0.0,21,1110938.58,False,False,False
EAST KENT HOSPITALS UNIVERSITY NHS FOUNDATION TRUST,supplier,1,0.0001890359168241966,0.0,823,1008047008.24,False,True,True
EAST KENT RAPE CRISIS CENTRE,supplier,1,0.0001890359168241966,0.0,7,491407.0,False,False,False
EAST LANCASHIRE ALLIANCE,supplier,1,0.0001890359168241966,0.0,2,90000.0,False,False,False
EAST LANCASHIRE HOSPITALS NHS TRUST,supplier,1,0.0001890359168241966,0.0,842,519269543.06,False,True,True
EAST LANE SURGERY CHIEVELEY,supplier,1,0.0001890359168241966,0.0,9,1092675.27,False,False,False
EAST MIDLANDS AMBULANCE SERVICE NHS TRUST,supplier,1,0.0001890359168241966,0.0,97,43410308.72,False,False,False
EAST NORFOLK MEDICAL PRACTICE D82007,supplier,1,0.0001890359168241966,0.0,2,94703.23,False,False,False
EAST NORWICH MEDICAL PARTNERSHIP,supplier,1,0.0001890359168241966,0.0,6,285078.89,False,False,False
EAST OF ENGLAND AMBULANCE SERVICE NHS TRUST,supplier,1,0.0001890359168241966,0.0,44,80191539.44,False,False,False
EAST OF ENGLAND LOCAL GOVERNMENT ASSOCIATION,supplier,1,0.0001890359168241966,0.0,3,207342.0,False,False,False
EAST PARK MEDICAL CENTRE,supplier,1,0.0001890359168241966,0.0,14,859529.21,False,False,False
EAST QUAY MEDICAL CENTRE EAST QUAY BRIDGWATER,supplier,1,0.0001890359168241966,0.0,4,343148.46,False,False,False
EAST SUFFOLK AND NORTH ESSEX NHS FOUNDATION TRUST,supplier,1,0.0001890359168241966,0.0,848,843248862.4,False,True,True
EAST SUSSEX COUNTY COUNCIL,supplier,1,0.0001890359168241966,0.0,8,442308.26,False,False,False
EAST SUSSEX HEALTHCARE NHS TRUST,supplier,1,0.0001890359168241966,0.0,625,482679956.69,False,True,True
EASTCOURT LANE SURGERY,supplier,1,0.0001890359168241966,0.0,2,123130.12,False,False,False
EASTERN ACADEMIC HEALTH SCIENCE NETWORK,supplier,1,0.0001890359168241966,0.0,82,27528296.57,False,False,False
EASTFIELD MEDICAL CENTRE,supplier,1,0.0001890359168241966,0.0,33,2358349.5,False,False,False
EASTGATE MEDICAL GROUP,supplier,1,0.0001890359168241966,0.0,11,538488.06,False,False,False
EASTWICK PARK MEDICAL PRACTICE,supplier,1,0.0001890359168241966,0.0,4,199889.28,False,False,False
EASTWOOD PRIMARY CARE CENTRE,supplier,1,0.0001890359168241966,0.0,5,220501.58000000002,False,False,False
EBBSFLEET DEVELOPMENT CORPORATION,supplier,1,0.0001890359168241966,0.0,2,200000.0,False,False,False
ECCLES & PARTNERS,supplier,1,0.0001890359168241966,0.0,10,717363.72,False,False,False
ECCLESBOURNE PRACTICE,supplier,1,0.0001890359168241966,0.0,2,178741.0,False,False,False
ECONOMIST GROUP LTD THE,supplier,1,0.0001890359168241966,0.0,5,290000.0,False,False,False
EDEN HEALTH AND SOCIAL CARE,supplier,1,0.0001890359168241966,0.0,4,139854.0,False,False,False
EDEN MEDICAL GROUP,supplier,1,0.0001890359168241966,0.0,12,729626.5499999999,False,False,False
EDEN VALLEY HOSPICE,supplier,1,0.0001890359168241966,0.0,5,1383746.0,False,False,False
EDENFIELD ROAD SURGERY,supplier,1,0.0001890359168241966,0.0,2,62439.119999999995,False,False,False
EDENRED CHILDCARE VOUCHER,supplier,1,0.0001890359168241966,0.0,31,901358.99,False,False,False
EDENRED UK GROUP,supplier,1,0.0001890359168241966,0.0,2,57529.92,False,False,False
EDGE HEALTH,supplier,1,0.0001890359168241966,0.0,21,1480814.0,False,False,False
EDGE HILL UNIVERSITY,supplier,1,0.0001890359168241966,0.0,44,7487232.8,False,False,False
EDINGTON SURGERY QUARRY GROUND BROADWAY EDINGTON,supplier,1,0.0001890359168241966,0.0,6,355103.56,False,False,False
EDP DRUG & ALCOHOL SERVICES,supplier,1,0.0001890359168241966,0.0,4,134875.0,False,False,False
EDUCATION FOR HEALTH,supplier,1,0.0001890359168241966,0.0,2,163956.0,False,False,False
EFFECTIVE PROFESSIONAL INTERACTIONS,supplier,1,0.0001890359168241966,0.0,2,110392.01000000001,False,False,False
EFFICIO,supplier,1,0.0001890359168241966,0.0,65,21804500.85,False,False,False
EGREMONT MEDICAL CENTRE,supplier,1,0.0001890359168241966,0.0,15,518887.24,False,False,False
EGRESS SOFTWARE TECHNOLOGIES,supplier,1,0.0001890359168241966,0.0,2,827880.0,False,False,False
ELBURY MOOR MEDICAL CENTRE,supplier,1,0.0001890359168241966,0.0,15,1841032.2,False,False,False
ELDENE SURGERY,supplier,1,0.0001890359168241966,0.0,3,90419.7,False,False,False
ELECTROCORE UK,supplier,1,0.0001890359168241966,0.0,22,1260750.0,False,False,False
ELGAR HOUSE SURGERY,supplier,1,0.0001890359168241966,0.0,2,60582.259999999995,False,False,False
ELITE EMS,supplier,1,0.0001890359168241966,0.0,14,622062.0,False,False,False
ELLENOR,supplier,1,0.0001890359168241966,0.0,5,972793.0,False,False,False
ELLISON VIEW SURGERY,supplier,1,0.0001890359168241966,0.0,16,1044984.01,False,False,False
ELM HOUSE SURGERY,supplier,1,0.0001890359168241966,0.0,5,464565.86,False,False,False
ELM SURGERY RIVERSIDE LCG,supplier,1,0.0001890359168241966,0.0,5,203579.17,False,False,False
ELM TREE SURGERY,supplier,1,0.0001890359168241966,0.0,3,107721.17,False,False,False
ELMS MEDICAL CENTRE,supplier,1,0.0001890359168241966,0.0,4,298935.51,False,False,False
ELMS MEDICAL PRACTICE,supplier,1,0.0001890359168241966,0.0,10,667229.4,False,False,False
ELMS PRACTICE,supplier,1,0.0001890359168241966,0.0,3,107416.88,False,False,False
ELMWOOD FAMILY DOCTORS,supplier,1,0.0001890359168241966,0.0,4,203180.21000000002,False,False,False
ELSDALE STREET CLINIC,supplier,1,0.0001890359168241966,0.0,16,1579552.5,False,False,False
ELYSIUM HEALTHCARE,supplier,1,0.0001890359168241966,0.0,679,507245761.56,False,True,True
EMIS EGTON MEDICAL INFORMATION SYSTEMS,supplier,1,0.0001890359168241966,0.0,2,89285.04000000001,False,False,False
EMMETT CARR SURGERY,supplier,1,0.0001890359168241966,0.0,21,1053713.8599999999,False,False,False
EMMS HEALTHCARE,supplier,1,0.0001890359168241966,0.0,4,492896.8,False,False,False
EMOND R A & PARTNERS,supplier,1,0.0001890359168241966,0.0,27,1316817.54,False,False,False
EMPLOYEE PULSECHECK,supplier,1,0.0001890359168241966,0.0,6,2155385.16,False,False,False
EMS GROUP SOLUTIONS,supplier,1,0.0001890359168241966,0.0,21,2842183.07,False,False,False
EMSWORTH PRACTICE,supplier,1,0.0001890359168241966,0.0,6,183372.3,False,False,False
EMSWORTH SURGERY J82009,supplier,1,0.0001890359168241966,0.0,2,58680.38,False,False,False
ENDEAVOUR PRACTICE,supplier,1,0.0001890359168241966,0.0,17,839977.5800000001,False,False,False
ENGAGING COMMUNITIES STAFFORDSHIRE CIC,supplier,1,0.0001890359168241966,0.0,2,140000.0,False,False,False
ENGAUGED,supplier,1,0.0001890359168241966,0.0,2,97339.96,False,False,False
ENGINE PARTNERS UK,supplier,1,0.0001890359168241966,0.0,7,646340.0,False,False,False
ENNOGEN HEALTHCARE,supplier,1,0.0001890359168241966,0.0,5,3924428.52,False,False,False
ENTRUST EUROPE,supplier,1,0.0001890359168241966,0.0,3,103179.23000000001,False,False,False
EPIC CONSULTANTS,supplier,1,0.0001890359168241966,0.0,24,900796.35,False,False,False
EPIQ SYSTEMS,supplier,1,0.0001890359168241966,0.0,5,288651.75,False,False,False
EPSOM & ST HELIER UNIVERSITY HOSPITALS NHS TRUST,supplier,1,0.0001890359168241966,0.0,670,455584837.27,False,True,True
EPSOMEDICAL,supplier,1,0.0001890359168241966,0.0,6,762081.0,False,False,False
ERHIT,supplier,1,0.0001890359168241966,0.0,41,3078338.44,False,False,False
ERIC MOORE PARTNERSHIP,supplier,1,0.0001890359168241966,0.0,2,68502.0,False,False,False
ERNESETTLE PRIMARY CARE CENTRE TAMAR LCG,supplier,1,0.0001890359168241966,0.0,3,1493926.59,False,False,False
ERNST & YOUNG,supplier,1,0.0001890359168241966,0.0,53,10977234.36,False,False,False
ESCALLA TS,supplier,1,0.0001890359168241966,0.0,21,2689976.0,False,False,False
ESKDAILL MEDICAL,supplier,1,0.0001890359168241966,0.0,21,1897983.8800000001,False,False,False
ESMAIL AO,supplier,1,0.0001890359168241966,0.0,6,506732.56000000006,False,False,False
ESPLANADE SURGERY,supplier,1,0.0001890359168241966,0.0,18,1606786.3,False,False,False
ESSEX COUNTY COUNCIL,supplier,1,0.0001890359168241966,0.0,49,17305119.21,False,False,False
ESSEX HOUSE SURGERY,supplier,1,0.0001890359168241966,0.0,6,453054.21,False,False,False
ESSEX LOCAL MEDICAL COMMITTEES,supplier,1,0.0001890359168241966,0.0,12,333835.88,False,False,False
ESTOVER SURGERY RIVERSIDE LCG,supplier,1,0.0001890359168241966,0.0,3,86483.76,False,False,False
ETHICAL LEGAL SERVICES LTD TA BEACON,supplier,1,0.0001890359168241966,0.0,27,1521161.8800000001,False,False,False
ETHOS,supplier,1,0.0001890359168241966,0.0,3,249219.63,False,False,False
EU OF GPS,supplier,1,0.0001890359168241966,0.0,2,55756.24,False,False,False
EUROFINS BIOMNIS UK,supplier,1,0.0001890359168241966,0.0,4,1278480.0,False,False,False
EUROPEAN HOSPITAL AND HEALTHCARE FEDERATION HOPE,supplier,1,0.0001890359168241966,0.0,2,70447.862048963,False,False,False
EVA HEALTH TECHNOLOGIES,supplier,1,0.0001890359168241966,0.0,30,2440924.06,False,False,False
EVERBRIDGE EUROPE,supplier,1,0.0001890359168241966,0.0,5,352914.5,False,False,False
EVEREST HEALTH PARTNERSHIP G83027,supplier,1,0.0001890359168241966,0.0,2,71748.67,False,False,False
EVERGREEN PCC,supplier,1,0.0001890359168241966,0.0,26,2771318.67,False,False,False
EVERGREEN PRACTICE,supplier,1,0.0001890359168241966,0.0,21,1434260.24,False,False,False
EVERYTURN SERVICES,supplier,1,0.0001890359168241966,0.0,6,949923.1799999999,False,False,False
EVIDENCE CENTRE,supplier,1,0.0001890359168241966,0.0,3,88678.8,False,False,False
EXACT LEARNING SOLUTIONS SRL,supplier,1,0.0001890359168241966,0.0,2,69000.0,False,False,False
EXCEL PRIMARY CARE,supplier,1,0.0001890359168241966,0.0,11,716452.6,False,False,False
EXEMPLAR HEALTH CARE,supplier,1,0.0001890359168241966,0.0,2,124140.98000000001,False,False,False
EXETER CITY COUNCIL,supplier,1,0.0001890359168241966,0.0,4,324744.1,False,False,False
EXIMIOUS ALLIANCE,supplier,1,0.0001890359168241966,0.0,2,68500.0,False,False,False
EXMOOR MEDICAL CENTRE,supplier,1,0.0001890359168241966,0.0,8,638467.55,False,False,False
EXPERIAN,supplier,1,0.0001890359168241966,0.0,2,1093669.2,False,False,False
EXPONENTIALE,supplier,1,0.0001890359168241966,0.0,9,856244.85,False,False,False
EYE 2 EYE OPTICIANS,supplier,1,0.0001890359168241966,0.0,2,57058.100000000006,False,False,False
EYE CLINIC OPTICIANS THE,supplier,1,0.0001890359168241966,0.0,4,136291.15,False,False,False
EYE MANIA,supplier,1,0.0001890359168241966,0.0,23,740217.45,False,False,False
EYE OPTICIANS,supplier,1,0.0001890359168241966,0.0,9,272005.15,False,False,False
EYE SITE OPTICIANS,supplier,1,0.0001890359168241966,0.0,2,69033.28,False,False,False
EYECARE ONCALL,supplier,1,0.0001890359168241966,0.0,20,625922.26,False,False,False
EYES AT HOME,supplier,1,0.0001890359168241966,0.0,10,289774.05,False,False,False
EYES FIRST UK,supplier,1,0.0001890359168241966,0.0,3,90587.75,False,False,False
FACERE MELIUS,supplier,1,0.0001890359168241966,0.0,2,76506.0,False,False,False
FACTS AND DIMENSIONS,supplier,2,0.0003780718336483932,0.0,18,2532091.14,True,False,True
FACULTY OF CLINICAL INFORMATICS,supplier,1,0.0001890359168241966,0.0,3,218400.0,False,False,False
FACULTY OF MEDICAL LEADERSHIP & MANAGEMENT,supplier,1,0.0001890359168241966,0.0,16,1029960.8,False,False,False
FACULTY SCIENCE,supplier,1,0.0001890359168241966,0.0,28,6552960.0,False,False,False
FAERESTRAND H I & PARTNERS,supplier,1,0.0001890359168241966,0.0,8,1202071.24,False,False,False
FAIRFIELD INDEPENDENT HOSPITAL,supplier,1,0.0001890359168241966,0.0,22,3315505.0,False,False,False
FAIRFIELD MEDICAL CENTRE,supplier,1,0.0001890359168241966,0.0,3,224212.65000000002,False,False,False
FAIRLANDS MEDICAL PRACTICE,supplier,1,0.0001890359168241966,0.0,16,3726243.1,False,False,False
FAKENHAM MEDICAL PRACTICE,supplier,1,0.0001890359168241966,0.0,23,1764559.02,False,False,False
FALKLAND SURGERY,supplier,1,0.0001890359168241966,0.0,3,83477.88,False,False,False
FALLODON WAY MEDICAL CENTRE,supplier,1,0.0001890359168241966,0.0,3,153773.91999999998,False,False,False
FALMOUTH HEALTH CENTRE,supplier,1,0.0001890359168241966,0.0,26,1621718.65,False,False,False
FAMILY ACTION,supplier,1,0.0001890359168241966,0.0,2,233171.0,False,False,False
FAMILY MATTERS,supplier,1,0.0001890359168241966,0.0,4,371343.0,False,False,False
FAMILY PRACTICE BARROW FURNESS,supplier,1,0.0001890359168241966,0.0,3,80637.20999999999,False,False,False
FARLEY DWEK SOLICITORS,supplier,1,0.0001890359168241966,0.0,2,63642.0,False,False,False
FARLEY ROAD MEDICAL PRACTICE,supplier,1,0.0001890359168241966,0.0,2,71482.28,False,False,False
FARMER & PARTNERS,supplier,1,0.0001890359168241966,0.0,9,558714.65,False,False,False
FARNHAM DENE MEDICAL PRACTICE,supplier,1,0.0001890359168241966,0.0,21,1899324.8,False,False,False
FARNHAM PARK HEALTH GROUP H81027,supplier,1,0.0001890359168241966,0.0,2,65681.73999999999,False,False,False
FARNHAM ROAD PRACTICE,supplier,1,0.0001890359168241966,0.0,2,54472.33,False,False,False
FAT MEDIA,supplier,1,0.0001890359168241966,0.0,2,109549.0,False,False,False
FAVERSHAM COUNSELLING SERVICE,supplier,1,0.0001890359168241966,0.0,2,171920.0,False,False,False
FCMSNW,supplier,1,0.0001890359168241966,0.0,47,1691825.0,False,False,False
FDS CONSULTANTS,supplier,1,0.0001890359168241966,0.0,198,8941632.37,False,False,False
FEDERATED 4 HEALTH,supplier,1,0.0001890359168241966,0.0,5,401024.21,False,False,False
FEDERATION FOR INFORMATICS PROFESSIONALS IN HEALTH AND SOCIAL THE,supplier,1,0.0001890359168241966,0.0,2,3366000.0,False,False,False
FELDMAN & PARTNERS,supplier,1,0.0001890359168241966,0.0,5,226806.66,False,False,False
FELIXSTOWE ROAD MEDICAL PRACTICE,supplier,1,0.0001890359168241966,0.0,6,328649.08,False,False,False
FELLVIEW HEALTHCARE,supplier,1,0.0001890359168241966,0.0,2,84490.0,False,False,False
FENDER WAY HC N85029,supplier,1,0.0001890359168241966,0.0,2,61744.82,False,False,False
FENIX MEDIA,supplier,1,0.0001890359168241966,0.0,6,455997.65,False,False,False
FERN HOUSE SURGERY,supplier,1,0.0001890359168241966,0.0,23,1554228.6600000001,False,False,False
FERNVILLE SURGERY,supplier,1,0.0001890359168241966,0.0,2,64514.78,False,False,False
FERRYBRIDGE MEDICAL CENTRE,supplier,1,0.0001890359168241966,0.0,30,2789092.68,False,False,False
FERRYHILL & CHILTON MEDICAL GROUP,supplier,1,0.0001890359168241966,0.0,4,151800.94,False,False,False
FIELD ROAD HEALTH CENTRE,supplier,1,0.0001890359168241966,0.0,8,229467.31,False,False,False
FILEY SURGERY,supplier,1,0.0001890359168241966,0.0,14,1078096.84,False,False,False
FINCHAMPSTEAD SURGERY,supplier,1,0.0001890359168241966,0.0,2,57460.9,False,False,False
FIRDALE MEDICAL CENTRE,supplier,1,0.0001890359168241966,0.0,9,813390.6,False,False,False
FIREBRAND TRAINING,supplier,1,0.0001890359168241966,0.0,2,142440.0,False,False,False
FIRECLAY HEALTH,supplier,1,0.0001890359168241966,0.0,16,807962.54,False,False,False
FIRS,supplier,1,0.0001890359168241966,0.0,2,51066.61,False,False,False
FIRST COMMUNITY HEALTH & CARE CIC,supplier,1,0.0001890359168241966,0.0,7,1452046.0,False,False,False
FIRTH & PTNRS,supplier,1,0.0001890359168241966,0.0,6,370085.91000000003,False,False,False
FITZWILLIAM HOSPITAL,supplier,1,0.0001890359168241966,0.0,5,146641.71,False,False,False
FLEET MEDICAL CENTRE,supplier,1,0.0001890359168241966,0.0,2,53146.979999999996,False,False,False
FLITWICK SURGERY,supplier,1,0.0001890359168241966,0.0,9,473993.29,False,False,False
FLORENCE NIGHTINGALE FOUNDATION,supplier,1,0.0001890359168241966,0.0,26,2108656.15,False,False,False
FLYFORM,supplier,1,0.0001890359168241966,0.0,4,323256.5,False,False,False
FOLLY LANE MEDICAL CENTRE,supplier,1,0.0001890359168241966,0.0,12,643773.96,False,False,False
FORDINGBRIDGE SURGERY,supplier,1,0.0001890359168241966,0.0,19,1224358.8,False,False,False
FOREST EDGE PRACTICE,supplier,1,0.0001890359168241966,0.0,4,115233.95,False,False,False
FOREST GATE SURGERY,supplier,1,0.0001890359168241966,0.0,2,56205.22,False,False,False
FOREST GROUP PRACTICE,supplier,1,0.0001890359168241966,0.0,43,4998381.96,False,False,False
FOREST HALL HEALTH CENTRE,supplier,1,0.0001890359168241966,0.0,5,222212.76,False,False,False
FOREST HEALTH CARE L84028,supplier,1,0.0001890359168241966,0.0,2,99605.29999999999,False,False,False
FORESTSIDE MEDICAL PRACTICE WALSALL,supplier,1,0.0001890359168241966,0.0,13,4297661.92,False,False,False
FORGE HEALTH GROUP,supplier,1,0.0001890359168241966,0.0,14,774875.35,False,False,False
FORGET ME NOT CHILDRENS HOSPICE,supplier,1,0.0001890359168241966,0.0,5,1640904.0,False,False,False
FORTIUS LONDON,supplier,1,0.0001890359168241966,0.0,14,4446541.0,False,False,False
FORUM HEALTH CENTRE,supplier,1,0.0001890359168241966,0.0,2,88420.76000000001,False,False,False
FORWARD ASSIST,supplier,1,0.0001890359168241966,0.0,4,197995.69,False,False,False
FORWARD TRUST,supplier,1,0.0001890359168241966,0.0,211,40954531.79,False,True,True
FOUNDATION OF NURSING STUDIES,supplier,1,0.0001890359168241966,0.0,8,1878485.0,False,False,False
FOUNDRY HEALTHCARE LEWES,supplier,1,0.0001890359168241966,0.0,3,117295.38,False,False,False
FOUNDRY MEDICAL GROUP,supplier,1,0.0001890359168241966,0.0,3,159000.0,False,False,False
FOUNTAIN PRACTICE,supplier,1,0.0001890359168241966,0.0,3,189942.54,False,False,False
FOUR EYES INSIGHT,supplier,1,0.0001890359168241966,0.0,9,957290.0,False,False,False
FOUR SEASONS HEALTH CARE,supplier,1,0.0001890359168241966,0.0,40,12786926.08,False,False,False
FOWEY RIVER PRACTICE,supplier,1,0.0001890359168241966,0.0,17,986414.52,False,False,False
FRAIN FRAIN & PARTNERS,supplier,1,0.0001890359168241966,0.0,5,384610.2,False,False,False
FRAMFIELD HOUSE SURGERY,supplier,1,0.0001890359168241966,0.0,9,305036.10000000003,False,False,False
FRAMLINGHAM MEDICAL PRACTICE,supplier,1,0.0001890359168241966,0.0,7,294661.03,False,False,False
FRANCIS & PARTNERS,supplier,1,0.0001890359168241966,0.0,15,559501.9400000001,False,False,False
FRANCIS HOUSE,supplier,1,0.0001890359168241966,0.0,5,3009802.0,False,False,False
FRENCH WEIR HEALTH CENTRE TAUNTON,supplier,1,0.0001890359168241966,0.0,12,737343.2,False,False,False
FRESHNEY PELHAM CARE,supplier,1,0.0001890359168241966,0.0,2,164870.0,False,False,False
FRESHWORKS,supplier,1,0.0001890359168241966,0.0,7,362183.74,False,False,False
FREUDS COMMUNICATIONS LTD TA FREUDS,supplier,1,0.0001890359168241966,0.0,49,6227908.79,False,False,False
FRIARSGATE PRACTICE,supplier,1,0.0001890359168241966,0.0,36,2352965.75,False,False,False
FRIARY HOUSE SURGERY ST JUDES WATERFRONT LCG,supplier,1,0.0001890359168241966,0.0,3,237244.59,False,False,False
FRIENDS OF THE ELDERLY,supplier,1,0.0001890359168241966,0.0,6,361277.0,False,False,False
FRIMLEY GREEN MEDICAL CENTRE,supplier,1,0.0001890359168241966,0.0,2,63549.15,False,False,False
FRIMLEY HEALTH NHS FOUNDATION TRUST,supplier,1,0.0001890359168241966,0.0,1319,995066596.02,False,True,True
FROME MEDICAL CENTRE L85008,supplier,1,0.0001890359168241966,0.0,2,91796.14,False,False,False
FROME MEDICAL CENTRE PARK ROAD FROME,supplier,1,0.0001890359168241966,0.0,15,1271815.93,False,False,False
FROME VALLEY MEDICAL CENTRE,supplier,1,0.0001890359168241966,0.0,4,110136.88,False,False,False
FRONTIER ECONOMICS,supplier,1,0.0001890359168241966,0.0,12,1019355.0,False,False,False
FULLWELL MEDICAL CENTRE,supplier,1,0.0001890359168241966,0.0,9,583809.36,False,False,False
FULWELL MEDICAL CENTRE,supplier,1,0.0001890359168241966,0.0,3,86848.6,False,False,False
FURLONG MEDICAL CENTRE,supplier,1,0.0001890359168241966,0.0,13,659945.7,False,False,False
G ASKEW,supplier,1,0.0001890359168241966,0.0,13,1013370.23,False,False,False
G B M WINSTOCK,supplier,1,0.0001890359168241966,0.0,10,397867.58,False,False,False
G4S CARE AND JUSTICE SERVICES UK,supplier,1,0.0001890359168241966,0.0,158,14050378.93,False,False,False
G4S FACILITIES MANAGEMENT UK,supplier,1,0.0001890359168241966,0.0,49,8446481.71,False,False,False
G4S HEALTH SERVICES UK,supplier,1,0.0001890359168241966,0.0,415,48010351.17,False,True,True
GALLERIES MEDICAL PRACTICE,supplier,1,0.0001890359168241966,0.0,2,114561.54000000001,False,False,False
GAMSTON MEDICAL CENTRE,supplier,1,0.0001890359168241966,0.0,29,3203260.39,False,False,False
GANTS HILL MEDICAL CENTRE,supplier,1,0.0001890359168241966,0.0,3,88935.53,False,False,False
GARDEN CITY PRACTICE,supplier,1,0.0001890359168241966,0.0,9,633373.93,False,False,False
GARDEN LANE MEDICAL CENTRE,supplier,1,0.0001890359168241966,0.0,3,142550.51,False,False,False
GARFORTH MEDICAL PRACTICE,supplier,1,0.0001890359168241966,0.0,2,67434.76,False,False,False
GARNET FOLD PRACTICE,supplier,1,0.0001890359168241966,0.0,22,3240584.5300000003,False,False,False
GARSTANG MEDICAL PRACTICE P81006,supplier,1,0.0001890359168241966,0.0,2,105311.34,False,False,False
GATESHEAD HEALTH NHS FOUNDATION TRUST,supplier,1,0.0001890359168241966,0.0,744,363438574.82,False,True,True
GATLEY MEDICAL CENTRE,supplier,1,0.0001890359168241966,0.0,2,53418.6,False,False,False
GAYNOR & PARTNERS,supplier,1,0.0001890359168241966,0.0,37,2732895.04,False,False,False
GB GROUP,supplier,1,0.0001890359168241966,0.0,3,126000.0,False,False,False
GCI NETWORK SOLUTIONS,supplier,1,0.0001890359168241966,0.0,2,84151.07,False,False,False
GENERAL DYNAMICS UNITED KINGDOM,supplier,1,0.0001890359168241966,0.0,38,10347694.610000001,False,False,False
GENERAL MEDICAL COUNCIL,supplier,1,0.0001890359168241966,0.0,3,243845.54,False,False,False
GENERAL PRACTICE ALLIANCE,supplier,1,0.0001890359168241966,0.0,9,281568.36,False,False,False
GENERAL PRACTICE TASKFORCE GPTF,supplier,1,0.0001890359168241966,0.0,9,922197.37,False,False,False
GENIUS WITHIN CIC,supplier,1,0.0001890359168241966,0.0,3,182000.0,False,False,False
GENOMICS ENGLAND,supplier,1,0.0001890359168241966,0.0,29,82465973.34,False,False,False
GEORGE ELIOT HOSPITAL NHS TRUST,supplier,2,0.0003780718336483932,0.00026547282920475195,432,174667559.48000002,True,True,True
GIBSON LANE PRACTICE,supplier,1,0.0001890359168241966,0.0,30,2346466.0,False,False,False
GIFFORDS PARTNERSHIP THE,supplier,1,0.0001890359168241966,0.0,4,127829.84,False,False,False
GILLIES MEDICAL PARTNERSHIP,supplier,1,0.0001890359168241966,0.0,11,555336.26,False,False,False
GLADSTONE MEDICAL CENTRE,supplier,1,0.0001890359168241966,0.0,15,551901.25,False,False,False
GLASTONBURY HEALTH CENTRE WELLS ROAD GLASTONBURY,supplier,1,0.0001890359168241966,0.0,4,183970.14,False,False,False
GLASTONBURY SURGERY,supplier,1,0.0001890359168241966,0.0,13,870198.31,False,False,False
GLEBE HOUSE SURGERY,supplier,1,0.0001890359168241966,0.0,16,1435267.79,False,False,False
GLEBE SURGERY,supplier,1,0.0001890359168241966,0.0,21,3029195.64,False,False,False
GLEEDS ADVISORY,supplier,1,0.0001890359168241966,0.0,33,1275606.92,False,False,False
GLEN DIMPLEX HOME APPLIANCES,supplier,1,0.0001890359168241966,0.0,11,801274.8,False,False,False
GLENDALE MEDICAL CENTRE,supplier,1,0.0001890359168241966,0.0,4,211185.2,False,False,False
GLENDEVON MEDICAL CENTRE TEIGNMOUTH,supplier,1,0.0001890359168241966,0.0,3,103396.74,False,False,False
GLENFIELD SURGERY THE,supplier,1,0.0001890359168241966,0.0,6,206133.36,False,False,False
GLENLYN MEDICAL CENTRE,supplier,1,0.0001890359168241966,0.0,17,1546246.44,False,False,False
GLENPARK MEDICAL CENTRE,supplier,1,0.0001890359168241966,0.0,2,115393.36000000002,False,False,False
GLENROYD MEDICAL CENTRE,supplier,1,0.0001890359168241966,0.0,6,256153.18,False,False,False
GLOBAL TALENT COMPASS,supplier,1,0.0001890359168241966,0.0,3,146700.0,False,False,False
GLOUCESTER ROAD MEDICAL CENTRE,supplier,1,0.0001890359168241966,0.0,10,2022743.82,False,False,False
GLOUCESTERSHIRE CARE SERVICES NHS TRUST,supplier,1,0.0001890359168241966,0.0,31,6494343.88,False,False,False
GLOUCESTERSHIRE COUNTY COUNCIL,supplier,1,0.0001890359168241966,0.0,4,565000.0,False,False,False
GLOUCESTERSHIRE HEALTH AND CARE NHS FOUNDATION TRUST,supplier,1,0.0001890359168241966,0.0,357,74278157.45,False,True,True
GLOUCESTERSHIRE HOSPITALS NHS FOUNDATION TRUST,supplier,2,0.0003780718336483932,0.00022823447630566636,945,1063753027.3000001,True,True,True
GNOSALL SURGERY,supplier,1,0.0001890359168241966,0.0,3,111344.75,False,False,False
GO TO DOC,supplier,1,0.0001890359168241966,0.0,10,474000.0,False,False,False
GODIVA GROUP PRACTICE,supplier,1,0.0001890359168241966,0.0,17,1078358.24,False,False,False
GOLD STREET SURGERY,supplier,1,0.0001890359168241966,0.0,26,2041580.96,False,False,False
GOLDEN BROOK PRACTICE,supplier,1,0.0001890359168241966,0.0,20,2106756.21,False,False,False
GOLDEN LANE HOUSING,supplier,1,0.0001890359168241966,0.0,3,845732.88,False,False,False
GOLDEN VALLEY PRACTICE,supplier,1,0.0001890359168241966,0.0,16,1081540.52,False,False,False
GOLDSTEIN & PATNERS,supplier,1,0.0001890359168241966,0.0,7,293628.57,False,False,False
GOLLINGS & PARTNERS,supplier,1,0.0001890359168241966,0.0,19,1369117.1199999999,False,False,False
GOOD GOVERNANCE INSTITUTE,supplier,1,0.0001890359168241966,0.0,3,89580.0,False,False,False
GOODCARE PRACTICE,supplier,1,0.0001890359168241966,0.0,2,57516.479999999996,False,False,False
GOODSAM,supplier,1,0.0001890359168241966,0.0,45,6030213.72,False,False,False
GORDON HOUSE SURGERY,supplier,1,0.0001890359168241966,0.0,9,308410.66000000003,False,False,False
GORING & WOODCOTE MEDICAL PRACTICE,supplier,1,0.0001890359168241966,0.0,2,54847.12,False,False,False
GOSSOPS GREEN MEDICAL CENTRE,supplier,1,0.0001890359168241966,0.0,19,865470.87,False,False,False
GOVERNMENT LEGAL DEPARTMENT,supplier,1,0.0001890359168241966,0.0,4,115632.0,False,False,False
GOVERNMENT PROPERTY AGENCY,supplier,1,0.0001890359168241966,0.0,71,13878254.32,False,False,False
GOWER STREET PRACTICE,supplier,1,0.0001890359168241966,0.0,3,150697.4,False,False,False
GP FIRST,supplier,1,0.0001890359168241966,0.0,12,1167898.28,False,False,False
GPS HEALTHCARE M89003,supplier,1,0.0001890359168241966,0.0,2,76693.91,False,False,False
GRAFTON MEDICAL PARTNERS Y02423,supplier,1,0.0001890359168241966,0.0,2,88076.23999999999,False,False,False
GRAHAM PRACTICE,supplier,1,0.0001890359168241966,0.0,2,54896.81,False,False,False
GRAIL BIO UK,supplier,1,0.0001890359168241966,0.0,8,2687780.0,False,False,False
GRAINGER MEDICAL GROUP,supplier,1,0.0001890359168241966,0.0,30,5804868.74,False,False,False
GRAND UNION HEALTH CENTRE,supplier,1,0.0001890359168241966,0.0,25,2684213.92,False,False,False
GRANGE PRACTICE THE,supplier,1,0.0001890359168241966,0.0,17,944473.85,False,False,False
GRANGE ST SURGERY,supplier,1,0.0001890359168241966,0.0,4,197247.78,False,False,False
GRANTA MEDICAL PRACTICES,supplier,1,0.0001890359168241966,0.0,17,1113991.34,False,False,False
GRANVILLE HOUSE MEDICAL CENTRE,supplier,1,0.0001890359168241966,0.0,5,167288.32,False,False,False
GRATNELLS,supplier,1,0.0001890359168241966,0.0,3,76518.0,False,False,False
GRAVESEND MEDICAL CENTRE,supplier,1,0.0001890359168241966,0.0,6,349608.58,False,False,False
GREAT BRIDGE HEALTH CENTRE,supplier,1,0.0001890359168241966,0.0,3,125270.98999999999,False,False,False
GREAT ORMOND STREET HOSPITAL FOR CHILDREN NHS FOUNDATION TRUST,supplier,1,0.0001890359168241966,0.0,1403,2599183340.58,False,True,True
GREAT SUTTON MEDICAL CENTRE,supplier,1,0.0001890359168241966,0.0,2,71171.18,False,False,False
GREAT WESTERN HOSPITALS NHS FOUNDATION TRUST,supplier,1,0.0001890359168241966,0.0,727,411453642.39,False,True,True
GREATER LONDON AUTHORITY,supplier,1,0.0001890359168241966,0.0,5,1850000.0,False,False,False
GREATER MANCHESTER COMBINED AUTHORITY GMCA,supplier,1,0.0001890359168241966,0.0,12,5810184.49,False,False,False
GREATER MANCHESTER MENTAL HEALTH NHS FOUNDATION TRUST,supplier,1,0.0001890359168241966,0.0,811,668288671.57,False,True,True
GREATER MANCHESTER URGENT PRIMARY CARE ALLIANCE CIC,supplier,1,0.0001890359168241966,0.0,39,3649111.88,False,False,False
GREATER PETERBOROUGH,supplier,1,0.0001890359168241966,0.0,7,552046.78,False,False,False
GREATER PETERBOROUGH NETWORK,supplier,1,0.0001890359168241966,0.0,8,587571.04,False,False,False
GREEN CROSS GROUP PRACTICE,supplier,1,0.0001890359168241966,0.0,5,170586.08000000002,False,False,False
GREEN LANE MEDICAL CENTRE,supplier,1,0.0001890359168241966,0.0,9,650295.77,False,False,False
GREEN LANES SURGERY,supplier,1,0.0001890359168241966,0.0,16,1111712.38,False,False,False
GREEN WOOD PRACTICE,supplier,1,0.0001890359168241966,0.0,2,82640.86,False,False,False
GREEN WRYTHE SURGERY,supplier,1,0.0001890359168241966,0.0,4,132665.68,False,False,False
GREENFIELD MEDICAL PRACTICE,supplier,1,0.0001890359168241966,0.0,12,521179.22000000003,False,False,False
GREENGATES MEDICAL GROUP,supplier,1,0.0001890359168241966,0.0,7,235334.54,False,False,False
GREENS NORTON & WEEDON MEDICAL PRACTICE,supplier,1,0.0001890359168241966,0.0,47,3121725.61,False,False,False
GREENSAND HEALTH CENTRE,supplier,1,0.0001890359168241966,0.0,13,614577.78,False,False,False
GREENSANDS MEDICAL PRACTICE,supplier,1,0.0001890359168241966,0.0,4,319475.55,False,False,False
GREENSANDS SURGERY,supplier,1,0.0001890359168241966,0.0,3,182821.86000000002,False,False,False
GREENSIDE MEDICAL PRACTICE,supplier,1,0.0001890359168241966,0.0,8,558060.47,False,False,False
GREENVIEW SURGERY,supplier,1,0.0001890359168241966,0.0,16,1074253.53,False,False,False
GREENWAY COMMUNTIY PRACTICE,supplier,1,0.0001890359168241966,0.0,9,520137.7,False,False,False
GREY ROAD SURGERY,supplier,1,0.0001890359168241966,0.0,16,1200686.86,False,False,False
GREYSTOKE,supplier,1,0.0001890359168241966,0.0,4,133676.06,False,False,False
GREYSTONE HOUSE SURGERY,supplier,1,0.0001890359168241966,0.0,34,2126483.44,False,False,False
GREYSWOOD PRACTICE,supplier,1,0.0001890359168241966,0.0,6,308439.33,False,False,False
GRIMBLE & PARTNERS,supplier,1,0.0001890359168241966,0.0,5,271404.71,False,False,False
GROSVENOR MEDICAL CENTRE CREWE,supplier,1,0.0001890359168241966,0.0,9,468839.64,False,False,False
GROUNDSWELL,supplier,1,0.0001890359168241966,0.0,3,249937.0,False,False,False
GROUP PRACTICE SURGERY DR STRINGER & PARTNERS,supplier,1,0.0001890359168241966,0.0,11,1105724.72,False,False,False
GROVE HOUSE SURGERY,supplier,1,0.0001890359168241966,0.0,3,99191.6,False,False,False
GROVE HOUSE SURGERY WEST SHEPTON SHEPTON MALLET,supplier,1,0.0001890359168241966,0.0,3,144786.81,False,False,False
GROVE MEDICAL CENTRE,supplier,1,0.0001890359168241966,0.0,27,1904156.96,False,False,False
GROVE MEDICAL CENTRE EGHAM,supplier,1,0.0001890359168241966,0.0,16,1813670.66,False,False,False
GROVE MEDICAL CENTRE THE,supplier,1,0.0001890359168241966,0.0,3,98969.34,False,False,False
GROVE MEDICAL PRACTICE THE,supplier,1,0.0001890359168241966,0.0,2,70000.0,False,False,False
GROVE SURGERY,supplier,1,0.0001890359168241966,0.0,4,136367.15,False,False,False
GROVEHURST SURGERY,supplier,1,0.0001890359168241966,0.0,16,1319514.03,False,False,False
GROVELANDS MEDICAL CENTRE,supplier,1,0.0001890359168241966,0.0,3,108933.79000000001,False,False,False
GRUNDON WASTE MANAGEMENT,supplier,1,0.0001890359168241966,0.0,2,63252.15,False,False,False
GS1 UK,supplier,1,0.0001890359168241966,0.0,2,1457758.8,False,False,False
GT BARFORD SURGERY,supplier,1,0.0001890359168241966,0.0,3,109528.83,False,False,False
GUIDEPOST MEDICAL GROUP,supplier,1,0.0001890359168241966,0.0,3,94605.73,False,False,False
GUILDHALL & BARROW SURGERY,supplier,1,0.0001890359168241966,0.0,4,139931.74,False,False,False
GUILDOWNS GROUP PRACTICE,supplier,1,0.0001890359168241966,0.0,3,81996.6,False,False,False
GUISELEY & YEADON MEDICAL PRACTICE,supplier,1,0.0001890359168241966,0.0,13,702326.34,False,False,False
GUPTA C P,supplier,1,0.0001890359168241966,0.0,9,526912.22,False,False,False
GURU NANAK MEDICAL CENTRE,supplier,1,0.0001890359168241966,0.0,12,786988.27,False,False,False
GUYS AND ST THOMAS FOUNDATION,supplier,1,0.0001890359168241966,0.0,4,769723.0,False,False,False
GYPSYLIFE,supplier,1,0.0001890359168241966,0.0,4,187250.0,False,False,False
HADLEIGH HEALTH CENTRE,supplier,1,0.0001890359168241966,0.0,14,714632.72,False,False,False
HADLEIGH PRACTICE,supplier,1,0.0001890359168241966,0.0,8,261091.80000000002,False,False,False
HADWEN MEDICAL PRACTICE,supplier,1,0.0001890359168241966,0.0,2,51517.259999999995,False,False,False
HAILEY VIEW SURGERY,supplier,1,0.0001890359168241966,0.0,15,891979.96,False,False,False
HAJI M H,supplier,1,0.0001890359168241966,0.0,2,56564.84,False,False,False
HALDON HOUSE SURGERY EXMOUTH,supplier,1,0.0001890359168241966,0.0,6,230305.36000000002,False,False,False
HALESOWEN MEDICAL PRACTICE,supplier,1,0.0001890359168241966,0.0,13,770596.27,False,False,False
HALFWAY SURGERY,supplier,1,0.0001890359168241966,0.0,14,807480.17,False,False,False
HALI OPTICAL LTD TA SPECIALEYES EYECARE OPTICIANS,supplier,1,0.0001890359168241966,0.0,3,109238.8,False,False,False
HALL GREEN HEALTH Y00159,supplier,1,0.0001890359168241966,0.0,2,56425.95,False,False,False
HALL GROVE SURGERY,supplier,1,0.0001890359168241966,0.0,7,266265.2,False,False,False
HALL PRACTICE,supplier,1,0.0001890359168241966,0.0,18,1308766.76,False,False,False
HAMDON MEDICAL CENTRE,supplier,1,0.0001890359168241966,0.0,3,120658.13999999998,False,False,False
HAMELN PHARMA,supplier,1,0.0001890359168241966,0.0,7,953582.23,False,False,False
HAMILTON & PARTNERS ILKESTON,supplier,1,0.0001890359168241966,0.0,2,58026.08,False,False,False
HAMILTON & PARTNERS ROWLEY REGIS,supplier,1,0.0001890359168241966,0.0,19,790696.22,False,False,False
HAMILTON MEDICAL CENTRE,supplier,1,0.0001890359168241966,0.0,2,75445.7,False,False,False
HAMPSHIRE AND ISLE OF WIGHT HEALTHCARE NHS FOUNDATION TRUST,supplier,1,0.0001890359168241966,0.0,45,5968264.27,False,False,False
HAMPSHIRE CONSTABULARY,supplier,1,0.0001890359168241966,0.0,7,238100.0,False,False,False
HAMPSHIRE COUNTY COUNCIL,supplier,1,0.0001890359168241966,0.0,13,817238.98,False,False,False
HAMPSHIRE HOSPITALS NHS FOUNDATION TRUST,supplier,1,0.0001890359168241966,0.0,750,611134111.36,False,True,True
HAMPSTEAD GROUP PRACTICE,supplier,1,0.0001890359168241966,0.0,22,2550468.8,False,False,False
HAMSTREET SURGERY,supplier,1,0.0001890359168241966,0.0,13,715834.8,False,False,False
HANHAM SURGERY,supplier,1,0.0001890359168241966,0.0,4,129281.06,False,False,False
HAPPY BABY COMMUNITY,supplier,1,0.0001890359168241966,0.0,2,50667.53,False,False,False
HARBOROUGH FIELD SURGERY,supplier,1,0.0001890359168241966,0.0,46,3663774.59,False,False,False
HARBOUR MEDICAL PRACTICE G82217,supplier,1,0.0001890359168241966,0.0,5,448772.14,False,False,False
HARBOUR VIEW HEALTHCARE,supplier,1,0.0001890359168241966,0.0,7,520687.94,False,False,False
HARBURY SURGERY,supplier,1,0.0001890359168241966,0.0,16,1246754.4,False,False,False
HARCOURT MEDICAL CENTRE,supplier,1,0.0001890359168241966,0.0,2,64270.020000000004,False,False,False
HARDENBLAKENALL PRACTICE,supplier,1,0.0001890359168241966,0.0,2,89706.31,False,False,False
HARDWICKE HOUSE GROUP PRACTICE,supplier,1,0.0001890359168241966,0.0,12,665394.12,False,False,False
HARESFIELD SURGERY,supplier,1,0.0001890359168241966,0.0,8,1310604.44,False,False,False
HAREWOOD MEDICAL PRACTICE,supplier,1,0.0001890359168241966,0.0,12,847021.7,False,False,False
HARINGEY GP FEDERATION,supplier,1,0.0001890359168241966,0.0,33,3526818.92,False,False,False
HARLEQUIN SURGERY,supplier,1,0.0001890359168241966,0.0,6,379904.53,False,False,False
HARLEY HOUSE SURGERY IRNHAM ROAD MINEHEAD,supplier,1,0.0001890359168241966,0.0,4,201955.94999999998,False,False,False
HARLEY STREET MEDICAL CENTRE,supplier,1,0.0001890359168241966,0.0,10,510253.59,False,False,False
HARLOW CONSULTING SERVICES,supplier,1,0.0001890359168241966,0.0,5,257247.0,False,False,False
HARLOW PRINTING,supplier,2,0.0003780718336483932,0.00022823447630566636,48,5107027.99,True,False,True
HARRATON SURGERY,supplier,1,0.0001890359168241966,0.0,2,62871.36,False,False,False
HARRIS & PARTNERS,supplier,1,0.0001890359168241966,0.0,8,424604.32999999996,False,False,False
HARRIS MEMORIAL SURGERY,supplier,1,0.0001890359168241966,0.0,13,584541.6,False,False,False
HARROGATE & DISTRICT NHS FOUNDATION NHS TRUST,supplier,1,0.0001890359168241966,0.0,780,212156805.89000002,False,True,True
HARROLD MEDICAL PRACTICE,supplier,1,0.0001890359168241966,0.0,3,140723.28,False,False,False
HARROW GREEN,supplier,1,0.0001890359168241966,0.0,3,177759.72999999998,False,False,False
HART HEALTH PARTNERSHIP J82110,supplier,1,0.0001890359168241966,0.0,3,107623.19,False,False,False
HART SURGERY,supplier,1,0.0001890359168241966,0.0,18,1136909.2,False,False,False
HARTLEY CORNER MEDICAL PARTNERSHIP,supplier,1,0.0001890359168241966,0.0,24,1401514.57,False,False,False
HARTNELL TAYLOR COOK,supplier,1,0.0001890359168241966,0.0,18,1455723.47,False,False,False
HARVEY PRACTICE,supplier,1,0.0001890359168241966,0.0,20,1268014.93,False,False,False
HASLEMERE HEALTH CENTRE,supplier,1,0.0001890359168241966,0.0,7,244821.12,False,False,False
HASTINGS HOUSE,supplier,1,0.0001890359168241966,0.0,12,721587.0,False,False,False
HASTINGS OLD TOWN SURGERY,supplier,1,0.0001890359168241966,0.0,3,98280.67,False,False,False
HATFIELD HEALTH CENTRE,supplier,1,0.0001890359168241966,0.0,8,436099.5,False,False,False
HATMILL,supplier,1,0.0001890359168241966,0.0,14,3490219.95,False,False,False
HAUGHTON THORNLEY MEDICAL CENTRES,supplier,1,0.0001890359168241966,0.0,20,2476383.66,False,False,False
HAUS PICTURES,supplier,1,0.0001890359168241966,0.0,2,69966.0,False,False,False
HAVELOCK GRANGE PRACTICE,supplier,1,0.0001890359168241966,0.0,10,516676.0,False,False,False
HAVEN HOUSE FOUNDATION,supplier,1,0.0001890359168241966,0.0,5,2055433.0,False,False,False
HAVENS CHRISTIAN HOSPICE,supplier,1,0.0001890359168241966,0.0,2,921533.0,False,False,False
HAVENS HOSPICES,supplier,1,0.0001890359168241966,0.0,3,1454084.0,False,False,False
HAWTHORNS SURGERY,supplier,1,0.0001890359168241966,0.0,3,182834.25,False,False,False
HAXBY GROUP PRACTICE,supplier,1,0.0001890359168241966,0.0,24,1085489.08,False,False,False
HAXBY GROUP SCARBOROUGH,supplier,1,0.0001890359168241966,0.0,2,64471.03,False,False,False
HAXBY GROUP TRAINING,supplier,1,0.0001890359168241966,0.0,22,2516997.8,False,False,False
HAYTOR HEALTH,supplier,1,0.0001890359168241966,0.0,3,115570.0,False,False,False
HAZELDENE MEDICAL CENTRE,supplier,1,0.0001890359168241966,0.0,3,322890.64999999997,False,False,False
HAZELWOOD GROUP PRACTICE,supplier,1,0.0001890359168241966,0.0,9,385197.1,False,False,False
HBG,supplier,1,0.0001890359168241966,0.0,3,193922.28,False,False,False
HCA INTERNATIONAL,supplier,1,0.0001890359168241966,0.0,22,153802029.35999998,False,False,False
HCRG CARE READING,supplier,1,0.0001890359168241966,0.0,2,64951.0,False,False,False
HCRG CARE SERVICES,supplier,1,0.0001890359168241966,0.0,197,47151925.14,False,False,False
HCRG MEDICAL SERVICES,supplier,1,0.0001890359168241966,0.0,60,20727163.02,False,False,False
HEACHAM GROUP PRACTICE,supplier,1,0.0001890359168241966,0.0,8,623985.6,False,False,False
HEADLANDS SURGERY,supplier,1,0.0001890359168241966,0.0,17,1173405.8599999999,False,False,False
HEADON O T & PARTNERS,supplier,1,0.0001890359168241966,0.0,29,1981185.8699999999,False,False,False
HEALIOS,supplier,1,0.0001890359168241966,0.0,2,321579.6,False,False,False
HEALTH & CARE INNOVATIONS,supplier,1,0.0001890359168241966,0.0,2,180000.0,False,False,False
HEALTH & SOCIAL CARE INFORMATION CENTRE,supplier,1,0.0001890359168241966,0.0,141,43894976.61,False,False,False
HEALTH & WELLBEING EARLS COURT,supplier,1,0.0001890359168241966,0.0,4,427617.56,False,False,False
HEALTH AND SOCIAL CARE INFORMATION CENTRE,supplier,1,0.0001890359168241966,0.0,3,5894415.0,False,False,False
HEALTH ASSURED,supplier,1,0.0001890359168241966,0.0,13,521860.91000000003,False,False,False
HEALTH CARE SURGERY,supplier,1,0.0001890359168241966,0.0,5,310790.9,False,False,False
HEALTH CENTRE BACK HILLS,supplier,1,0.0001890359168241966,0.0,5,290039.63,False,False,False
HEALTH CENTRE BIGGLESWADE,supplier,1,0.0001890359168241966,0.0,3,278415.42,False,False,False
HEALTH CENTRE CHILLINGTON KINGSBRIDGE,supplier,1,0.0001890359168241966,0.0,3,98061.03,False,False,False
HEALTH CENTRE DYKES WAY WINCANTON,supplier,1,0.0001890359168241966,0.0,3,200625.53999999998,False,False,False
HEALTH CENTRE SOUTH BRENT,supplier,1,0.0001890359168241966,0.0,4,150490.91999999998,False,False,False
HEALTH CENTRE SOUTH MOLTON,supplier,1,0.0001890359168241966,0.0,6,1187365.96,False,False,False
HEALTH COACHING ACADEMY,supplier,1,0.0001890359168241966,0.0,3,470900.0,False,False,False
HEALTH EDUCATION COOPERATIVE LTD THE,supplier,1,0.0001890359168241966,0.0,8,1283700.0,False,False,False
HEALTH EDUCATION ENGLAND,supplier,1,0.0001890359168241966,0.0,111,204608563.57,False,False,False
HEALTH FOUNDATION THE,supplier,1,0.0001890359168241966,0.0,14,4340507.3100000005,False,False,False
HEALTH INFORMATION CONSULTING,supplier,1,0.0001890359168241966,0.0,9,277728.0,False,False,False
HEALTH INNOVATION NORTH EAST AND NORTH CUMBRIA,supplier,1,0.0001890359168241966,0.0,6,2047617.2999999998,False,False,False
HEALTH INNOVATION WESSEX,supplier,1,0.0001890359168241966,0.0,10,3027246.6,False,False,False
HEALTH INTELLIGENCE,supplier,1,0.0001890359168241966,0.0,608,123364513.73,False,True,True
HEALTHCARE FINANCIAL MANAGEMENT ASSOCIATION,supplier,1,0.0001890359168241966,0.0,10,2673067.6,False,False,False
HEALTHCARE QUALITY IMPROVEMENT PARTNERSHIP,supplier,1,0.0001890359168241966,0.0,128,104710616.53,False,False,False
HEALTHSHARE DIAGNOSTICS,supplier,1,0.0001890359168241966,0.0,17,494381.2,False,False,False
HEALTHY LIVING CENTRE,supplier,1,0.0001890359168241966,0.0,3,139908.90000000002,False,False,False
HEALTHY YOU,supplier,1,0.0001890359168241966,0.0,8,362005.0,False,False,False
HEART OF BATH MEDICAL PARTNERSHIP,supplier,1,0.0001890359168241966,0.0,8,278630.06,False,False,False
HEARTBEAT PRIMARY CARE CIC,supplier,1,0.0001890359168241966,0.0,2,116813.6,False,False,False
HEARTFLOW,supplier,1,0.0001890359168241966,0.0,16,4120200.0,False,False,False
HEATH & PARTNERS,supplier,1,0.0001890359168241966,0.0,10,1572203.15,False,False,False
HEATH LANE SURGERY,supplier,1,0.0001890359168241966,0.0,13,940758.15,False,False,False
HEATHER VIEW MEDICAL CENTRE,supplier,1,0.0001890359168241966,0.0,5,758480.1799999999,False,False,False
HEATHERWOOD COURT,supplier,1,0.0001890359168241966,0.0,32,3813975.96,False,False,False
HEATHFIELD SURGERY,supplier,1,0.0001890359168241966,0.0,5,279593.3,False,False,False
HEATHGATE MEDICAL PRACTICE D82078,supplier,1,0.0001890359168241966,0.0,2,79811.74,False,False,False
HEATON MOOR MEDICAL GROUP,supplier,1,0.0001890359168241966,0.0,21,2195366.78,False,False,False
HEATON NORRIS HEALTH CENTRE DR MARSHALL,supplier,1,0.0001890359168241966,0.0,4,195093.24,False,False,False
HEAVITREE HEALTH CENTRE EXETER,supplier,1,0.0001890359168241966,0.0,3,146455.11,False,False,False
HEBDEN BRIDGE GROUP PRACTICE,supplier,1,0.0001890359168241966,0.0,4,132535.66,False,False,False
HEDENA HEALTH,supplier,1,0.0001890359168241966,0.0,3,110250.04000000001,False,False,False
HEDGE END MEDICAL CENTRE,supplier,1,0.0001890359168241966,0.0,4,108919.62,False,False,False
HEELEY GREEN SURGERY,supplier,1,0.0001890359168241966,0.0,4,289948.98,False,False,False
HELEN & DOUGLAS HOUSE,supplier,1,0.0001890359168241966,0.0,5,2241750.0,False,False,False
HELIX MEDICAL CENTRE,supplier,1,0.0001890359168241966,0.0,2,301683.83999999997,False,False,False
HELP AND CARE,supplier,1,0.0001890359168241966,0.0,8,525000.0,False,False,False
HELP FOR HEROES,supplier,1,0.0001890359168241966,0.0,3,396000.0,False,False,False
HELPFORCE COMMUNITY CIC,supplier,1,0.0001890359168241966,0.0,11,1792923.0,False,False,False
HELSTON MEDICAL CENTRE,supplier,1,0.0001890359168241966,0.0,27,2336203.6,False,False,False
HEMPSONS,supplier,1,0.0001890359168241966,0.0,8,445745.32999999996,False,False,False
HEMSLEY FRASER GROUP,supplier,1,0.0001890359168241966,0.0,4,390630.0,False,False,False
HENDFORD LODGE MEDICAL CENTRE YEOVIL,supplier,1,0.0001890359168241966,0.0,3,302502.06,False,False,False
HENFIELD MEDICAL CENTRE,supplier,1,0.0001890359168241966,0.0,12,724826.26,False,False,False
HEPATITIS C TRUST,supplier,1,0.0001890359168241966,0.0,15,997750.0,False,False,False
HEREFORD MEDICAL GROUP,supplier,1,0.0001890359168241966,0.0,32,3699449.85,False,False,False
HEREFORDSHIRE & WORCESTERSHIRE HEALTH & CARE NHS TRUST,supplier,1,0.0001890359168241966,0.0,65,29723407.48,False,False,False
HEREFORDSHIRE & WORCESTERSHIRE LPC,supplier,1,0.0001890359168241966,0.0,5,555648.0,False,False,False
HERNE HILL GROUP PRACTICE,supplier,1,0.0001890359168241966,0.0,4,208433.21000000002,False,False,False
HERON MEDICAL PRACTICE KENT,supplier,1,0.0001890359168241966,0.0,3,108627.88,False,False,False
HERSCHEL MEDICAL CENTRE,supplier,1,0.0001890359168241966,0.0,17,1547412.84,False,False,False
HERTFORDSHIRE COMMUNITY NHS TRUST,supplier,1,0.0001890359168241966,0.0,317,126908024.27,False,True,True
HERTFORDSHIRE CONSTABULARY,supplier,1,0.0001890359168241966,0.0,25,3710727.4,False,False,False
HERTFORDSHIRE COUNTY COUNCIL,supplier,1,0.0001890359168241966,0.0,6,572418.0,False,False,False
HERTFORDSHIRE DOMICILIARY SPECSAVERS,supplier,1,0.0001890359168241966,0.0,7,217891.99,False,False,False
HERTFORDSHIRE PARTNERSHIP NHS FOUNDATION TRUST,supplier,1,0.0001890359168241966,0.0,272,322696554.11,False,True,True
HERTS URGENT DENTAL CARE,supplier,1,0.0001890359168241966,0.0,12,431290.94,False,False,False
HESWALL & PENSBY GROUP PRACTICE,supplier,1,0.0001890359168241966,0.0,52,4875738.25,False,False,False
HESWALL AND PENSBY GROUP PRACTICE N85007,supplier,1,0.0001890359168241966,0.0,3,109843.38,False,False,False
HETHERINGTON GROUP PRACTICE,supplier,1,0.0001890359168241966,0.0,7,434581.5,False,False,False
HETTON GROUP PRACTICE,supplier,1,0.0001890359168241966,0.0,3,127037.74,False,False,False
HEWLETT PACKARD ENTERPRISE,supplier,1,0.0001890359168241966,0.0,10,1291298.66,False,False,False
HEYWOOD HEALTH,supplier,1,0.0001890359168241966,0.0,2,52088.0,False,False,False
HF TRUST,supplier,1,0.0001890359168241966,0.0,6,350743.0,False,False,False
HFMA,supplier,2,0.0003780718336483932,0.00022823447630566636,46,8655014.49,True,False,True
HH ASSOCIATES,supplier,1,0.0001890359168241966,0.0,32,7989251.72,False,False,False
HHR MEDICAL PRACTICE,supplier,1,0.0001890359168241966,0.0,4,308929.81,False,False,False
HI WELDRICK,supplier,1,0.0001890359168241966,0.0,5,127625.23999999999,False,False,False
HICOM TECHNOLOGY,supplier,1,0.0001890359168241966,0.0,18,10030402.15,False,False,False
HIGH GLADES MEDICAL CENTRE,supplier,1,0.0001890359168241966,0.0,14,949369.63,False,False,False
HIGH ST SURGERY,supplier,1,0.0001890359168241966,0.0,10,526430.02,False,False,False
HIGH STREET PRACTICE YIEWSLEY HEALTH CENTRE,supplier,1,0.0001890359168241966,0.0,3,78633.29000000001,False,False,False
HIGH STREET SURGERY,supplier,1,0.0001890359168241966,0.0,10,642011.38,False,False,False
HIGH STREET SURGERY WALSALL,supplier,1,0.0001890359168241966,0.0,16,1032837.74,False,False,False
HIGHAM FERRERS SURGERY,supplier,1,0.0001890359168241966,0.0,20,781119.18,False,False,False
HIGHBRIDGE MEDICAL CENTRE HIGHBRIDGE,supplier,1,0.0001890359168241966,0.0,4,315210.49,False,False,False
HIGHCLIFFE MEDICAL CENTRE,supplier,1,0.0001890359168241966,0.0,9,292410.06,False,False,False
HIGHFIELD SURGERY BLACKPOOL,supplier,1,0.0001890359168241966,0.0,5,427871.72,False,False,False
HIGHFIELD SURGERY LEICESTER,supplier,1,0.0001890359168241966,0.0,6,172494.89,False,False,False
HIGHLANDS PRACTICE,supplier,1,0.0001890359168241966,0.0,13,886584.59,False,False,False
HIGHPARKS MEDICAL PRACTICE,supplier,1,0.0001890359168241966,0.0,8,462172.58,False,False,False
HIGHTOWN SURGERY,supplier,1,0.0001890359168241966,0.0,10,558223.98,False,False,False
HILDEBRAND S C & PARTNERS,supplier,1,0.0001890359168241966,0.0,54,4466680.62,False,False,False
HILL BARTON SURGERY EXETER,supplier,1,0.0001890359168241966,0.0,3,77675.67,False,False,False
HILL DICKINSON,supplier,1,0.0001890359168241966,0.0,35,5671409.17,False,False,False
HILLCREST SURGERY LONDON,supplier,1,0.0001890359168241966,0.0,5,211373.51,False,False,False
HILLINGDON HOSPITALS NHS FOUNDATION TRUST,supplier,1,0.0001890359168241966,0.0,489,164205435.49,False,True,True
HILLINGDON PRIMARY CARE CONFEDERATION,supplier,1,0.0001890359168241966,0.0,4,296333.0,False,False,False
HILLSIDE PRACTICE,supplier,1,0.0001890359168241966,0.0,11,750791.65,False,False,False
HILLTOPS MEDICAL CENTRE,supplier,1,0.0001890359168241966,0.0,2,65358.0,False,False,False
HILLVIEW MEDICAL CENTRE,supplier,1,0.0001890359168241966,0.0,2,56192.1,False,False,False
HINCKLEY & BOSWORTH MEDICAL ALLIANCE,supplier,1,0.0001890359168241966,0.0,17,1624751.07,False,False,False
HINDON SURGERY,supplier,1,0.0001890359168241966,0.0,8,381964.32,False,False,False
HINDUJA GLOBAL SOLUTIONS UK,supplier,1,0.0001890359168241966,0.0,102,48240474.58,False,False,False
HITACHI VANTARA,supplier,1,0.0001890359168241966,0.0,108,27135055.09,False,False,False
HM LAND REGISTRY,supplier,1,0.0001890359168241966,0.0,6,289577.44,False,False,False
HM PARTNERSHIP,supplier,1,0.0001890359168241966,0.0,5,168948.29,False,False,False
HM PRISON AND PROBATION SERVICE,supplier,1,0.0001890359168241966,0.0,1076,82759437.98,False,True,True
HM REVENUE & CUSTOMS,supplier,2,0.0003780718336483932,0.0,93,88878329.55,True,False,True
HMC KIMBERLEYLTD,supplier,1,0.0001890359168241966,0.0,5,278346.11,False,False,False
HODGKINSON J A,supplier,1,0.0001890359168241966,0.0,27,855849.0,False,False,False
HOLDEN & PARTNERS,supplier,1,0.0001890359168241966,0.0,2,79376.11,False,False,False
HOLDERNESS HEALTH B81025,supplier,1,0.0001890359168241966,0.0,2,127637.56,False,False,False
HOLDERNESS HEALTH SOUTH HOLDERNESS MEDICAL PRACTICE,supplier,1,0.0001890359168241966,0.0,15,1063857.62,False,False,False
HOLGATESIDE CONSULTING,supplier,1,0.0001890359168241966,0.0,3,118113.91,False,False,False
HOLLAND HOUSE SURGERY,supplier,1,0.0001890359168241966,0.0,3,90751.26,False,False,False
HOLLIES SURGERY THE,supplier,1,0.0001890359168241966,0.0,3,101268.63,False,False,False
HOLLINSWOOD & PRIORSLEE M P,supplier,1,0.0001890359168241966,0.0,2,110193.15,False,False,False
HOLMHURST MEDICAL CENTRE,supplier,1,0.0001890359168241966,0.0,11,580322.07,False,False,False
HOLSWORTHY HEALTH CENTRE HOLSWORTHY,supplier,1,0.0001890359168241966,0.0,18,1436713.6099999999,False,False,False
HOLY CROSS HOSPITAL,supplier,1,0.0001890359168241966,0.0,6,155759.0,False,False,False
HOME SIGHT UK,supplier,1,0.0001890359168241966,0.0,20,823223.25,False,False,False
HOMERTON HEALTHCARE NHS FOUNDATION TRUST,supplier,1,0.0001890359168241966,0.0,267,132786964.78,False,True,True
HOMERTON UNIVERSITY HOSPITAL NHS FOUNDATION TRUST,supplier,1,0.0001890359168241966,0.0,217,189035011.94,False,True,True
HOMEWELL PRACTICE,supplier,1,0.0001890359168241966,0.0,7,487801.6,False,False,False
HONITON GROUP PRACTICE,supplier,1,0.0001890359168241966,0.0,6,296981.6,False,False,False
HONOR OAK GROUP PRACTICE,supplier,1,0.0001890359168241966,0.0,2,57244.6,False,False,False
HOOK & HARTLEY WINTNEY SURGERY,supplier,1,0.0001890359168241966,0.0,2,74521.64,False,False,False
HOOTSUITE MEDIA,supplier,1,0.0001890359168241966,0.0,6,239999.84,False,False,False
HOPE FARM MEDICAL CENTRE,supplier,1,0.0001890359168241966,0.0,9,560297.34,False,False,False
HOPE FOR THE COMMUNITY CIC,supplier,1,0.0001890359168241966,0.0,5,215700.0,False,False,False
HOPE HOUSE HOSPICE,supplier,1,0.0001890359168241966,0.0,5,1645698.0,False,False,False
HOPE HOUSE SURGERY,supplier,1,0.0001890359168241966,0.0,17,2336402.76,False,False,False
HOPSCOTCH CONSULTING,supplier,1,0.0001890359168241966,0.0,2,59451.0,False,False,False
HOPWOOD MEDICAL CENTRE,supplier,1,0.0001890359168241966,0.0,19,962839.1,False,False,False
HORDER HEALTHCARE,supplier,1,0.0001890359168241966,0.0,46,23442153.26,False,False,False
HORFIELD HEALTH CENTRE PROPERTY PARTNERSHIP,supplier,1,0.0001890359168241966,0.0,11,531457.44,False,False,False
HORIZON HEALTHCARE LEICESTER,supplier,1,0.0001890359168241966,0.0,2,179000.0,False,False,False
HOSPICE UK,supplier,1,0.0001890359168241966,0.0,20,223099506.5,False,False,False
HOSPISCARE,supplier,1,0.0001890359168241966,0.0,3,186728.09,False,False,False
HOSPITAL OF ST JOHN & ST ELIZABETH,supplier,1,0.0001890359168241966,0.0,16,10801400.0,False,False,False
HOUGHTON CLOSE SURGERY,supplier,1,0.0001890359168241966,0.0,4,267060.29,False,False,False
HOUGHTON MEDICAL GROUP,supplier,1,0.0001890359168241966,0.0,2,118134.2,False,False,False
HOUGHTON REGIS MEDICAL CENTRE,supplier,1,0.0001890359168241966,0.0,3,233484.81,False,False,False
HOUNSLOW AND RICHMOND COMMUNITY HEALTHCARE NHS TRUST,supplier,1,0.0001890359168241966,0.0,209,50260805.78,False,True,True
HOUNSLOW CONSORTIUM,supplier,1,0.0001890359168241966,0.0,2,79083.0,False,False,False
HOUSE PARTNERSHIP THE,supplier,1,0.0001890359168241966,0.0,2,65153.56,False,False,False
HOUSTON B R M & PARTNERS,supplier,1,0.0001890359168241966,0.0,10,1112244.58,False,False,False
HOVETON & WROXHAM MEDICAL CENTRE,supplier,1,0.0001890359168241966,0.0,2,96598.74,False,False,False
HOWARD HOUSE SURGERY,supplier,1,0.0001890359168241966,0.0,2,53519.2,False,False,False
HOXTON SURGERY,supplier,1,0.0001890359168241966,0.0,3,98762.13,False,False,False
HOYLAKE & MEOLS MEDICAL CENT,supplier,1,0.0001890359168241966,0.0,16,856576.74,False,False,False
HSL ANALYTICS,supplier,1,0.0001890359168241966,0.0,70,25574037.26,False,False,False
HSL FM,supplier,1,0.0001890359168241966,0.0,77,64156251.44,False,False,False
HTUN & PARTNERS,supplier,1,0.0001890359168241966,0.0,31,1755731.7,False,False,False
HUB PHARMACY,supplier,1,0.0001890359168241966,0.0,50,1472580.58,False,False,False
HUCKNALL ROAD MEDICAL CENTRE,supplier,1,0.0001890359168241966,0.0,5,151599.4,False,False,False
HUGH STEEPER,supplier,1,0.0001890359168241966,0.0,31,1742218.31,False,False,False
HUGHES & PTNRS,supplier,1,0.0001890359168241966,0.0,6,224780.22,False,False,False
HULL AND EAST YORKSHIRE HOSPITALS NHS TRUST,supplier,1,0.0001890359168241966,0.0,18,46755930.25,False,False,False
HULL CITY COUNCIL,supplier,1,0.0001890359168241966,0.0,4,13091340.0,False,False,False
HULL UNIVERSITY TEACHING HOSPITAL NHS TRUST,supplier,1,0.0001890359168241966,0.0,1105,1525190363.92,False,True,True
HUMANKIND,supplier,1,0.0001890359168241966,0.0,22,2153827.4,False,False,False
HUMBER TEACHING NHS FOUNDATION TRUST,supplier,1,0.0001890359168241966,0.0,370,298827214.5,False,True,True
HUMBERSIDE GROUP OF LMC,supplier,1,0.0001890359168241966,0.0,3,194369.22,False,False,False
HUNT M J N & PARTNERS,supplier,1,0.0001890359168241966,0.0,11,699177.84,False,False,False
HUNTCLIFF SURGERY,supplier,1,0.0001890359168241966,0.0,3,91613.1,False,False,False
HUNTERCOMBE GROUPTHE,supplier,1,0.0001890359168241966,0.0,211,154915791.02,False,True,True
HUNTERCOMBE NEURO LTD TA FRENCHAY BIRU,supplier,1,0.0001890359168241966,0.0,43,13127203.51,False,False,False
HUNTINGDON ROAD SURGERY,supplier,1,0.0001890359168241966,0.0,10,420726.7,False,False,False
HURLEY CLINIC,supplier,1,0.0001890359168241966,0.0,35,13586447.139999999,False,False,False
HURLEY GROUP,supplier,1,0.0001890359168241966,0.0,93,41630433.71,False,False,False
HURLEY GROUP LIBERTY BRIDGE ROAD PRACTICE,supplier,1,0.0001890359168241966,0.0,16,2643642.9,False,False,False
HUSSAIN I & PARTNERS,supplier,1,0.0001890359168241966,0.0,18,857060.74,False,False,False
HYPERBARIC TREATMENT & TRAINING SERVICES,supplier,1,0.0001890359168241966,0.0,74,3909519.52,False,False,False
IAIN RENNIE GROVE HOUSE HOSPICE CARE,supplier,1,0.0001890359168241966,0.0,2,190300.0,False,False,False
IBM UK,supplier,1,0.0001890359168241966,0.0,324,97100218.82,False,True,True
IBSTOCK & BARLESTONE SURGERIES,supplier,1,0.0001890359168241966,0.0,2,53287.82,False,False,False
ICF CONSULTING SERVICES,supplier,1,0.0001890359168241966,0.0,7,583655.23,False,False,False
ID CROWD,supplier,1,0.0001890359168241966,0.0,4,299238.0,False,False,False
IDDON & PARTNERS,supplier,1,0.0001890359168241966,0.0,3,191988.9,False,False,False
IDE LANE SURGERY EXETER,supplier,1,0.0001890359168241966,0.0,11,677665.62,False,False,False
IDLE MEDICAL CENTRE,supplier,1,0.0001890359168241966,0.0,2,84958.09,False,False,False
IFIELD MEDICAL PRACTICE,supplier,1,0.0001890359168241966,0.0,21,1302731.33,False,False,False
IG MEDICAL,supplier,1,0.0001890359168241966,0.0,29,2279984.97,False,False,False
IGP CARE,supplier,1,0.0001890359168241966,0.0,3,116467.9,False,False,False
IIZUKA SOFTWARE TECHNOLOGIES,supplier,1,0.0001890359168241966,0.0,3,468480.0,False,False,False
ILCHESTER SURGERY,supplier,1,0.0001890359168241966,0.0,5,229747.74,False,False,False
ILEX VIEW MEDICAL PRACTICE,supplier,1,0.0001890359168241966,0.0,2,153683.36,False,False,False
ILFORD MEDICAL CENTRE,supplier,1,0.0001890359168241966,0.0,29,4291223.4799999995,False,False,False
IMAGINE INDEPENDENCE,supplier,1,0.0001890359168241966,0.0,73,2334710.71,False,False,False
IMAGINEER CIC,supplier,1,0.0001890359168241966,0.0,2,186000.0,False,False,False
IMEARY STREET SURGERY,supplier,1,0.0001890359168241966,0.0,9,791352.48,False,False,False
IMMUNO IVD AB,supplier,1,0.0001890359168241966,0.0,36,2230594.07750184,False,False,False
IMPERIAL COLLEGE HEALTH PARTNERS,supplier,1,0.0001890359168241966,0.0,83,23828447.62,False,False,False
IMPERIAL COLLEGE LONDON,supplier,1,0.0001890359168241966,0.0,34,13600829.61,False,False,False
IMPERIAL SURGERY EXMOUTH,supplier,1,0.0001890359168241966,0.0,5,141175.03,False,False,False
IMPROVEMENT AND DEVELOPMENT AGENCY FOR LOCAL GOVERNMENT,supplier,1,0.0001890359168241966,0.0,36,6666376.2,False,False,False
IMPROVING HEALTH,supplier,1,0.0001890359168241966,0.0,4,193400.0,False,False,False
IN PRACTICE SYSTEMS,supplier,1,0.0001890359168241966,0.0,8,330000.0,False,False,False
INDEPENDENT LIVES,supplier,1,0.0001890359168241966,0.0,5,253555.0,False,False,False
INDIGO GENDER SERVICES,supplier,1,0.0001890359168241966,0.0,23,8325376.75,False,False,False
INFORMED GENOMICS,supplier,1,0.0001890359168241966,0.0,9,708680.0,False,False,False
INFORMED SOLUTIONS,supplier,1,0.0001890359168241966,0.0,52,2264823.0,False,False,False
INGEUS UK,supplier,1,0.0001890359168241966,0.0,85,26083788.29,False,False,False
INHEALTH,supplier,2,0.0003780718336483932,0.0,622,131028087.76,True,True,True
INHEALTH INTELLIGENCE,supplier,1,0.0001890359168241966,0.0,588,151000744.38,False,True,True
INITIAL MEDICAL SERVICES,supplier,1,0.0001890359168241966,0.0,114,3837968.4899999998,False,False,False
INITIAL WASHROOM HYGIENE,supplier,1,0.0001890359168241966,0.0,7,336405.74,False,False,False
INMIND HEALTHCARE GROUP,supplier,1,0.0001890359168241966,0.0,2,52704.0,False,False,False
INNOVA CARE CONCEPTS,supplier,1,0.0001890359168241966,0.0,76,28333820.46,False,False,False
INNOVAS CONSULTING SOLUTIONS,supplier,1,0.0001890359168241966,0.0,3,119500.0,False,False,False
INNOVATE UK,supplier,1,0.0001890359168241966,0.0,10,2943678.68,False,False,False
INNOVATION TRIBE,supplier,1,0.0001890359168241966,0.0,3,195430.0,False,False,False
INNOVATION UNIT LTD THE,supplier,1,0.0001890359168241966,0.0,3,218493.0,False,False,False
INOVEM,supplier,1,0.0001890359168241966,0.0,10,5285185.84,False,False,False
INSIGHT EXECUTIVE GROUP,supplier,1,0.0001890359168241966,0.0,15,6240207.51,False,False,False
INSIGHT HEALTH ECONOMICS,supplier,1,0.0001890359168241966,0.0,2,52800.0,False,False,False
INSOURCE,supplier,1,0.0001890359168241966,0.0,3,488400.0,False,False,False
INSPIRE DENTAL READING,supplier,1,0.0001890359168241966,0.0,7,200860.0,False,False,False
INSPIRING HOPE,supplier,1,0.0001890359168241966,0.0,2,87500.0,False,False,False
INSTITUTE FOR EMPLOYMENT STUDIES,supplier,1,0.0001890359168241966,0.0,3,257866.8,False,False,False
INSTITUTE FOR HEALTHCARE IMPROVEMENT,supplier,1,0.0001890359168241966,0.0,10,703878.444031,False,False,False
INSTITUTE OF HEALTH VISITING,supplier,1,0.0001890359168241966,0.0,2,132295.64,False,False,False
INTEGRAL BUSINESS SUPPORT,supplier,1,0.0001890359168241966,0.0,13,2039050.93,False,False,False
INTEGRATED CARE 24,supplier,1,0.0001890359168241966,0.0,83,31066467.669999998,False,False,False
INTEGRATED CARE PARTNERSHIP,supplier,1,0.0001890359168241966,0.0,17,1394973.3599999999,False,False,False
INTENSIVE CARE NATIONAL AUDIT AND RESEARCH CENTRE ICNARC,supplier,1,0.0001890359168241966,0.0,4,746685.0,False,False,False
INTERNATIONAL CONSORTIUM FOR HEALTH OUTCOMES MEASUREMENT,supplier,1,0.0001890359168241966,0.0,2,228000.0,False,False,False
INTERNATIONAL HEALTH TERMINOLOGY STANDARDS DEVELOPMENT ORGANISATION,supplier,1,0.0001890359168241966,0.0,2,969885.0927652,False,False,False
INTERNATIONAL HOSPITAL FEDERATION,supplier,1,0.0001890359168241966,0.0,2,56217.664284,False,False,False
INTEROPEN COMMUNITY INTEREST COMPANY,supplier,1,0.0001890359168241966,0.0,5,241005.0,False,False,False
INTERSYSTEMS,supplier,1,0.0001890359168241966,0.0,4,425097.31999999995,False,False,False
INTRAHEALTH,supplier,1,0.0001890359168241966,0.0,354,36447966.74,False,True,True
INVESTIGO,supplier,1,0.0001890359168241966,0.0,5,195804.0,False,False,False
INVESTING IN PEOPLE & CULTURE,supplier,1,0.0001890359168241966,0.0,6,347384.0,False,False,False
IPC,supplier,1,0.0001890359168241966,0.0,19,964022.98,False,False,False
IPLATO HEALTHCARE,supplier,1,0.0001890359168241966,0.0,15,3454213.51,False,False,False
IPROOV,supplier,1,0.0001890359168241966,0.0,8,2999244.49,False,False,False
IPSOS MARKET RESEARCH,supplier,1,0.0001890359168241966,0.0,56,16146730.790000001,False,False,False
IPSOS MORI NORTH,supplier,2,0.0003780718336483932,0.00026547282920475195,62,7998893.93,True,False,True
IQVIA,supplier,1,0.0001890359168241966,0.0,33,5092779.88,False,False,False
IRCHESTER HEALTH CENTRE,supplier,1,0.0001890359168241966,0.0,16,513856.92,False,False,False
IRELAND WOOD & HORSFORTH MEDICAL PRACTICE B86044,supplier,1,0.0001890359168241966,0.0,2,60672.46000000001,False,False,False
IRIS DOMICILLIARY SERVICES,supplier,1,0.0001890359168241966,0.0,3,157351.97,False,False,False
IRNHAM LODGE TOWNSEND ROAD MINEHEAD,supplier,1,0.0001890359168241966,0.0,3,163499.73,False,False,False
IRWELL MEDICAL PRACTICE,supplier,1,0.0001890359168241966,0.0,2,55460.78,False,False,False
IRWIN MITCHELL,supplier,1,0.0001890359168241966,0.0,3,150360.0,False,False,False
ISCA MEDICAL PRACTICE,supplier,1,0.0001890359168241966,0.0,3,115079.25,False,False,False
ISIO GROUP,supplier,1,0.0001890359168241966,0.0,34,2431817.7,False,False,False
ISLAND CITY PRACTICE,supplier,1,0.0001890359168241966,0.0,4,122142.3,False,False,False
ISLAND HEALTH,supplier,1,0.0001890359168241966,0.0,12,1421695.78,False,False,False
ISLE OF MAN GOVERNMENT,supplier,1,0.0001890359168241966,0.0,3,251570.97,False,False,False
ISLE OF WIGHT NHS TRUST,supplier,2,0.0003780718336483932,0.00022823447630566636,536,155824987.17000002,True,True,True
ISLINGTON COUNCIL,supplier,1,0.0001890359168241966,0.0,9,4719750.0,False,False,False
ISSA MEDICAL CENTRE,supplier,1,0.0001890359168241966,0.0,23,2092243.82,False,False,False
IVEL MEDICAL CENTRE,supplier,1,0.0001890359168241966,0.0,4,309727.44999999995,False,False,False
IVORY CLINIC THE,supplier,1,0.0001890359168241966,0.0,2,147333.34,False,False,False
IVRY STREET MEDICAL PRACTICE,supplier,1,0.0001890359168241966,0.0,14,883052.94,False,False,False
IVY COURT SURGERY,supplier,1,0.0001890359168241966,0.0,28,5012632.45,False,False,False
IVY GROVE SURGERY,supplier,1,0.0001890359168241966,0.0,2,55511.08,False,False,False
J GRANNELL,supplier,1,0.0001890359168241966,0.0,4,123623.65,False,False,False
JACOB & JOE,supplier,1,0.0001890359168241966,0.0,40,2425779.83,False,False,False
JALAL PRACTICE,supplier,1,0.0001890359168241966,0.0,7,831984.58,False,False,False
JAMES ALEXANDER FAMILY PRACTICE,supplier,1,0.0001890359168241966,0.0,14,1276907.14,False,False,False
JAMES COCHRANE PRACTICE,supplier,1,0.0001890359168241966,0.0,5,486980.92,False,False,False
JAMES FISHER MEDICAL CENTRE,supplier,1,0.0001890359168241966,0.0,12,680310.96,False,False,False
JAMES HOPKINS TRUST,supplier,1,0.0001890359168241966,0.0,6,541252.0,False,False,False
JAMES PAGET UNIVERSITY HOSPITALS NHS FOUNDATION TRUST,supplier,1,0.0001890359168241966,0.0,459,193165443.5,False,True,True
JAMES STREET FAMILY PRACTICE,supplier,1,0.0001890359168241966,0.0,24,1968264.85,False,False,False
JAMES STREET GROUP PRACTICE,supplier,1,0.0001890359168241966,0.0,6,864555.9800000001,False,False,False
JAMES WIGG PRACTICE,supplier,1,0.0001890359168241966,0.0,4,135739.53,False,False,False
JAMISON & PARTNERS,supplier,1,0.0001890359168241966,0.0,8,374572.33,False,False,False
JAS B B & PARTNERS,supplier,1,0.0001890359168241966,0.0,27,747621.21,False,False,False
JENNER HEALTHCARE,supplier,1,0.0001890359168241966,0.0,10,501757.79,False,False,False
JERICO HEALTH CENTRE BOGDANOR,supplier,1,0.0001890359168241966,0.0,9,325610.08,False,False,False
JESSIE MAY TRUST,supplier,1,0.0001890359168241966,0.0,5,623122.0,False,False,False
JEZIERSKI & PARTNERS,supplier,1,0.0001890359168241966,0.0,19,1598748.91,False,False,False
JNETICS,supplier,1,0.0001890359168241966,0.0,2,68850.0,False,False,False
JOHN PLUMMER & ASSOCIATES,supplier,1,0.0001890359168241966,0.0,3,92652.0,False,False,False
JOHN WHITE PM,supplier,1,0.0001890359168241966,0.0,9,586703.87,False,False,False
JOHNSON MEDICAL PRACTICE C82031,supplier,1,0.0001890359168241966,0.0,2,865.16,False,False,False
JOHNSTON & PARTNERS,supplier,1,0.0001890359168241966,0.0,35,2620448.18,False,False,False
JOLLY SS,supplier,1,0.0001890359168241966,0.0,18,1399363.88,False,False,False
JONES & PARTNERS STOCKTON TEES,supplier,1,0.0001890359168241966,0.0,4,124702.2,False,False,False
JONES S R & PARTNER,supplier,1,0.0001890359168241966,0.0,8,408218.48,False,False,False
JORVIK GILLYGATE PRACTICE,supplier,1,0.0001890359168241966,0.0,3,186105.2,False,False,False
JOSEPH MEREDITH PRODUCTIONS,supplier,1,0.0001890359168241966,0.0,4,532800.0,False,False,False
JSR OPTICIANS,supplier,1,0.0001890359168241966,0.0,9,386343.7,False,False,False
JUBILEE GARDENS MEDICAL CENTRE,supplier,1,0.0001890359168241966,0.0,2,372.22,False,False,False
JUBILEE MEDICAL GROUP NEWTON AYCLIFFE,supplier,1,0.0001890359168241966,0.0,23,1300521.0,False,False,False
JUBILEE STREET PRACTICE,supplier,1,0.0001890359168241966,0.0,2,229086.02,False,False,False
JULIAS HOUSE,supplier,1,0.0001890359168241966,0.0,6,1960558.0,False,False,False
K KARIA,supplier,1,0.0001890359168241966,0.0,8,846176.64,False,False,False
KAINOS,supplier,1,0.0001890359168241966,0.0,31,5220991.84,False,False,False
KAINOS SOFTWARE,supplier,1,0.0001890359168241966,0.0,25,4885287.53,False,False,False
KALEIDOSCOPE HEALTH & CARE CIC,supplier,1,0.0001890359168241966,0.0,7,323725.6,False,False,False
KALEIDOSCOPE PLUS GROUP,supplier,1,0.0001890359168241966,0.0,23,1094461.07,False,False,False
KAMDAR MK & PARTNERS,supplier,1,0.0001890359168241966,0.0,6,352345.22000000003,False,False,False
KANTAR PUBLIC UK,supplier,1,0.0001890359168241966,0.0,23,1500243.8,False,False,False
KAY & PARTNERS,supplier,1,0.0001890359168241966,0.0,2,57474.369999999995,False,False,False
KC HOLIDAY DIALYSIS CENTRE,supplier,1,0.0001890359168241966,0.0,19,616480.0,False,False,False
KEECH HOSPICE CARE,supplier,1,0.0001890359168241966,0.0,5,2540764.0,False,False,False
KEELE UNIVERSITY,supplier,1,0.0001890359168241966,0.0,71,10201044.7,False,False,False
KEIGHLEY ROAD SURGERY,supplier,1,0.0001890359168241966,0.0,12,1192767.44,False,False,False
KELLER P & PARTNERS,supplier,1,0.0001890359168241966,0.0,6,1170916.9100000001,False,False,False
KENNEDY WAY SURGERY,supplier,1,0.0001890359168241966,0.0,2,52402.54,False,False,False
KENNET AND AVON MEDICAL PARTNERSHIP,supplier,1,0.0001890359168241966,0.0,9,349842.84,False,False,False
KENSINGTON PARTNERSHIP,supplier,1,0.0001890359168241966,0.0,11,572179.37,False,False,False
KENT AND MEDWAY NHS AND SOCIALCARE PARTNERSHIP TRUST,supplier,1,0.0001890359168241966,0.0,290,154557534.4,False,True,True
KENT COMMUNITY HEALTH NHS FOUNDATION TRUST,supplier,1,0.0001890359168241966,0.0,441,146604576.38,False,True,True
KENT COUNTY COUNCIL EXCH SEC MAIDSTONE,supplier,1,0.0001890359168241966,0.0,16,14727768.23,False,False,False
KENT SURREY SUSSEX AHSN,supplier,1,0.0001890359168241966,0.0,97,29767887.7,False,False,False
KERNOW HEALTH COMMUNITY INTEREST CO,supplier,1,0.0001890359168241966,0.0,126,8756875.77,False,False,False
KERSHAW & PARTNER,supplier,1,0.0001890359168241966,0.0,16,619432.89,False,False,False
KESTON HOUSE MEDICAL PRACTICE,supplier,1,0.0001890359168241966,0.0,9,438131.88,False,False,False
KETTERING GENERAL HOSPITAL NHS FOUNDATION TRUST,supplier,1,0.0001890359168241966,0.0,517,298577982.67,False,True,True
KETTERING TOWN VE,supplier,1,0.0001890359168241966,0.0,2,68443.4,False,False,False
KEY MEDICAL PRACTICE,supplier,1,0.0001890359168241966,0.0,14,869293.38,False,False,False
KEYRING LIVING SUPPORT NETWORK,supplier,1,0.0001890359168241966,0.0,3,134336.0,False,False,False
KIDDERMINSTER MEDICAL CENTRE,supplier,1,0.0001890359168241966,0.0,5,429016.24,False,False,False
KIER BUSINESS SERVICES,supplier,1,0.0001890359168241966,0.0,124,9230695.85,False,False,False
KILDONAN HOUSE P82003,supplier,1,0.0001890359168241966,0.0,3,86494.66,False,False,False
KILSHAW & PARTNERS,supplier,1,0.0001890359168241966,0.0,7,410038.94999999995,False,False,False
KIMS HOSPITAL,supplier,1,0.0001890359168241966,0.0,44,26719455.41,False,False,False
KING EDWARD ROAD SURGERY,supplier,1,0.0001890359168241966,0.0,22,1461146.67,False,False,False
KING EDWARD VII S HOSPITAL,supplier,1,0.0001890359168241966,0.0,19,7383770.39,False,False,False
KING GEORGE SURGERY,supplier,1,0.0001890359168241966,0.0,7,274695.41,False,False,False
KING STREET SURGERY BEDFORD,supplier,1,0.0001890359168241966,0.0,6,352039.26999999996,False,False,False
KING STREET SURGERY MAIDSTONE,supplier,1,0.0001890359168241966,0.0,10,599654.14,False,False,False
KINGS COLLEGE HOSPITAL NHS FOUNDATION TRUST,supplier,1,0.0001890359168241966,0.0,1740,3628036576.94,False,True,True
KINGS COLLEGE LONDON,supplier,1,0.0001890359168241966,0.0,113,39252374.39,False,False,False
KINGS FUND,supplier,1,0.0001890359168241966,0.0,25,1434002.8599999999,False,False,False
KINGSBURY COURT,supplier,1,0.0001890359168241966,0.0,3,190579.74,False,False,False
KINGSKERSWELL&IPPLEPEN MEDICAL PRACTICE,supplier,1,0.0001890359168241966,0.0,6,344647.83,False,False,False
KINGSLAND & PARTNERS,supplier,1,0.0001890359168241966,0.0,30,1167994.4,False,False,False
KINGSTEIGNTON MEDICAL PRACTICE,supplier,1,0.0001890359168241966,0.0,3,225614.21999999997,False,False,False
KINGSTHORPE MEDICAL CENTRE,supplier,1,0.0001890359168241966,0.0,23,1056971.54,False,False,False
KINGSTON AND RICHMOND NHS FOUNDATION TRUST,supplier,1,0.0001890359168241966,0.0,15,2463302.21,False,False,False
KINGSTON HEALTH CENTRE,supplier,1,0.0001890359168241966,0.0,14,953646.96,False,False,False
KINGSTON HOSPITAL NHS FOUNDATION TRUST,supplier,1,0.0001890359168241966,0.0,465,188898890.4,False,True,True
KINGSTON UNIVERSITY,supplier,1,0.0001890359168241966,0.0,8,1056842.65,False,False,False
KINGSTON UNIVERSITY LONDON,supplier,1,0.0001890359168241966,0.0,19,961648.06,False,False,False
KINGSWOOD HEALTH CENTRE,supplier,1,0.0001890359168241966,0.0,23,1534727.21,False,False,False
KINGSWOOD SURGERY KINGSTON HULL,supplier,1,0.0001890359168241966,0.0,2,79592.58,False,False,False
KINGTHORNE GROUP PRACTICE,supplier,1,0.0001890359168241966,0.0,19,1300300.87,False,False,False
KINGTON MEDICAL PRACTICE,supplier,1,0.0001890359168241966,0.0,19,1624693.82,False,False,False
KINSELLA MURRAY & PARTNERS,supplier,1,0.0001890359168241966,0.0,18,1305849.88,False,False,False
KINSON ROAD MEDICAL CENTRE,supplier,1,0.0001890359168241966,0.0,2,59071.72,False,False,False
KINTBURY & WOOLTON HILL SURGERY,supplier,1,0.0001890359168241966,0.0,2,63267.340000000004,False,False,False
KINVARA PRIVATE HOSPITAL,supplier,1,0.0001890359168241966,0.0,27,1026453.07,False,False,False
KIRBY ROAD MEDICAL PRACTICE,supplier,1,0.0001890359168241966,0.0,3,186843.51,False,False,False
KIRKBURTON HEALTH CENTRE,supplier,1,0.0001890359168241966,0.0,8,281910.91000000003,False,False,False
KIRTON LINDSEY SURGERY,supplier,1,0.0001890359168241966,0.0,4,283237.63,False,False,False
KLIPSPRINGER,supplier,1,0.0001890359168241966,0.0,2,58369.2,False,False,False
KNOLL SURGERY,supplier,1,0.0001890359168241966,0.0,12,663148.12,False,False,False
KNOWLE HOUSE SURGERY CROWNHILL RIVERSIDE LCG,supplier,1,0.0001890359168241966,0.0,5,345133.14999999997,False,False,False
KNOWLEDGE & INNOVATION PARTNERSHIPS,supplier,1,0.0001890359168241966,0.0,4,213000.0,False,False,False
KNUTSFORD MEDICAL PARTNERSHIP,supplier,1,0.0001890359168241966,0.0,14,690013.12,False,False,False
KOH & PARTNER,supplier,1,0.0001890359168241966,0.0,12,676130.9,False,False,False
KORN FERRY UK,supplier,1,0.0001890359168241966,0.0,20,3159377.38,False,False,False
KOTHARI C U & PARTNERS,supplier,1,0.0001890359168241966,0.0,20,1281568.96,False,False,False
KRISHAN,supplier,1,0.0001890359168241966,0.0,12,537395.34,False,False,False
KRISHNAN A C & PARTNERS,supplier,1,0.0001890359168241966,0.0,2,100336.16,False,False,False
L ROWLAND & CO RETAIL,supplier,2,0.0003780718336483932,0.0,26,10580362.299999999,True,False,True
LA INTERNATIONAL COMPUTER CONSULTANTS,supplier,1,0.0001890359168241966,0.0,124,16421594.47,False,False,False
LABCOLD,supplier,1,0.0001890359168241966,0.0,9,770116.04,False,False,False
LABURNUM HEALTH CENTRE,supplier,1,0.0001890359168241966,0.0,14,1399628.1,False,False,False
LADIES WALK PRACTICE,supplier,1,0.0001890359168241966,0.0,15,728885.6,False,False,False
LAGOM STRATEGY,supplier,2,0.0003780718336483932,0.00026547282920475195,7,233292.5,True,False,True
LAINDON HEALTH CENTRE,supplier,1,0.0001890359168241966,0.0,33,3894420.64,False,False,False
LAKE ROAD PRACTICE,supplier,1,0.0001890359168241966,0.0,12,624650.21,False,False,False
LAKELAND DIALYSIS,supplier,1,0.0001890359168241966,0.0,5,137962.85,False,False,False
LAKES MEDICAL PRACTICE,supplier,1,0.0001890359168241966,0.0,2,55540.89,False,False,False
LAKESIDE HEALTHCARE,supplier,1,0.0001890359168241966,0.0,48,2261691.93,False,False,False
LAKESIDE PRACTICE,supplier,1,0.0001890359168241966,0.0,10,623561.37,False,False,False
LAKESIDE SPECSAVERS,supplier,1,0.0001890359168241966,0.0,5,157428.45,False,False,False
LAKHANI JORDAN BHATIA & PARTNERS,supplier,1,0.0001890359168241966,0.0,14,472750.83,False,False,False
LAMBERT MEDICAL CENTRE,supplier,1,0.0001890359168241966,0.0,3,94121.47,False,False,False
LAMBGATES SURGERY,supplier,1,0.0001890359168241966,0.0,12,842793.22,False,False,False
LANCASHIRE & SOUTH CUMBRIA NHS FOUNDATION TRUST,supplier,2,0.0003780718336483932,0.00026547282920475195,546,418999809.38,True,True,True
LANCASHIRE CARE NHS FOUNDATION TRUST,supplier,1,0.0001890359168241966,0.0,90,52953636.18,False,False,False
LANCASHIRE COUNTY COUNCIL,supplier,1,0.0001890359168241966,0.0,11,649585.0,False,False,False
LANCASHIRE POLICE AUTHORITY,supplier,1,0.0001890359168241966,0.0,15,1401101.75,False,False,False
LANCASHIRE TEACHING HOSPITALS NHS FOUNDATION TRUST,supplier,1,0.0001890359168241966,0.0,905,1250932812.63,False,True,True
LANCASTER MEDICAL PRACTICE,supplier,2,0.0003780718336483932,0.00026547282920475195,51,4065361.69,True,False,True
LANCASTER UNIVERSITY,supplier,1,0.0001890359168241966,0.0,20,25137910.810000002,False,False,False
LANDER MEDICAL PRACTICE,supplier,1,0.0001890359168241966,0.0,33,3675224.6,False,False,False
LANDSCAPE PRINTING SYSTEMS,supplier,1,0.0001890359168241966,0.0,4,509891.65,False,False,False
LANE END MEDICAL GROUP,supplier,1,0.0001890359168241966,0.0,12,614293.85,False,False,False
LANE ENDS SURGERY,supplier,1,0.0001890359168241966,0.0,3,89698.29000000001,False,False,False
LANGDON HILLS MEDICAL CENTRE,supplier,1,0.0001890359168241966,0.0,36,2675153.12,False,False,False
LANGFORD CLINIC,supplier,1,0.0001890359168241966,0.0,28,3379217.31,False,False,False
LANGHAM PLACE SURGERY,supplier,1,0.0001890359168241966,0.0,17,1141917.7,False,False,False
LANGLEY CORNER SURGERY,supplier,1,0.0001890359168241966,0.0,16,1195173.32,False,False,False
LANGLEY HEALTH CENTRE,supplier,1,0.0001890359168241966,0.0,14,855749.76,False,False,False
LANGPORT SURGERY,supplier,1,0.0001890359168241966,0.0,12,929672.15,False,False,False
LANGTON MEDICAL GROUP,supplier,1,0.0001890359168241966,0.0,9,591131.77,False,False,False
LANGUAGE EMPIRE,supplier,1,0.0001890359168241966,0.0,60,5915481.58,False,False,False
LANGWORTHY MEDICAL PRACTICE P87027,supplier,1,0.0001890359168241966,0.0,2,56011.14,False,False,False
LANNIGAN & PARTNERS,supplier,1,0.0001890359168241966,0.0,26,1294335.43,False,False,False
LANTERN SURGERY,supplier,1,0.0001890359168241966,0.0,3,103632.72,False,False,False
LANTUM,supplier,1,0.0001890359168241966,0.0,4,389617.2,False,False,False
LAPWORTH SURGERY,supplier,1,0.0001890359168241966,0.0,4,282331.14,False,False,False
LARKSFIELD SURGERY,supplier,1,0.0001890359168241966,0.0,4,298596.30000000005,False,False,False
LARWOOD HEALTH PARTNERSHIP,supplier,1,0.0001890359168241966,0.0,21,1200128.2,False,False,False
LATIF M H & PARTNERS,supplier,1,0.0001890359168241966,0.0,30,1915902.68,False,False,False
LAUNCESTON MEDICAL CENTRE,supplier,1,0.0001890359168241966,0.0,38,4031856.5300000003,False,False,False
LAURBEL SURGERY,supplier,1,0.0001890359168241966,0.0,2,66634.21,False,False,False
LAUREL BANK SURGERY,supplier,1,0.0001890359168241966,0.0,15,1244054.43,False,False,False
LAWNS SURGERY,supplier,1,0.0001890359168241966,0.0,2,50000.0,False,False,False
LAWSON PRACTICE,supplier,1,0.0001890359168241966,0.0,3,176677.52000000002,False,False,False
LAWTON HOUSE SURGERY,supplier,1,0.0001890359168241966,0.0,3,226032.37,False,False,False
LEACROFT MEDICAL PRACTICE,supplier,1,0.0001890359168241966,0.0,2,59565.76,False,False,False
LEACROFT PRACTICE,supplier,1,0.0001890359168241966,0.0,38,2996438.15,False,False,False
LEADERSHIP CENTRE,supplier,1,0.0001890359168241966,0.0,3,105200.0,False,False,False
LEARNING DISABILITY ENGLAND,supplier,1,0.0001890359168241966,0.0,3,203700.0,False,False,False
LEASOWE PRIMARY CARE CENTRE,supplier,1,0.0001890359168241966,0.0,15,405908.91000000003,False,False,False
LEATSIDE HEALTH CENTRE L82042,supplier,1,0.0001890359168241966,0.0,2,77095.06,False,False,False
LEATSIDE SURGERY TOTNES,supplier,1,0.0001890359168241966,0.0,5,387890.58999999997,False,False,False
LEDBURY HEALTH PARTNERSHIP,supplier,1,0.0001890359168241966,0.0,14,690060.92,False,False,False
LEE HOUSE SURGERY,supplier,1,0.0001890359168241966,0.0,20,1609950.3,False,False,False
LEEDS BECKETT UNIVERSITY,supplier,1,0.0001890359168241966,0.0,11,822911.06,False,False,False
LEEDS CITY COUNCIL,supplier,1,0.0001890359168241966,0.0,7,381898.57,False,False,False
LEEDS COMMUNITY HEALTHCARE NHS TRUST,supplier,1,0.0001890359168241966,0.0,327,82953431.16,False,True,True
LEEDS ROAD PRACTICE,supplier,1,0.0001890359168241966,0.0,34,4011166.8,False,False,False
LEEDS STUDENT MEDICAL PRACTICE,supplier,1,0.0001890359168241966,0.0,9,500901.27,False,False,False
LEEK HEALTH CENTRE,supplier,1,0.0001890359168241966,0.0,17,1310558.68,False,False,False
LEEONTHESOLENT MEDICAL PRACTICE,supplier,1,0.0001890359168241966,0.0,16,1073934.86,False,False,False
LEICESTER CITY COUNCIL,supplier,1,0.0001890359168241966,0.0,11,3514458.6,False,False,False
LEICESTER TERRACE HEALTH CARE CENTRE,supplier,1,0.0001890359168241966,0.0,18,2041238.72,False,False,False
LEICESTERSHIRE & RUTLAND LOC OPTICARE,supplier,1,0.0001890359168241966,0.0,7,468500.0,False,False,False
LEICESTERSHIRE 1 DOMICILIARY SPECSAVERS,supplier,1,0.0001890359168241966,0.0,8,236854.75,False,False,False
LEICESTERSHIRE COUNTY COUNCIL,supplier,1,0.0001890359168241966,0.0,9,797023.2,False,False,False
LEICESTERSHIRE LDC,supplier,1,0.0001890359168241966,0.0,2,250000.0,False,False,False
LEIGH VIEW MEDICAL PRACTICE,supplier,1,0.0001890359168241966,0.0,2,94343.98000000001,False,False,False
LEIGHTON L & PARTNERS,supplier,1,0.0001890359168241966,0.0,29,2513787.75,False,False,False
LEIGHTON ROAD MEDICAL PRACTICE,supplier,1,0.0001890359168241966,0.0,4,459322.68000000005,False,False,False
LEISTON SURGERY,supplier,1,0.0001890359168241966,0.0,9,336683.5,False,False,False
LEITH HILL PRACTICE,supplier,1,0.0001890359168241966,0.0,6,267434.07,False,False,False
LESLEY WRIGHT IMPROVEMENT,supplier,1,0.0001890359168241966,0.0,3,130260.0,False,False,False
LEWIS C P & PARTNERS,supplier,1,0.0001890359168241966,0.0,20,1288708.52,False,False,False
LEWISHAM & GREENWICH NHS TRUST,supplier,1,0.0001890359168241966,0.0,629,543866538.34,False,True,True
LEXICA HEALTH AND SCIENCES CONSULTANCY,supplier,1,0.0001890359168241966,0.0,2,89702.4,False,False,False
LEYLAND SURGERY,supplier,1,0.0001890359168241966,0.0,5,248932.0,False,False,False
LEYS HEALTH CENTRE,supplier,1,0.0001890359168241966,0.0,9,443444.60000000003,False,False,False
LGBT FOUNDATION,supplier,1,0.0001890359168241966,0.0,6,662603.0,False,False,False
LGC,supplier,1,0.0001890359168241966,0.0,34,13783553.040000001,False,False,False
LH SOCIAL CARE,supplier,1,0.0001890359168241966,0.0,2,56761.979999999996,False,False,False
LIAISON FINANCIAL SERVICES,supplier,1,0.0001890359168241966,0.0,3,816562.5,False,False,False
LIBRARY HOUSE SURGERY,supplier,1,0.0001890359168241966,0.0,6,272810.8,False,False,False
LIGHTHOUSE MEDICAL PRACTICE,supplier,1,0.0001890359168241966,0.0,2,172326.96,False,False,False
LILLIE ROAD PRACTICE,supplier,1,0.0001890359168241966,0.0,5,249182.35,False,False,False
LIME TREE SURGERY H82034,supplier,1,0.0001890359168241966,0.0,3,99827.92,False,False,False
LIME TREE SURGERY WORTHING,supplier,1,0.0001890359168241966,0.0,26,1477952.26,False,False,False
LIMECULTURE COMMUNITY INTEREST COMPANY,supplier,1,0.0001890359168241966,0.0,4,154840.0,False,False,False
LINCOLNSHIRE 2 DOMICILIARY SPECSAVERS,supplier,1,0.0001890359168241966,0.0,2,55088.17,False,False,False
LINCOLNSHIRE COMMUNITY HEALTH SERVICES NHS TRUST,supplier,1,0.0001890359168241966,0.0,6,495481.5,False,False,False
LINCOLNSHIRE COUNTY COUNCIL,supplier,1,0.0001890359168241966,0.0,68,14880428.69,False,False,False
LINCOLNSHIRE PARTNERSHIP NHS FOUNDATION TRUST,supplier,1,0.0001890359168241966,0.0,285,50781619.42,False,True,True
LINCOLNSHIRE TRAINING HUB,supplier,1,0.0001890359168241966,0.0,13,1457550.09,False,False,False
LINCS COMMUNITY HEALTH SERVICES NHS TRUST,supplier,1,0.0001890359168241966,0.0,196,32600106.86,False,False,False
LINDEN HALL SURGERY,supplier,1,0.0001890359168241966,0.0,10,738210.72,False,False,False
LINDEN MEDICAL CENTRE KETTERING,supplier,1,0.0001890359168241966,0.0,22,1920014.95,False,False,False
LINDEN ROAD SURGERY,supplier,1,0.0001890359168241966,0.0,3,135539.25,False,False,False
LINDFIELD MEDICAL CENTRE,supplier,1,0.0001890359168241966,0.0,4,234841.08000000002,False,False,False
LINDLEY VILLAGE SURGERY,supplier,1,0.0001890359168241966,0.0,3,107523.23,False,False,False
LINDOP WILLIAMS MERRICK & PARTNERS,supplier,1,0.0001890359168241966,0.0,3,97109.18000000001,False,False,False
LINGFIELD SURGERY,supplier,1,0.0001890359168241966,0.0,21,1186453.95,False,False,False
LINGUA GM CIC,supplier,1,0.0001890359168241966,0.0,2,89099.0,False,False,False
LINGWELL CROFT SURGERY,supplier,1,0.0001890359168241966,0.0,8,416276.68,False,False,False
LINKS MEDICAL PRACTICE,supplier,1,0.0001890359168241966,0.0,7,540157.79,False,False,False
LINTHORPE SURGERY,supplier,1,0.0001890359168241966,0.0,28,2154473.74,False,False,False
LION HEALTH CENTRE,supplier,1,0.0001890359168241966,0.0,23,1416010.18,False,False,False
LIQUIDLOGIC,supplier,1,0.0001890359168241966,0.0,2,98487.0,False,False,False
LISSMANN M R & PARTNERS,supplier,1,0.0001890359168241966,0.0,30,2467559.12,False,False,False
LISSON GROVE HEALTH CENTRE,supplier,1,0.0001890359168241966,0.0,4,148708.07,False,False,False
LISSON GROVE MEDICAL CENTRE WATERFRONT LCG,supplier,1,0.0001890359168241966,0.0,3,212262.93,False,False,False
LISTER HOUSE SURGERY,supplier,1,0.0001890359168241966,0.0,4,170792.58,False,False,False
LISTER HOUSE SURGERY BOLLAMS MEAD WIVELISCOMBE,supplier,1,0.0001890359168241966,0.0,4,194300.01,False,False,False
LITCHDON MEDICAL CENTRE BARNSTAPLE,supplier,1,0.0001890359168241966,0.0,6,422719.28,False,False,False
LITCHDON MEDICAL CENTRE L83035,supplier,1,0.0001890359168241966,0.0,2,123439.14,False,False,False
LITTLE CHALFONT SURGERY,supplier,1,0.0001890359168241966,0.0,2,73269.51999999999,False,False,False
LITTLE COMMON SURGERY,supplier,1,0.0001890359168241966,0.0,8,321606.23,False,False,False
LITTLE LONDON SURGERY,supplier,1,0.0001890359168241966,0.0,10,488227.22000000003,False,False,False
LITTLEBOROUGH HEALTH CENTRE,supplier,1,0.0001890359168241966,0.0,13,825915.72,False,False,False
LITTLER,supplier,1,0.0001890359168241966,0.0,30,1993310.56,False,False,False
LITTLEWICK MEDICAL CENTRE,supplier,1,0.0001890359168241966,0.0,4,127502.95999999999,False,False,False
LIVA HEALTHCARE UK,supplier,1,0.0001890359168241966,0.0,4,168117.84,False,False,False
LIVERPOOL HEART & CHEST NHS FOUNDATION TRUST,supplier,1,0.0001890359168241966,0.0,424,675659488.46,False,True,True
LIVERPOOL HEART AND CHEST HOSPITAL NHS TRUST,supplier,1,0.0001890359168241966,0.0,10,31537923.34,False,False,False
LIVERPOOL JOHN MOORES UNIVERSITY,supplier,1,0.0001890359168241966,0.0,35,2532487.65,False,False,False
LIVERPOOL UNIVERSITY HOSPITALS NHS FOUNDATION TRUST,supplier,1,0.0001890359168241966,0.0,978,1120738855.69,False,True,True
LIVERPOOL VETERANS HQ,supplier,1,0.0001890359168241966,0.0,5,356075.0,False,False,False
LIVERPOOL WOMENS HOSPITAL NHS FOUNDATION TRUST,supplier,1,0.0001890359168241966,0.0,163,190720796.85,False,False,False
LIVEWELL SOUTHWEST,supplier,1,0.0001890359168241966,0.0,205,81970547.37,False,True,True
LIVING POTENTIAL CONSULTING,supplier,1,0.0001890359168241966,0.0,12,2321045.58,False,False,False
LIVING WELL CONSORTIUM,supplier,1,0.0001890359168241966,0.0,9,1298889.44,False,False,False
LIVING WELL TAKING CONTROL,supplier,1,0.0001890359168241966,0.0,139,21148928.79,False,False,False
LIVING WITH,supplier,1,0.0001890359168241966,0.0,2,73800.0,False,False,False
LLOYDS PHARMACY,supplier,1,0.0001890359168241966,0.0,64,3617595.86,False,False,False
LOCAL CARE DIRECT,supplier,1,0.0001890359168241966,0.0,42,5031463.94,False,False,False
LOCAL MEDICAL COMMITTEE,supplier,1,0.0001890359168241966,0.0,2,225552.87,False,False,False
LOCAL PRIMARY CARE,supplier,1,0.0001890359168241966,0.0,2,175957.97,False,False,False
LOCALA COMMUNITY PARTNERSHIPS CIC,supplier,1,0.0001890359168241966,0.0,129,11029992.709999999,False,False,False
LOCKFIELD SURGERY & RAYNOR ROAD SURGERY,supplier,1,0.0001890359168241966,0.0,9,588481.11,False,False,False
LOCKSIDE MEDICAL CENTRE,supplier,1,0.0001890359168241966,0.0,2,56520.45,False,False,False
LODDON HALL ROAD SURGERY,supplier,1,0.0001890359168241966,0.0,6,266798.48,False,False,False
LODGE GROUP,supplier,1,0.0001890359168241966,0.0,18,1756830.54,False,False,False
LODGE ROAD SURGERY,supplier,1,0.0001890359168241966,0.0,13,888446.83,False,False,False
LODGE SURGERY THE,supplier,1,0.0001890359168241966,0.0,4,124343.48000000001,False,False,False
LOGEX BV,supplier,1,0.0001890359168241966,0.0,5,227914.00297950002,False,False,False
LONDON 8 DOMICILIARY SPECSAVERS,supplier,1,0.0001890359168241966,0.0,2,95842.43,False,False,False
LONDON AMBULANCE SERVICE NHS TRUST,supplier,1,0.0001890359168241966,0.0,137,164641119.54,False,False,False
LONDON BOROUGH OF BARNET,supplier,1,0.0001890359168241966,0.0,2,536000.0,False,False,False
LONDON BOROUGH OF BEXLEY,supplier,1,0.0001890359168241966,0.0,5,357813.5,False,False,False
LONDON BOROUGH OF ENFIELD,supplier,1,0.0001890359168241966,0.0,9,452772.23,False,False,False
LONDON BOROUGH OF HACKNEY,supplier,1,0.0001890359168241966,0.0,4,324450.0,False,False,False
LONDON BOROUGH OF LEWISHAM,supplier,1,0.0001890359168241966,0.0,2,80000.0,False,False,False
LONDON BOROUGH OF SUTTON,supplier,1,0.0001890359168241966,0.0,7,397520.0,False,False,False
LONDON CENTRAL & WEST UNSCHEDULED CARE COLLABORATIVE,supplier,1,0.0001890359168241966,0.0,2,100000.0,False,False,False
LONDON CLINIC,supplier,1,0.0001890359168241966,0.0,21,25549000.0,False,False,False
LONDON COUNCILS,supplier,1,0.0001890359168241966,0.0,7,247000.0,False,False,False
LONDON DIVING CHAMBER,supplier,1,0.0001890359168241966,0.0,3,319527.0,False,False,False
LONDON HYPERBARIC & WOUND HEALING CENTRES,supplier,1,0.0001890359168241966,0.0,77,14456711.72,False,False,False
LONDON INTERNATIONAL EXHIBITION CENTRE,supplier,1,0.0001890359168241966,0.0,12,1856075.26,False,False,False
LONDON MEDICAL ASSOCIATES,supplier,1,0.0001890359168241966,0.0,7,418353.1,False,False,False
LONDON METROPOLITAN UNIVERSITY,supplier,2,0.0003780718336483932,0.0,4,223037.88,True,False,True
LONDON NORTH WEST HEALTHCARE NHS TRUST,supplier,1,0.0001890359168241966,0.0,1125,873035315.57,False,True,True
LONDON PATHWAY,supplier,1,0.0001890359168241966,0.0,4,300000.0,False,False,False
LONDON ROAD HEALTH CENTRE,supplier,1,0.0001890359168241966,0.0,9,436576.19,False,False,False
LONDON ROAD SURGERY,supplier,1,0.0001890359168241966,0.0,36,2993695.56,False,False,False
LONDON SCHOOL OF HYGIENE & TROPICAL MEDICINE,supplier,1,0.0001890359168241966,0.0,10,500065.66,False,False,False
LONDON SOUTH BANK UNIVERSITY,supplier,1,0.0001890359168241966,0.0,33,3207406.28,False,False,False
LONG & PARTNERS,supplier,1,0.0001890359168241966,0.0,18,1359925.56,False,False,False
LONG BUCKBY PRACTICE,supplier,1,0.0001890359168241966,0.0,16,717938.71,False,False,False
LONG CATLIS ROAD SURGERY,supplier,1,0.0001890359168241966,0.0,2,162313.9,False,False,False
LONG EATON EYECARE,supplier,1,0.0001890359168241966,0.0,6,175249.68,False,False,False
LONG FURLONG MEDICAL CENTRE,supplier,1,0.0001890359168241966,0.0,6,363342.2,False,False,False
LONG STRATTON MEDICAL PARTNERSHIP,supplier,1,0.0001890359168241966,0.0,2,66809.72,False,False,False
LONG STREET SURGERY,supplier,1,0.0001890359168241966,0.0,8,399726.36000000004,False,False,False
LONGCROFT SURGERY,supplier,1,0.0001890359168241966,0.0,3,245231.56,False,False,False
LONGROVE SURGERY,supplier,1,0.0001890359168241966,0.0,15,1052439.6199999999,False,False,False
LONGTON HALL SURGERY,supplier,1,0.0001890359168241966,0.0,15,1034011.91,False,False,False
LOOMER ROAD SURGERY,supplier,1,0.0001890359168241966,0.0,17,824598.11,False,False,False
LORDSWOOD MEDICAL GROUP,supplier,1,0.0001890359168241966,0.0,10,430705.48000000004,False,False,False
LOROS,supplier,1,0.0001890359168241966,0.0,7,1984488.55,False,False,False
LOSBERGER DE BOER UK,supplier,1,0.0001890359168241966,0.0,2,2864008.8,False,False,False
LOSTWITHIEL MEDICAL PRACTICE,supplier,1,0.0001890359168241966,0.0,12,488996.13,False,False,False
LOUGHBOROUGH UNIVERSITY ENTERPRISES,supplier,1,0.0001890359168241966,0.0,3,1224199.12,False,False,False
LOVEMEAD GROUP PRACTICE,supplier,1,0.0001890359168241966,0.0,7,528982.86,False,False,False
LOWER INCE SURGERY,supplier,1,0.0001890359168241966,0.0,10,695647.76,False,False,False
LUCKETT & PARTNERS,supplier,1,0.0001890359168241966,0.0,15,1020115.94,False,False,False
LUCKRAFT & PARTNERS,supplier,1,0.0001890359168241966,0.0,18,1164920.6,False,False,False
LUPIN HEALTHCARE UK,supplier,1,0.0001890359168241966,0.0,68,6161677.2,False,False,False
LUSON SURGERY FORE STREET WELLINGTON,supplier,1,0.0001890359168241966,0.0,3,145255.11000000002,False,False,False
LUTHER PENDRAGON,supplier,1,0.0001890359168241966,0.0,3,79987.5,False,False,False
LUTON & DUNSTABLE HOSPITAL NHS FOUNDATION TRUST,supplier,1,0.0001890359168241966,0.0,73,63784610.97,False,False,False
LUTON BOROUGH COUNCIL,supplier,1,0.0001890359168241966,0.0,3,187000.0,False,False,False
LUTON V E,supplier,1,0.0001890359168241966,0.0,2,52581.5,False,False,False
LYDDEN SURGERY,supplier,1,0.0001890359168241966,0.0,20,1471623.92,False,False,False
LYNDHURST MEDICAL CENTRE,supplier,1,0.0001890359168241966,0.0,15,962916.38,False,False,False
LYNDHURST SURGERY LYNDHURST,supplier,1,0.0001890359168241966,0.0,14,1076587.42,False,False,False
LYNGFORD PARK SURGERY FLETCHER CLOSE TAUNTON,supplier,1,0.0001890359168241966,0.0,3,119711.34,False,False,False
LYNWOOD MEDICAL CENTRE,supplier,1,0.0001890359168241966,0.0,9,802905.56,False,False,False
M & C SAATCHI UK,supplier,1,0.0001890359168241966,0.0,206,18363314.08,False,True,True
M G DURHAM,supplier,1,0.0001890359168241966,0.0,4,104289.62,False,False,False
MA EDUCATION,supplier,1,0.0001890359168241966,0.0,4,120000.0,False,False,False
MACHIN & PARTNERS,supplier,1,0.0001890359168241966,0.0,7,441048.04,False,False,False
MACLEOD CURRY & WARD,supplier,1,0.0001890359168241966,0.0,21,1965537.21,False,False,False
MACLEODS PHARMA UK,supplier,1,0.0001890359168241966,0.0,31,1883760.0,False,False,False
MACPHERSON TJ & PARTNER,supplier,1,0.0001890359168241966,0.0,22,804553.41,False,False,False
MACRAE & MACRAE,supplier,1,0.0001890359168241966,0.0,4,128312.28,False,False,False
MADE TECH,supplier,1,0.0001890359168241966,0.0,15,1733300.13,False,False,False
MAGENNIS & PARTNERS,supplier,1,0.0001890359168241966,0.0,28,1065947.85,False,False,False
MAGHULL HEALTH CENTRE,supplier,1,0.0001890359168241966,0.0,7,312639.16000000003,False,False,False
MAGNA GROUP PRACTICE,supplier,1,0.0001890359168241966,0.0,2,59955.56,False,False,False
MAGNOLIA HOUSE SURGERY,supplier,1,0.0001890359168241966,0.0,37,3887389.8,False,False,False
MAIDEN NEWTON & BEAMINSTER PRACTICE,supplier,1,0.0001890359168241966,0.0,5,237606.66,False,False,False
MAIDSTONE AND TUNBRIDGE WELLS NHS TRUST,supplier,1,0.0001890359168241966,0.0,660,749587521.51,False,True,True
MAIN EVENT SECURITY,supplier,1,0.0001890359168241966,0.0,2,172532.08000000002,False,False,False
MAJEED & ORIORDAN,supplier,1,0.0001890359168241966,0.0,7,555469.4,False,False,False
MALMESBURY MEDICAL PARTNERSHIP,supplier,1,0.0001890359168241966,0.0,17,1087676.54,False,False,False
MALTHOUSE SURGERY,supplier,1,0.0001890359168241966,0.0,13,729272.28,False,False,False
MALTINGS SURGERY ST ALBANS,supplier,1,0.0001890359168241966,0.0,5,286946.62,False,False,False
MALVERN HEALTH CENTRE,supplier,1,0.0001890359168241966,0.0,20,1259533.42,False,False,False
MALVERN HOMES HARTSHILL,supplier,1,0.0001890359168241966,0.0,2,1395744.6,False,False,False
MANCHESTER 2 DOMICILIARY SPECSAVERS,supplier,1,0.0001890359168241966,0.0,10,319046.49,False,False,False
MANCHESTER BUSINESS SCHOOL,supplier,1,0.0001890359168241966,0.0,2,4629233.0,False,False,False
MANCHESTER CENTRAL CONVENTION COMPLEX,supplier,1,0.0001890359168241966,0.0,10,15068250.049999999,False,False,False
MANCHESTER CITY COUNCIL,supplier,1,0.0001890359168241966,0.0,12,2990604.79,False,False,False
MANCHESTER METROPOLITAN UNIVERSITY,supplier,1,0.0001890359168241966,0.0,12,3393076.0,False,False,False
MANCHESTER ROAD PRACTICE,supplier,1,0.0001890359168241966,0.0,14,1609186.87,False,False,False
MANCHESTER ROAD SURGERY SHEFFIELD,supplier,1,0.0001890359168241966,0.0,5,336074.43,False,False,False
MANCHESTER UNIVERSITY NHS FOUNDATION TRUST,supplier,1,0.0001890359168241966,0.0,2156,3847034554.11,False,True,True
MANIFESTO DIGITAL,supplier,1,0.0001890359168241966,0.0,4,261817.22,False,False,False
MANN COTTAGE SURGERY L84068,supplier,1,0.0001890359168241966,0.0,3,122899.88,False,False,False
MANNAMEAD SURGERY PLYMOUTH TAMAR LCG,supplier,1,0.0001890359168241966,0.0,3,208571.84999999998,False,False,False
MANNING GOTTLIEB OMD,supplier,1,0.0001890359168241966,0.0,655,96943688.65,False,True,True
MANOR & PARK GROUP PRACTICE,supplier,1,0.0001890359168241966,0.0,14,826802.4500000001,False,False,False
MANOR HOUSE SURGERY GLOSSOP,supplier,1,0.0001890359168241966,0.0,5,150126.96,False,False,False
MANOR PRACTICE THE,supplier,1,0.0001890359168241966,0.0,2,60863.0,False,False,False
MANOR SURGERY REDRUTH,supplier,1,0.0001890359168241966,0.0,30,2127623.59,False,False,False
MANOR VIEW PRACTICE,supplier,1,0.0001890359168241966,0.0,23,1446782.99,False,False,False
MANSION HOUSE SURGERY M83069,supplier,1,0.0001890359168241966,0.0,2,68241.06,False,False,False
MAPLE ACCESS PARTNERSHIP,supplier,1,0.0001890359168241966,0.0,22,1785632.97,False,False,False
MAPLES FAMILY MEDICAL PRACTICE,supplier,1,0.0001890359168241966,0.0,4,185174.02000000002,False,False,False
MAPLES HEALTH CENTRE,supplier,1,0.0001890359168241966,0.0,8,424103.42,False,False,False
MARAZION SURGERY,supplier,1,0.0001890359168241966,0.0,22,1024985.84,False,False,False
MARDEN MEDICAL CENTRE,supplier,1,0.0001890359168241966,0.0,9,466867.94,False,False,False
MARIE CURIE,supplier,1,0.0001890359168241966,0.0,3,2060486.49,False,False,False
MARINE LAKE MEDICAL CENTRE,supplier,1,0.0001890359168241966,0.0,36,3150619.0,False,False,False
MARINE MEDICAL GROUP,supplier,1,0.0001890359168241966,0.0,2,51919.66,False,False,False
MARKET & OPINION RESEARCH INTERNATIONAL,supplier,1,0.0001890359168241966,0.0,27,18154844.41,False,False,False
MARKET LAVINGTON SURGERY,supplier,1,0.0001890359168241966,0.0,23,1561489.24,False,False,False
MARKET RASEN SURGERY,supplier,1,0.0001890359168241966,0.0,2,59595.44,False,False,False
MARKET STREET HEALTH GROUP,supplier,1,0.0001890359168241966,0.0,6,220969.34,False,False,False
MARKHAM J E,supplier,1,0.0001890359168241966,0.0,38,3427300.2800000003,False,False,False
MARLBOROUGH SURGERY,supplier,1,0.0001890359168241966,0.0,12,745558.9199999999,False,False,False
MARLOW MEDICAL GROUP,supplier,1,0.0001890359168241966,0.0,17,732162.42,False,False,False
MARLOW MEDICAL GROUP K82023,supplier,1,0.0001890359168241966,0.0,2,209588.72,False,False,False
MARPLE COTTAGE SURGERY,supplier,1,0.0001890359168241966,0.0,21,1367482.44,False,False,False
MARSH AJ & PARTNERS,supplier,1,0.0001890359168241966,0.0,4,151642.08000000002,False,False,False
MARTELLO HEALTH CENTRE,supplier,1,0.0001890359168241966,0.0,10,548828.46,False,False,False
MARTIN HOUSE,supplier,1,0.0001890359168241966,0.0,5,3531674.0,False,False,False
MARTON MEDICAL PRACTICE,supplier,1,0.0001890359168241966,0.0,3,151472.28,False,False,False
MARUS BRIDGE PRACTICE,supplier,1,0.0001890359168241966,0.0,6,6304041.14,False,False,False
MARYPORT HEALTH SERVICES,supplier,1,0.0001890359168241966,0.0,8,256517.52,False,False,False
MASTEK,supplier,1,0.0001890359168241966,0.0,46,7759603.45,False,False,False
MASTEK UK,supplier,1,0.0001890359168241966,0.0,96,6217169.87,False,False,False
MASTERCALL HEALTHCARE,supplier,1,0.0001890359168241966,0.0,12,404798.39999999997,False,False,False
MATHEW S,supplier,1,0.0001890359168241966,0.0,27,972552.12,False,False,False
MATHEWS PRACTICE,supplier,1,0.0001890359168241966,0.0,14,841772.84,False,False,False
MATRIX BOOKING,supplier,1,0.0001890359168241966,0.0,3,210145.6,False,False,False
MAWDSLEY BROOKS & CO,supplier,1,0.0001890359168241966,0.0,2,53205.59,False,False,False
MAYBUSH MEDICAL CENTRE,supplier,1,0.0001890359168241966,0.0,6,417861.36,False,False,False
MAYDEN HOUSE,supplier,1,0.0001890359168241966,0.0,3,281412.0,False,False,False
MAYFIELD MEDICAL CENTRE FARNBOROUGH,supplier,1,0.0001890359168241966,0.0,34,3709057.17,False,False,False
MAYFIELD MEDICAL CENTRE PAIGNTON,supplier,1,0.0001890359168241966,0.0,7,505790.77,False,False,False
MAYFIELD SURGERY,supplier,1,0.0001890359168241966,0.0,2,420459.31999999995,False,False,False
MAYFLOWER MEDICAL GROUP,supplier,1,0.0001890359168241966,0.0,5,211444.46,False,False,False
MAYWOOD HEALTHCARE CENTRE,supplier,1,0.0001890359168241966,0.0,17,2298522.56,False,False,False
MAZARS,supplier,1,0.0001890359168241966,0.0,4,186700.0,False,False,False
MB MEDICAL SERVICE,supplier,1,0.0001890359168241966,0.0,3,173626.0,False,False,False
MBOS,supplier,1,0.0001890359168241966,0.0,2,79834.56,False,False,False
MC ELROY & PTNRS,supplier,1,0.0001890359168241966,0.0,3,112038.20999999999,False,False,False
MCKENZIE HOUSE SURGERY,supplier,1,0.0001890359168241966,0.0,11,654302.68,False,False,False
MCNEILLY & PARTNERS,supplier,1,0.0001890359168241966,0.0,2,104891.0,False,False,False
MDDUS,supplier,1,0.0001890359168241966,0.0,10,1424092.76,False,False,False
MDU SERVICES,supplier,1,0.0001890359168241966,0.0,3,1232208.0,False,False,False
MEADOWHEAD GROUP PRACTICE,supplier,1,0.0001890359168241966,0.0,18,963058.2,False,False,False
MEADOWS MEDICAL PRACTICE,supplier,1,0.0001890359168241966,0.0,11,865289.92,False,False,False
MEADOWS SURGERY,supplier,1,0.0001890359168241966,0.0,19,681981.72,False,False,False
MEADOWS SURGERY ILMINSTER MC ILMINSTER,supplier,1,0.0001890359168241966,0.0,3,78418.47,False,False,False
MEDALLIA,supplier,1,0.0001890359168241966,0.0,10,522000.0,False,False,False
MEDEQUIP ASSISTIVE TECHNOLOGY,supplier,1,0.0001890359168241966,0.0,2,542427.6,False,False,False
MEDIA AGENCY GROUP,supplier,1,0.0001890359168241966,0.0,3,137892.0,False,False,False
MEDIC HOUSE SURGERY & APPLEDORE MEDICAL CENTRE,supplier,1,0.0001890359168241966,0.0,12,338929.58999999997,False,False,False
MEDICAL CENTRE CRYSTAL PEAKS,supplier,1,0.0001890359168241966,0.0,13,764682.64,False,False,False
MEDICAL CENTRE FREMINGTON,supplier,1,0.0001890359168241966,0.0,3,171083.49,False,False,False
MEDICAL CENTRE WICKHAM MARKET,supplier,1,0.0001890359168241966,0.0,2,68022.07,False,False,False
MEDICAL DATA SOLUTIONS & SERVICES,supplier,1,0.0001890359168241966,0.0,10,1607949.44,False,False,False
MEDICAL EGUIDES,supplier,1,0.0001890359168241966,0.0,2,114000.0,False,False,False
MEDICAL GROUP,supplier,1,0.0001890359168241966,0.0,21,1071373.67,False,False,False
MEDICAL IMAGING UK,supplier,1,0.0001890359168241966,0.0,481,73505497.44,False,True,True
MEDICAL PROTECTION SOCIETY,supplier,1,0.0001890359168241966,0.0,3,230961.13,False,False,False
MEDICAL SCHOOLS COUNCIL,supplier,1,0.0001890359168241966,0.0,4,958442.0,False,False,False
MEDICALDIRECTOR,supplier,1,0.0001890359168241966,0.0,23,1330188.25,False,False,False
MEDICI MEDICAL CENTRE,supplier,1,0.0001890359168241966,0.0,5,171507.99,False,False,False
MEDICUS HEALTH,supplier,1,0.0001890359168241966,0.0,10,657903.6,False,False,False
MEDWAY COMMUNITY HEALTHCARE CIC,supplier,1,0.0001890359168241966,0.0,10,3484417.0,False,False,False
MEDWAY COUNCIL,supplier,2,0.0003780718336483932,0.00022846293924491125,21,11516101.57,True,False,True
MEDWAY NHS FOUNDATION TRUST,supplier,1,0.0001890359168241966,0.0,680,386480728.75,False,True,True
MEDWYN SURGERY,supplier,1,0.0001890359168241966,0.0,6,281536.88,False,False,False
MEKON,supplier,1,0.0001890359168241966,0.0,2,136290.0,False,False,False
MELLOR J & PARTNERS,supplier,1,0.0001890359168241966,0.0,2,66680.08,False,False,False
MEMORIAL MEDICAL CENTRE,supplier,1,0.0001890359168241966,0.0,5,140229.34,False,False,False
MENDIP COUNTRY PRACTICE,supplier,1,0.0001890359168241966,0.0,20,1423513.55,False,False,False
MENDIP VALE MEDICAL PRACTICE,supplier,1,0.0001890359168241966,0.0,35,3208920.41,False,False,False
MENEAGE STREET SURGERY,supplier,1,0.0001890359168241966,0.0,17,732843.14,False,False,False
MENTAL HEALTH INNOVATIONS,supplier,1,0.0001890359168241966,0.0,12,566955.8,False,False,False
MENTAL HEALTH MATTERS,supplier,1,0.0001890359168241966,0.0,2,373345.32,False,False,False
MEON HEALTH PRACTICE,supplier,1,0.0001890359168241966,0.0,3,132827.54,False,False,False
MERCHISTON SURGERY J83001,supplier,1,0.0001890359168241966,0.0,3,86631.97,False,False,False
MERCK SHARP & DOHME,supplier,1,0.0001890359168241966,0.0,2,422056.24,False,False,False
MERIDIAN SURGERY,supplier,1,0.0001890359168241966,0.0,6,190231.41,False,False,False
MERRIMAN & PARTNERS,supplier,1,0.0001890359168241966,0.0,3,191878.1,False,False,False
MERROW PARK SURGERY,supplier,1,0.0001890359168241966,0.0,2,65321.020000000004,False,False,False
MERSEY AND WEST LANCASHIRE TEACHING HOSPITALS NHS TRUST,supplier,1,0.0001890359168241966,0.0,158,164110411.63,False,False,False
MERSEY AND WEST LANCASHIRE TEACHING HOSPITALS NHST TRUST,supplier,1,0.0001890359168241966,0.0,59,31329626.939999998,False,False,False
MERSEY CARE NHS FOUNDATION TRUST,supplier,2,0.0003780718336483932,0.0002657385677725245,635,875452410.5400001,True,True,True
MERSEY PLACE MEDICAL PRACTICE,supplier,1,0.0001890359168241966,0.0,15,666727.04,False,False,False
MERSTOW GREEN MEDICAL PRACTICE NEWCASTLE TYNE,supplier,1,0.0001890359168241966,0.0,2,60998.46,False,False,False
METADATAWORKS,supplier,1,0.0001890359168241966,0.0,3,226680.0,False,False,False
METANOIA INSTITUTE,supplier,1,0.0001890359168241966,0.0,10,1550906.0,False,False,False
METHODS ANALYTICS,supplier,1,0.0001890359168241966,0.0,40,5247402.11,False,False,False
METHODS BUSINESS AND DIGITAL TECHNOLOGY,supplier,1,0.0001890359168241966,0.0,2,140193.75,False,False,False
METROPOLITAN POLICE,supplier,1,0.0001890359168241966,0.0,12,1563882.5,False,False,False
MEVAGISSEY SURGERY,supplier,1,0.0001890359168241966,0.0,16,721591.71,False,False,False
MHFA ENGLAND CIC,supplier,1,0.0001890359168241966,0.0,2,61276.5,False,False,False
MICHAEL PAGE INTERNATIONAL RECRUITMENT,supplier,1,0.0001890359168241966,0.0,2,55293.509999999995,False,False,False
MICROLIFE HEALTH MANAGEMENT,supplier,1,0.0001890359168241966,0.0,4,513511.19999999995,False,False,False
MICROSOFT,supplier,2,0.0003780718336483932,0.00022823447630566636,60,13636918.44,True,False,True
MID AND SOUTH ESSEX FOUNDATION TRUST,supplier,1,0.0001890359168241966,0.0,665,1333478847.48,False,True,True
MID CHESHIRE HOSPITALS NHS FOUNDATION TRUST,supplier,1,0.0001890359168241966,0.0,534,155646117.07,False,True,True
MID DEVON MEDICAL PRACTICE,supplier,1,0.0001890359168241966,0.0,3,121650.27,False,False,False
MID DOWNS MEDICAL PRACTICE,supplier,1,0.0001890359168241966,0.0,18,1384816.39,False,False,False
MID ESSEX HOSPITALS SERVICES NHS TRUST,supplier,1,0.0001890359168241966,0.0,60,78134623.37,False,False,False
MID SUSSEX HEALTH CARE HURSTPIERPOINT,supplier,1,0.0001890359168241966,0.0,6,221786.22,False,False,False
MIDDLESEX UNIVERSITY,supplier,1,0.0001890359168241966,0.0,23,1774611.07,False,False,False
MIDDLEWAY SURGERY,supplier,1,0.0001890359168241966,0.0,14,705395.1,False,False,False
MIDDLEWOOD PARTNERSHIP,supplier,1,0.0001890359168241966,0.0,21,1053720.9,False,False,False
MIDLAND MEDICAL COMPANY,supplier,1,0.0001890359168241966,0.0,24,2079354.77,False,False,False
MIDLANDS DIVING CHAMBER,supplier,1,0.0001890359168241966,0.0,245,8547556.67,False,True,True
MIDLANDS MEDICAL PARTNERSHIP,supplier,1,0.0001890359168241966,0.0,3,149052.09999999998,False,False,False
MIDLANDS PARTNERSHIP NHS FOUNDATION TRUST,supplier,1,0.0001890359168241966,0.0,829,353845290.36,False,True,True
MIDWAY SURGERY,supplier,1,0.0001890359168241966,0.0,2,59422.58,False,False,False
MIH MAKE IT HAPPEN SOLUTIONS,supplier,1,0.0001890359168241966,0.0,2,70000.0,False,False,False
MILBORNE PORT SURGERY,supplier,1,0.0001890359168241966,0.0,4,215016.9,False,False,False
MILDMAY MEDICAL PRACTICE,supplier,1,0.0001890359168241966,0.0,5,231704.02000000002,False,False,False
MILESTONES,supplier,1,0.0001890359168241966,0.0,2,60125.0,False,False,False
MILL MEDICAL PRACTICE,supplier,1,0.0001890359168241966,0.0,2,53891.42,False,False,False
MILLBARN MEDICAL CENTRE,supplier,1,0.0001890359168241966,0.0,4,183706.41999999998,False,False,False
MILLBROOK SURGERY MILLBROOK GARDENS CASTLE CARY,supplier,1,0.0001890359168241966,0.0,19,1433952.91,False,False,False
MILLCROFT MEDICAL CENTRE,supplier,1,0.0001890359168241966,0.0,17,998289.23,False,False,False
MILLGATE HEALTHCARE PARTNERSHIP,supplier,1,0.0001890359168241966,0.0,22,1246010.89,False,False,False
MILLRISE MEDICAL PRACTICE,supplier,1,0.0001890359168241966,0.0,16,994500.69,False,False,False
MILLS & REEVE,supplier,1,0.0001890359168241966,0.0,7,1201173.4100000001,False,False,False
MILLSTREAM MEDICAL CENTRE,supplier,1,0.0001890359168241966,0.0,7,332535.4,False,False,False
MILLWAY MEDICAL PRACTICE,supplier,1,0.0001890359168241966,0.0,4,155509.02,False,False,False
MILLWOOD PARTNERSHIP THE,supplier,1,0.0001890359168241966,0.0,12,794589.0,False,False,False
MILTON ABBAS SURGERY,supplier,1,0.0001890359168241966,0.0,15,1170651.36,False,False,False
MILTON GATEWAY,supplier,1,0.0001890359168241966,0.0,2,71680.0,False,False,False
MILTON KEYNES COUNCIL,supplier,1,0.0001890359168241966,0.0,9,4509500.0,False,False,False
MILTON KEYNES HOSPITAL NHS FOUNDATION TRUST,supplier,1,0.0001890359168241966,0.0,627,284540239.65,False,True,True
MILTON KEYNES VISIONPLUS,supplier,1,0.0001890359168241966,0.0,27,837783.35,False,False,False
MILTON SURGERY,supplier,1,0.0001890359168241966,0.0,2,51336.17999999999,False,False,False
MINDWAVE VENTURES,supplier,1,0.0001890359168241966,0.0,8,411090.0,False,False,False
MINISTRY OF DEFENCE,supplier,1,0.0001890359168241966,0.0,28,26019536.16,False,False,False
MINISTRY OF HOUSING COMMUNITIES & LOCAL GOVERNMENT,supplier,1,0.0001890359168241966,0.0,7,679752.0800000001,False,False,False
MIRFIELD HEALTH CENTRE,supplier,1,0.0001890359168241966,0.0,5,426682.8,False,False,False
MIRFIELD MEDICAL PRACTICE,supplier,1,0.0001890359168241966,0.0,3,104795.01999999999,False,False,False
MIRIAM PRIMARY CARE,supplier,1,0.0001890359168241966,0.0,62,5424537.17,False,False,False
MISRA & BIRD,supplier,1,0.0001890359168241966,0.0,3,129185.58,False,False,False
MITCHELL A J & PARTNER,supplier,1,0.0001890359168241966,0.0,28,2210643.53,False,False,False
MITIE,supplier,1,0.0001890359168241966,0.0,4,150380.0,False,False,False
MITIE CARE AND CUSTODY,supplier,1,0.0001890359168241966,0.0,59,9462133.14,False,False,False
MLC PARTNERS,supplier,1,0.0001890359168241966,0.0,2,58891.0,False,False,False
MOAT HOUSE SURGERY,supplier,1,0.0001890359168241966,0.0,3,253963.71000000002,False,False,False
MOATFIELD SURGERY,supplier,1,0.0001890359168241966,0.0,10,1019386.5,False,False,False
MODALITY EAST SURREY MEDICAL PRACTICE H81638,supplier,1,0.0001890359168241966,0.0,4,118793.28,False,False,False
MODALITY PARTNERSHIP,supplier,1,0.0001890359168241966,0.0,15,864581.0599999999,False,False,False
MODALITY SYSTEMS,supplier,1,0.0001890359168241966,0.0,7,532906.32,False,False,False
MODBURY HEALTH CENTRE,supplier,1,0.0001890359168241966,0.0,3,103219.41,False,False,False
MOHANTY P K,supplier,1,0.0001890359168241966,0.0,28,1114013.29,False,False,False
MOIR MEDICAL CENTRE C81010,supplier,1,0.0001890359168241966,0.0,2,87504.17,False,False,False
MONITOR,supplier,1,0.0001890359168241966,0.0,5,8323595.2,False,False,False
MONOTYPE,supplier,1,0.0001890359168241966,0.0,2,347474.0,False,False,False
MONTAGUE MEDICAL PRACTICE,supplier,1,0.0001890359168241966,0.0,8,413130.77,False,False,False
MONTPELIER ESTATES,supplier,1,0.0001890359168241966,0.0,2,3353200.5,False,False,False
MONTPELIER SURGERY,supplier,1,0.0001890359168241966,0.0,3,85728.67,False,False,False
MOORFIELD HOUSE SURGERY,supplier,1,0.0001890359168241966,0.0,2,112854.0,False,False,False
MOORFIELDS EYE HOSPITAL NHS FOUNDATION TRUST,supplier,1,0.0001890359168241966,0.0,428,183914852.89000002,False,True,True
MOORHOUSE CONSULTING,supplier,2,0.0003780718336483932,0.00022823447630566636,87,10113442.27,True,False,True
MOORLANDS SURGERY,supplier,1,0.0001890359168241966,0.0,3,120961.44,False,False,False
MORECAMBE BAY PRIMARY CARE COLLABORATIVE,supplier,1,0.0001890359168241966,0.0,34,3897606.52,False,False,False
MORETON GROUP PRACTICE N85028,supplier,1,0.0001890359168241966,0.0,2,53856.3,False,False,False
MORLAND HOUSE SURGERY,supplier,1,0.0001890359168241966,0.0,9,542407.74,False,False,False
MORRAB SURGERY,supplier,1,0.0001890359168241966,0.0,15,1144161.55,False,False,False
MORRIS & PTNRS,supplier,1,0.0001890359168241966,0.0,6,294351.51,False,False,False
MORRIS HOUSE GROUP PRACTICE,supplier,1,0.0001890359168241966,0.0,6,314810.0,False,False,False
MORTIMER MEDICAL PRACTICE,supplier,1,0.0001890359168241966,0.0,2,51165.16,False,False,False
MORTIMER SURGERY,supplier,1,0.0001890359168241966,0.0,5,150318.43,False,False,False
MOSAIQUE,supplier,1,0.0001890359168241966,0.0,17,1377455.75,False,False,False
MOSBOROUGH HEALTH CENTRE,supplier,1,0.0001890359168241966,0.0,2,85920.0,False,False,False
MOSS GROVE SURGERY,supplier,1,0.0001890359168241966,0.0,21,1539790.56,False,False,False
MOSS P N B,supplier,1,0.0001890359168241966,0.0,4,318229.3,False,False,False
MOSS STREET SURGERY,supplier,1,0.0001890359168241966,0.0,2,94659.84,False,False,False
MOTT MACDONALD,supplier,1,0.0001890359168241966,0.0,305,67003851.26,False,True,True
MOULTON SURGERY,supplier,1,0.0001890359168241966,0.0,17,1314236.64,False,False,False
MOUNT CHAMBERS MEDICAL PRACTICE,supplier,1,0.0001890359168241966,0.0,39,2972191.34,False,False,False
MOUNT FARM SURGERY,supplier,1,0.0001890359168241966,0.0,2,53636.270000000004,False,False,False
MOUNT PLEASANT HEALTH CENTRE,supplier,1,0.0001890359168241966,0.0,13,816643.24,False,False,False
MOUNT STUART HOSPITAL,supplier,1,0.0001890359168241966,0.0,14,475062.4,False,False,False
MOUNT VIEW PRACTICE,supplier,1,0.0001890359168241966,0.0,5,242247.0,False,False,False
MOUNTAIN HEALTHCARE,supplier,1,0.0001890359168241966,0.0,763,76614859.15,False,True,True
MOUNTS MEDICAL CENTRE,supplier,1,0.0001890359168241966,0.0,16,1711460.26,False,False,False
MOUNTWOOD SURGERY,supplier,1,0.0001890359168241966,0.0,5,150682.37,False,False,False
MOWBRAY HOUSE SURGERY,supplier,1,0.0001890359168241966,0.0,3,141755.46,False,False,False
MTI TECHNOLOGY,supplier,2,0.0003780718336483932,0.00022823447630566636,55,5313447.85,True,False,True
MUKHERJEE & PARTNERS,supplier,1,0.0001890359168241966,0.0,44,2672101.64,False,False,False
MULBERRY AND BROOME EYECARE,supplier,1,0.0001890359168241966,0.0,4,145411.77,False,False,False
MULLA & MORIARTY,supplier,1,0.0001890359168241966,0.0,3,92679.69,False,False,False
MULLEN & PARTNERS,supplier,1,0.0001890359168241966,0.0,2,245454.9,False,False,False
MULLENLOWE LONDON,supplier,1,0.0001890359168241966,0.0,105,11407492.1,False,False,False
MULLI,supplier,1,0.0001890359168241966,0.0,10,324113.0,False,False,False
MULLION & CONSTANTINE GROUP PRACTICE,supplier,1,0.0001890359168241966,0.0,17,980829.95,False,False,False
MULTICULTURAL MARKETING CONSULTANCY,supplier,1,0.0001890359168241966,0.0,2,383700.0,False,False,False
MUNDESLEY MEDICAL CENTRE,supplier,1,0.0001890359168241966,0.0,3,79212.44,False,False,False
MURREE MEDICAL CENTRE,supplier,1,0.0001890359168241966,0.0,29,1573670.11,False,False,False
MY HEALTH,supplier,1,0.0001890359168241966,0.0,5,213758.75,False,False,False
MY MHEALTH,supplier,1,0.0001890359168241966,0.0,5,265200.0,False,False,False
MYLAN UK HEALTHCARE,supplier,1,0.0001890359168241966,0.0,18,5731390.2,False,False,False
MYWAY DIGITAL HEALTH,supplier,1,0.0001890359168241966,0.0,29,1361147.9,False,False,False
N3I,supplier,1,0.0001890359168241966,0.0,4,293333.33,False,False,False
NACRO,supplier,1,0.0001890359168241966,0.0,2,74417.0,False,False,False
NAEEM A & PARTNERS,supplier,1,0.0001890359168241966,0.0,30,2639262.85,False,False,False
NAILSEA FAMILY PRACTICE,supplier,1,0.0001890359168241966,0.0,34,2125465.31,False,False,False
NANAVATI BA,supplier,1,0.0001890359168241966,0.0,5,182097.26,False,False,False
NAPC SERVICES,supplier,1,0.0001890359168241966,0.0,10,1660462.2,False,False,False
NARROWCLIFF SURGERY,supplier,1,0.0001890359168241966,0.0,27,2123650.67,False,False,False
NASAH TF,supplier,1,0.0001890359168241966,0.0,27,786710.19,False,False,False
NATIONAL ASSOCIATION FOR VOLUNTARY AND COMMUNITY ACTION,supplier,1,0.0001890359168241966,0.0,4,336020.64,False,False,False
NATIONAL AUDIT OFFICE,supplier,1,0.0001890359168241966,0.0,26,3860000.0,False,False,False
NATIONAL AUTISTIC SOCIETY,supplier,1,0.0001890359168241966,0.0,22,4826348.78,False,False,False
NATIONAL CARE FORUM,supplier,1,0.0001890359168241966,0.0,4,175250.0,False,False,False
NATIONAL CENTRE FOR SOCIAL RESEARCH,supplier,1,0.0001890359168241966,0.0,25,9065949.46,False,False,False
NATIONAL COUNCIL FOR VOLUNTARY ORGANISATIONS,supplier,1,0.0001890359168241966,0.0,2,58800.0,False,False,False
NATIONAL DEVELOPMENT TEAM FOR INCLUSION NDTI,supplier,1,0.0001890359168241966,0.0,6,335145.0,False,False,False
NATIONAL HEALTH SERVICE RETIREMENT FELLOWSHIP,supplier,1,0.0001890359168241966,0.0,4,300000.0,False,False,False
NATIONAL INSTITUTE FOR HEALTH AND CARE EXCELLENCE,supplier,1,0.0001890359168241966,0.0,18,7860236.3100000005,False,False,False
NATIONAL INSTITUTE FOR HEALTH AND CLINICAL EXCELLENCE,supplier,1,0.0001890359168241966,0.0,113,20351741.77,False,False,False
NATIONAL OFFENDER MANAGEMENT SERVICE,supplier,1,0.0001890359168241966,0.0,1351,96357540.75,False,True,True
NATIONAL VOICES,supplier,2,0.0003780718336483932,0.00022846293924491125,9,460390.0,True,False,True
NATWEST,supplier,1,0.0001890359168241966,0.0,29,20667555.43,False,False,False
NAVIGO,supplier,1,0.0001890359168241966,0.0,47,5133569.61,False,False,False
NCC GROUP SECURITY SERVICES,supplier,1,0.0001890359168241966,0.0,2,59280.0,False,False,False
NCGPA BMC,supplier,1,0.0001890359168241966,0.0,8,1884665.0,False,False,False
NCSCT,supplier,1,0.0001890359168241966,0.0,4,133135.0,False,False,False
NDTI,supplier,1,0.0001890359168241966,0.0,16,1099169.6,False,False,False
NEC SOFTWARE SOLUTIONS UK,supplier,1,0.0001890359168241966,0.0,104,18531992.95,False,False,False
NEETSIDE SURGERY,supplier,1,0.0001890359168241966,0.0,13,594947.36,False,False,False
NELSON MEDICAL PRACTICE LONDON,supplier,1,0.0001890359168241966,0.0,9,757735.5700000001,False,False,False
NEMS COMMUNITY BENEFIT SERVICE,supplier,1,0.0001890359168241966,0.0,15,1301824.6199999999,False,False,False
NENE VALLEY SURGERY,supplier,1,0.0001890359168241966,0.0,16,693035.1699999999,False,False,False
NEONIQ TRAINING SOLUTIONS,supplier,1,0.0001890359168241966,0.0,8,388514.26999999996,False,False,False
NERDS WITH WORDS,supplier,1,0.0001890359168241966,0.0,2,63930.5,False,False,False
NESTON MEDICAL CENTRE,supplier,1,0.0001890359168241966,0.0,10,504743.98,False,False,False
NETCOMPANY UK,supplier,1,0.0001890359168241966,0.0,152,27774515.27,False,False,False
NETHERGREEN SURGERY,supplier,1,0.0001890359168241966,0.0,6,239335.9,False,False,False
NETHERTON HEALTH CENTRE,supplier,1,0.0001890359168241966,0.0,3,133488.38,False,False,False
NEW COLLEGE DURHAM,supplier,1,0.0001890359168241966,0.0,2,50261.149999999994,False,False,False
NEW COURT SURGERY,supplier,1,0.0001890359168241966,0.0,3,185784.25,False,False,False
NEW DISPENSARY,supplier,1,0.0001890359168241966,0.0,6,201154.25,False,False,False
NEW HAYESBANK SURGERY,supplier,1,0.0001890359168241966,0.0,26,2049936.6,False,False,False
NEW POND ROW PRACTICE,supplier,1,0.0001890359168241966,0.0,15,1054134.12,False,False,False
NEW RIVER HEALTH,supplier,1,0.0001890359168241966,0.0,15,874020.74,False,False,False
NEW VALLEY PRACTICE,supplier,1,0.0001890359168241966,0.0,7,532460.6,False,False,False
NEW VICTORIA HOSPITAL,supplier,1,0.0001890359168241966,0.0,121,34852988.18,False,False,False
NEW WINGS SOLUTIONS,supplier,1,0.0001890359168241966,0.0,3,268000.0,False,False,False
NEWBRIDGE CARE SYSTEMS,supplier,1,0.0001890359168241966,0.0,110,28173763.3,False,False,False
NEWBURY STREET PRACTICE,supplier,1,0.0001890359168241966,0.0,13,762657.88,False,False,False
NEWCASTLE 2 DOMICILIARY SPECSAVERS,supplier,1,0.0001890359168241966,0.0,23,937537.62,False,False,False
NEWCASTLE CITY COUNCIL,supplier,1,0.0001890359168241966,0.0,3,321700.0,False,False,False
NEWCASTLE UNIVERSITY,supplier,2,0.0003780718336483932,0.0,72,14276465.85,True,False,True
NEWCASTLE UPON TYNE HOSPITALS NHS FOUNDATION TRUST,supplier,2,0.0003780718336483932,0.0,1245,3691344425.04,True,True,True
NEWGATE MEDICAL GROUP,supplier,1,0.0001890359168241966,0.0,25,1287945.1300000001,False,False,False
NEWHAM HEALTH COLLABORATIVE,supplier,1,0.0001890359168241966,0.0,7,478233.97000000003,False,False,False
NEWMAN UNIVERSITY,supplier,1,0.0001890359168241966,0.0,3,114229.0,False,False,False
NEWMARKET HOUSE HEALTHCARE,supplier,1,0.0001890359168241966,0.0,32,4222528.7299999995,False,False,False
NEWPORT HEALTH CENTRE,supplier,1,0.0001890359168241966,0.0,3,117869.9,False,False,False
NEWPORT N G & PARTNER,supplier,1,0.0001890359168241966,0.0,27,1024193.46,False,False,False
NEWPORT PAGNELL MEDICAL CENTRE,supplier,1,0.0001890359168241966,0.0,9,415315.75,False,False,False
NEWPORT SHROPSHIRE SPECSAVERS,supplier,1,0.0001890359168241966,0.0,2,54423.64,False,False,False
NEWQUAY HEALTH CENTRE,supplier,1,0.0001890359168241966,0.0,16,1505252.75,False,False,False
NEWTON DRIVE HEALTH CENTRE,supplier,1,0.0001890359168241966,0.0,8,474809.42,False,False,False
NEWTON EUROPE,supplier,1,0.0001890359168241966,0.0,8,2807808.7199999997,False,False,False
NEWTON MEDICAL CENTRE,supplier,1,0.0001890359168241966,0.0,2,160348.5,False,False,False
NEWTON PLACE SURGERY,supplier,1,0.0001890359168241966,0.0,15,1140127.0,False,False,False
NEWTOWN & CAISTER MEDICAL PRACTICE,supplier,1,0.0001890359168241966,0.0,7,275208.47,False,False,False
NEXUS HEALTH GROUP,supplier,1,0.0001890359168241966,0.0,17,806750.46,False,False,False
NGAN CY,supplier,1,0.0001890359168241966,0.0,18,1401614.78,False,False,False
NHCFTLET,supplier,1,0.0001890359168241966,0.0,41,61100998.39,False,False,False
NHFM,supplier,1,0.0001890359168241966,0.0,3,3491400.0,False,False,False
NHS AIREDALE WHARFEDALE AND CRAVEN CCG,supplier,1,0.0001890359168241966,0.0,8,535390.65,False,False,False
NHS ASHFORD CCG,supplier,1,0.0001890359168241966,0.0,5,1185307.0,False,False,False
NHS BARKING & DAGENHAM CCG,supplier,1,0.0001890359168241966,0.0,7,2407358.26,False,False,False
NHS BARNET CCG,supplier,1,0.0001890359168241966,0.0,5,1434805.96,False,False,False
NHS BARNSLEY CCG,supplier,1,0.0001890359168241966,0.0,18,3233420.18,False,False,False
NHS BASILDON AND BRENTWOOD CCG,supplier,1,0.0001890359168241966,0.0,40,7707207.83,False,False,False
NHS BASSETLAW CCG,supplier,1,0.0001890359168241966,0.0,16,1474847.92,False,False,False
NHS BATH AND NORTH EAST SOMERSET CCG,supplier,1,0.0001890359168241966,0.0,20,2089694.44,False,False,False
NHS BATH AND NORTH EAST SOMERSET SWINDON AND WILTSHIRE CCG,supplier,1,0.0001890359168241966,0.0,62,16246882.11,False,False,False
NHS BATH AND NORTH EAST SOMERSET SWINDON AND WILTSHIRE ICB,supplier,1,0.0001890359168241966,0.0,61,15471918.93,False,False,False
NHS BEDFORDSHIRE CCG,supplier,1,0.0001890359168241966,0.0,51,18316798.84,False,False,False
NHS BEDFORDSHIRE LUTON & MILTON KEYNES CCG,supplier,1,0.0001890359168241966,0.0,40,10231500.47,False,False,False
NHS BEDFORDSHIRE LUTON AND MILTON KEYNES ICB,supplier,1,0.0001890359168241966,0.0,45,19778408.87,False,False,False
NHS BERKSHIRE WEST CCG,supplier,1,0.0001890359168241966,0.0,38,10061999.12,False,False,False
NHS BEXLEY CCG,supplier,1,0.0001890359168241966,0.0,12,1665169.04,False,False,False
NHS BIRMINGHAM & SOLIHULL CCG,supplier,1,0.0001890359168241966,0.0,66,35218647.28,False,False,False
NHS BIRMINGHAM AND SOLIHULL ICB,supplier,1,0.0001890359168241966,0.0,39,12781622.82,False,False,False
NHS BLACK COUNTRY AND WEST BIRMINGHAM CCG,supplier,1,0.0001890359168241966,0.0,28,7362985.0200000005,False,False,False
NHS BLACKBURN WITH DARWEN CCG,supplier,1,0.0001890359168241966,0.0,29,6121212.5,False,False,False
NHS BLACKPOOL CCG,supplier,1,0.0001890359168241966,0.0,17,4177200.2399999998,False,False,False
NHS BLOOD AND TRANSPLANT,supplier,2,0.0003780718336483932,0.0,15,1124860.46,True,False,True
NHS BOLTON CCG,supplier,1,0.0001890359168241966,0.0,33,6012540.68,False,False,False
NHS BRENT CCG,supplier,1,0.0001890359168241966,0.0,27,9662552.69,False,False,False
NHS BRIGHTON & HOVE CCG,supplier,1,0.0001890359168241966,0.0,51,14793298.139999999,False,False,False
NHS BRISTOL N SOMERSET S GLOS CCG,supplier,1,0.0001890359168241966,0.0,156,36456074.84,False,False,False
NHS BRISTOL NORTH SOMERSET AND SOUTH GLOUCESTERSHIRE ICB,supplier,2,0.0003780718336483932,0.00022823447630566636,92,24797810.45,True,False,True
NHS BROMLEY CCG,supplier,1,0.0001890359168241966,0.0,11,2871673.44,False,False,False
NHS BUCKINGHAMSHIRE CCG,supplier,1,0.0001890359168241966,0.0,69,18243046.21,False,False,False
NHS BUCKINGHAMSHIRE OXFORDSHIRE AND BERKSHIRE WEST ICB,supplier,1,0.0001890359168241966,0.0,45,19216609.9,False,False,False
NHS BURY CCG,supplier,1,0.0001890359168241966,0.0,23,4316050.31,False,False,False
NHS CALDERDALE CCG,supplier,1,0.0001890359168241966,0.0,29,5757332.97,False,False,False
NHS CAMBRIDGESHIRE AND PETERBOROUGH CCG,supplier,1,0.0001890359168241966,0.0,73,33915308.07,False,False,False
NHS CAMBRIDGESHIRE AND PETERBOROUGHICB,supplier,1,0.0001890359168241966,0.0,39,16393093.57,False,False,False
NHS CANNOCK CHASE CCG,supplier,1,0.0001890359168241966,0.0,14,2415756.88,False,False,False
NHS CANTERBURY AND COASTAL CCG,supplier,1,0.0001890359168241966,0.0,9,2790732.07,False,False,False
NHS CASTLE POINT AND ROCHFORD CCG,supplier,1,0.0001890359168241966,0.0,66,11411560.66,False,False,False
NHS CENTRAL LONDON WESTMINSTER CCG,supplier,1,0.0001890359168241966,0.0,17,7382604.44,False,False,False
NHS CHESHIRE AND MERSEYSIDE ICB,supplier,2,0.0003780718336483932,0.00022823447630566636,91,45431742.03,True,False,True
NHS CHESHIRE CCG,supplier,1,0.0001890359168241966,0.0,41,15614391.27,False,False,False
NHS CHORLEY AND SOUTH RIBBLE CCG,supplier,1,0.0001890359168241966,0.0,21,4255239.43,False,False,False
NHS COASTAL WEST SUSSEX CCG,supplier,1,0.0001890359168241966,0.0,15,8438706.56,False,False,False
NHS CONFEDERATION,supplier,1,0.0001890359168241966,0.0,134,26813038.47,False,False,False
NHS CORBY CCG,supplier,1,0.0001890359168241966,0.0,5,230311.3,False,False,False
NHS CORNWALL AND THE ISLES OF SCILLY ICB,supplier,1,0.0001890359168241966,0.0,44,12888144.84,False,False,False
NHS COUNTY DURHAM CCG,supplier,2,0.0003780718336483932,0.0,13,6842069.24,True,False,True
NHS COVENTRY & WARWICKSHIRE CCG,supplier,1,0.0001890359168241966,0.0,13,6052216.11,False,False,False
NHS COVENTRY AND RUGBY CCG,supplier,1,0.0001890359168241966,0.0,29,9889256.41,False,False,False
NHS COVENTRY AND WARWICKSHIRE ICB,supplier,1,0.0001890359168241966,0.0,31,13671931.51,False,False,False
NHS CRAWLEY CCG,supplier,1,0.0001890359168241966,0.0,8,1386267.23,False,False,False
NHS DARLINGTON CCG,supplier,2,0.0003780718336483932,0.0,7,828724.99,True,False,True
NHS DARTFORD GRAVESHAM AND SWANLEY CCG,supplier,1,0.0001890359168241966,0.0,9,3240192.78,False,False,False
NHS DERBY & DERBYSHIRE CCG,supplier,2,0.0003780718336483932,0.0,57,20028510.97,True,False,True
NHS DERBY AND DERBYSHIRE ICB,supplier,2,0.0003780718336483932,0.0,38,13565503.91,True,False,True
NHS DEVON CCG,supplier,1,0.0001890359168241966,0.0,144,53283060.78,False,False,False
NHS DEVON ICB,supplier,1,0.0001890359168241966,0.0,77,20234146.91,False,False,False
NHS DIGITAL,supplier,1,0.0001890359168241966,0.0,67,23928568.5,False,False,False
NHS DONCASTER CCG,supplier,1,0.0001890359168241966,0.0,17,5514170.23,False,False,False
NHS DORSET CCG,supplier,1,0.0001890359168241966,0.0,109,21834103.88,False,False,False
NHS DORSET ICB,supplier,1,0.0001890359168241966,0.0,40,12644423.24,False,False,False
NHS DUDLEY CCG,supplier,1,0.0001890359168241966,0.0,11,3928343.28,False,False,False
NHS DURHAM DALES EASINGTON AND SEDGEFIELD CCG,supplier,1,0.0001890359168241966,0.0,5,1446140.97,False,False,False
NHS EALING CCG,supplier,1,0.0001890359168241966,0.0,16,3952434.42,False,False,False
NHS EAST AND NORTH HERTFORDSHIRE CCG,supplier,1,0.0001890359168241966,0.0,81,19575660.04,False,False,False
NHS EAST BERKSHIRE CCG,supplier,1,0.0001890359168241966,0.0,27,9318216.91,False,False,False
NHS EAST LANCASHIRE CCG,supplier,1,0.0001890359168241966,0.0,36,9551199.68,False,False,False
NHS EAST LEICESTERSHIRE AND RUTLAND CCG,supplier,1,0.0001890359168241966,0.0,34,8378514.47,False,False,False
NHS EAST RIDING OF YORKSHIRE CCG,supplier,1,0.0001890359168241966,0.0,32,5093795.2,False,False,False
NHS EAST STAFFORDSHIRE CCG,supplier,1,0.0001890359168241966,0.0,16,1849777.32,False,False,False
NHS EAST SURREY CCG,supplier,1,0.0001890359168241966,0.0,10,2820532.11,False,False,False
NHS EAST SUSSEX CCG,supplier,2,0.0003780718336483932,0.00022823447630566636,12,5730975.76,True,False,True
NHS EASTBOURNE HAILSHAM AND SEAFORD CCG,supplier,1,0.0001890359168241966,0.0,3,1209930.76,False,False,False
NHS EASTERN CHESHIRE CCG,supplier,1,0.0001890359168241966,0.0,12,3589107.29,False,False,False
NHS ENFIELD CCG,supplier,1,0.0001890359168241966,0.0,7,2057457.0,False,False,False
NHS EREWASH CCG,supplier,1,0.0001890359168241966,0.0,3,145294.11,False,False,False
NHS FAREHAM AND GOSPORT CCG,supplier,1,0.0001890359168241966,0.0,18,3453959.13,False,False,False
NHS FRIMLEY CCG,supplier,1,0.0001890359168241966,0.0,26,7250532.859999999,False,False,False
NHS FRIMLEY ICB,supplier,2,0.0003780718336483932,0.00022823447630566636,46,17752073.5,True,False,True
NHS FYLDE & WYRE CCG,supplier,1,0.0001890359168241966,0.0,20,5751625.85,False,False,False
NHS GLOUCESTERSHIRE CCG,supplier,1,0.0001890359168241966,0.0,91,20443123.53,False,False,False
NHS GLOUCESTERSHIRE ICB,supplier,2,0.0003780718336483932,0.00022823447630566636,40,10856754.88,True,False,True
NHS GRAMPIAN,supplier,1,0.0001890359168241966,0.0,7,1430009.0,False,False,False
NHS GREAT YARMOUTH & WAVENEY CCG,supplier,1,0.0001890359168241966,0.0,7,1044982.84,False,False,False
NHS GREATER GLASGOW AND CLYDE,supplier,1,0.0001890359168241966,0.0,12,1239703.0,False,False,False
NHS GREATER HUDDERSFIELD CCG,supplier,1,0.0001890359168241966,0.0,16,2844119.11,False,False,False
NHS GREATER PRESTON CCG,supplier,1,0.0001890359168241966,0.0,21,4355077.28,False,False,False
NHS GREENWICH CCG,supplier,1,0.0001890359168241966,0.0,13,3453231.88,False,False,False
NHS GUILDFORD AND WAVERLEY CCG,supplier,1,0.0001890359168241966,0.0,29,5714073.0,False,False,False
NHS HALTON CCG,supplier,1,0.0001890359168241966,0.0,25,3417895.2,False,False,False
NHS HAMBLETON RICHMONDSHIRE AND WHITBY CCG,supplier,1,0.0001890359168241966,0.0,7,896057.8,False,False,False
NHS HAMMERSMITH AND FULHAM CCG,supplier,1,0.0001890359168241966,0.0,11,2014334.06,False,False,False
NHS HAMPSHIRE AND ISLE OF WIGHT ICB,supplier,2,0.0003780718336483932,0.00022823447630566636,71,27590781.09,True,False,True
NHS HAMPSHIRE SOUTHAMPTON AND ISLE OF WIGHT CCG,supplier,1,0.0001890359168241966,0.0,27,9305608.13,False,False,False
NHS HARDWICK CCG,supplier,1,0.0001890359168241966,0.0,2,123987.45000000001,False,False,False
NHS HARINGEY CCG,supplier,1,0.0001890359168241966,0.0,9,1932486.48,False,False,False
NHS HARROGATE AND RURAL DISTRICT CCG,supplier,1,0.0001890359168241966,0.0,12,3466936.82,False,False,False
NHS HARROW CCG,supplier,1,0.0001890359168241966,0.0,6,2470955.48,False,False,False
NHS HARTLEPOOL AND STOCKTONONTEES CCG,supplier,1,0.0001890359168241966,0.0,7,1590772.59,False,False,False
NHS HASTINGS & ROTHER CCG,supplier,1,0.0001890359168241966,0.0,8,1424607.05,False,False,False
NHS HAVERING CCG,supplier,1,0.0001890359168241966,0.0,7,2859593.44,False,False,False
NHS HEREFORDSHIRE AND WORCESTERSHIRE ICB,supplier,1,0.0001890359168241966,0.0,30,12964011.84,False,False,False
NHS HEREFORDSHIRE CCG,supplier,1,0.0001890359168241966,0.0,11,2190222.64,False,False,False
NHS HERTFORDSHIRE AND WEST ESSEX ICB,supplier,2,0.0003780718336483932,0.00022823447630566636,83,30088499.73,True,False,True
NHS HERTS VALLEYS CCG,supplier,1,0.0001890359168241966,0.0,47,15864660.76,False,False,False
NHS HEYWOOD MIDDLETON & ROCHDALE CCG,supplier,1,0.0001890359168241966,0.0,22,2928680.95,False,False,False
NHS HIGH WEALD LEWES HAVENS CCG,supplier,2,0.0003780718336483932,0.00022823447630566636,22,2699766.37,True,False,True
NHS HILLINGDON CCG,supplier,1,0.0001890359168241966,0.0,11,2792977.8200000003,False,False,False
NHS HORSHAM AND MID SUSSEX CCG,supplier,1,0.0001890359168241966,0.0,12,2986465.7,False,False,False
NHS HOUNSLOW CCG,supplier,1,0.0001890359168241966,0.0,7,2507056.39,False,False,False
NHS HULL CCG,supplier,1,0.0001890359168241966,0.0,17,3830941.88,False,False,False
NHS HUMBER AND NORTH YORKSHIRE ICB,supplier,2,0.0003780718336483932,0.0,82,28782076.75,True,False,True
NHS IPSWICH AND EAST SUFFOLK CCG,supplier,1,0.0001890359168241966,0.0,47,9614410.14,False,False,False
NHS ISLE OF WIGHT CCG,supplier,1,0.0001890359168241966,0.0,15,3872977.14,False,False,False
NHS ISLINGTON CCG,supplier,1,0.0001890359168241966,0.0,16,2262653.07,False,False,False
NHS KENT AND MEDWAY CCG,supplier,1,0.0001890359168241966,0.0,51,28758669.84,False,False,False
NHS KENT AND MEDWAY ICB,supplier,1,0.0001890359168241966,0.0,96,33371372.28,False,False,False
NHS KERNOW CCG,supplier,1,0.0001890359168241966,0.0,87,32163358.78,False,False,False
NHS KINGSTON CCG,supplier,1,0.0001890359168241966,0.0,4,785363.17,False,False,False
NHS KIRKLEES CCG,supplier,1,0.0001890359168241966,0.0,10,1415065.0899999999,False,False,False
NHS KNOWSLEY CCG,supplier,1,0.0001890359168241966,0.0,41,5061987.38,False,False,False
NHS LAMBETH CCG,supplier,1,0.0001890359168241966,0.0,23,3732809.4699999997,False,False,False
NHS LANCASHIRE AND SOUTH CUMBRIA ICB,supplier,1,0.0001890359168241966,0.0,59,27252156.28,False,False,False
NHS LEEDS CCG,supplier,1,0.0001890359168241966,0.0,47,14672009.56,False,False,False
NHS LEICESTER CITY CCG,supplier,1,0.0001890359168241966,0.0,26,5687031.6,False,False,False
NHS LEICESTER LEICESTERSHIRE AND RUTLAND ICB,supplier,1,0.0001890359168241966,0.0,23,11809182.08,False,False,False
NHS LEWISHAM CCG,supplier,1,0.0001890359168241966,0.0,9,2204073.7,False,False,False
NHS LINCOLNSHIRE CCG,supplier,1,0.0001890359168241966,0.0,61,16425145.44,False,False,False
NHS LINCOLNSHIRE EAST CCG,supplier,2,0.0003780718336483932,0.0,21,3673132.55,True,False,True
NHS LINCOLNSHIRE ICB,supplier,1,0.0001890359168241966,0.0,35,12818391.4,False,False,False
NHS LINCOLNSHIRE WEST CCG,supplier,1,0.0001890359168241966,0.0,11,1142530.71,False,False,False
NHS LIVERPOOL CCG,supplier,1,0.0001890359168241966,0.0,65,15929617.64,False,False,False
NHS LOTHIAN,supplier,1,0.0001890359168241966,0.0,36,5843209.85,False,False,False
NHS LUTON CCG,supplier,1,0.0001890359168241966,0.0,40,3461571.61,False,False,False
NHS MANCHESTER CCG,supplier,1,0.0001890359168241966,0.0,73,16580881.540000001,False,False,False
NHS MANSFIELD & ASHFIELD CCG,supplier,1,0.0001890359168241966,0.0,6,701274.4299999999,False,False,False
NHS MEDWAY CCG,supplier,1,0.0001890359168241966,0.0,8,1506312.58,False,False,False
NHS MERTON CCG,supplier,1,0.0001890359168241966,0.0,8,1444692.92,False,False,False
NHS MID AND SOUTH ESSEX ICB,supplier,1,0.0001890359168241966,0.0,65,19605577.04,False,False,False
NHS MID ESSEX CCG,supplier,1,0.0001890359168241966,0.0,23,9028328.11,False,False,False
NHS MILTON KEYNES CCG,supplier,1,0.0001890359168241966,0.0,28,5230933.86,False,False,False
NHS MORECAMBE BAY CCG,supplier,2,0.0003780718336483932,0.0,34,12349044.879999999,True,False,True
NHS NATIONAL SERVICES SCOTLAND,supplier,1,0.0001890359168241966,0.0,5,1636105.0,False,False,False
NHS NEWARK & SHERWOOD CCG,supplier,1,0.0001890359168241966,0.0,5,519784.18,False,False,False
NHS NEWCASTLE GATESHEAD CCG,supplier,2,0.0003780718336483932,0.0,29,9676252.01,True,False,True
NHS NORFOLK & WAVENEY CCG,supplier,1,0.0001890359168241966,0.0,80,27971518.19,False,False,False
NHS NORFOLK AND WAVENEYICB,supplier,1,0.0001890359168241966,0.0,61,23878420.42,False,False,False
NHS NORTH CENTRAL LONDON ICB,supplier,3,0.0005671077504725899,0.00023530675576013268,73,31627478.26,True,False,True
NHS NORTH CUMBRIA CCG,supplier,2,0.0003780718336483932,0.0,43,10889770.16,True,False,True
NHS NORTH DERBYSHIRE CCG,supplier,1,0.0001890359168241966,0.0,4,522093.0,False,False,False
NHS NORTH DURHAM CCG,supplier,1,0.0001890359168241966,0.0,11,1791974.17,False,False,False
NHS NORTH EAST AND NORTH CUMBRIA ICB,supplier,2,0.0003780718336483932,0.0,85,27126514.48,True,False,True
NHS NORTH EAST ESSEX CCG,supplier,1,0.0001890359168241966,0.0,42,9674765.93,False,False,False
NHS NORTH EAST HAMPSHIRE AND FARNHAM CCG,supplier,2,0.0003780718336483932,0.00022846293924491125,13,2827437.9800000004,True,False,True
NHS NORTH EAST LINCOLNSHIRE CCG,supplier,1,0.0001890359168241966,0.0,51,13051447.08,False,False,False
NHS NORTH EAST WEST DEVON CCG,supplier,1,0.0001890359168241966,0.0,19,5499182.470000001,False,False,False
NHS NORTH HAMPSHIRE CCG,supplier,1,0.0001890359168241966,0.0,23,10822119.57,False,False,False
NHS NORTH KIRKLEES CCG,supplier,1,0.0001890359168241966,0.0,14,2189430.4,False,False,False
NHS NORTH LINCOLNSHIRE CCG,supplier,1,0.0001890359168241966,0.0,26,4738588.13,False,False,False
NHS NORTH NORFOLK CCG,supplier,1,0.0001890359168241966,0.0,12,4298088.98,False,False,False
NHS NORTH STAFFORDSHIRE CCG,supplier,1,0.0001890359168241966,0.0,17,3157401.27,False,False,False
NHS NORTH TYNESIDE CCG,supplier,2,0.0003780718336483932,0.0,28,4677060.34,True,False,True
NHS NORTH WEST LONDON CCG,supplier,1,0.0001890359168241966,0.0,29,12560625.78,False,False,False
NHS NORTH WEST LONDON ICB,supplier,1,0.0001890359168241966,0.0,43,26097232.05,False,False,False
NHS NORTH WEST SURREY CCG,supplier,1,0.0001890359168241966,0.0,9,3953145.0,False,False,False
NHS NORTH YORKSHIRE CCG,supplier,2,0.0003780718336483932,0.0,36,6965707.83,True,False,True
NHS NORTHUMBERLAND CCG,supplier,2,0.0003780718336483932,0.0,20,6005960.32,True,False,True
NHS NORWICH CCG,supplier,1,0.0001890359168241966,0.0,16,3952661.2600000002,False,False,False
NHS NOTTINGHAM AND NOTTINGHAMSHIRE CCG,supplier,1,0.0001890359168241966,0.0,16,11915400.21,False,False,False
NHS NOTTINGHAM AND NOTTINGHAMSHIRE ICB,supplier,1,0.0001890359168241966,0.0,39,13057222.22,False,False,False
NHS NOTTINGHAM CITY CCG,supplier,1,0.0001890359168241966,0.0,7,914418.94,False,False,False
NHS NOTTINGHAM NORTH & EAST CCG,supplier,1,0.0001890359168241966,0.0,4,543653.8200000001,False,False,False
NHS NOTTINGHAM WEST CCG,supplier,1,0.0001890359168241966,0.0,4,424636.52,False,False,False
NHS OLDHAM CCG,supplier,1,0.0001890359168241966,0.0,64,10673111.19,False,False,False
NHS OXFORDSHIRE CCG,supplier,1,0.0001890359168241966,0.0,71,15944584.93,False,False,False
NHS PORTSMOUTH CCG,supplier,1,0.0001890359168241966,0.0,19,2552829.84,False,False,False
NHS PROFESSIONALS,supplier,1,0.0001890359168241966,0.0,19,24325178.4,False,False,False
NHS PROVIDERS,supplier,3,0.0005671077504725899,0.0005035678876144831,24,2971267.6,True,False,True
NHS REDDITCH AND BROMSGROVE CCG,supplier,1,0.0001890359168241966,0.0,6,1884840.0,False,False,False
NHS RESOLUTION,supplier,2,0.0003780718336483932,0.0,59,53761997.46,True,False,True
NHS RICHMOND CCG,supplier,1,0.0001890359168241966,0.0,7,1737454.0899999999,False,False,False
NHS ROTHERHAM CCG,supplier,1,0.0001890359168241966,0.0,32,6776074.81,False,False,False
NHS RUSHCLIFFE CCG,supplier,1,0.0001890359168241966,0.0,5,572363.92,False,False,False
NHS SALFORD CCG,supplier,1,0.0001890359168241966,0.0,40,5024056.8,False,False,False
NHS SANDWELL AND WEST BIRMINGHAM CCG,supplier,1,0.0001890359168241966,0.0,18,6740357.21,False,False,False
NHS SCARBOROUGH AND RYEDALE CCG,supplier,1,0.0001890359168241966,0.0,14,1643440.83,False,False,False
NHS SHEFFIELD CCG,supplier,1,0.0001890359168241966,0.0,33,13374764.72,False,False,False
NHS SHROPSHIRE CCG,supplier,1,0.0001890359168241966,0.0,36,6642497.36,False,False,False
NHS SHROPSHIRE TELFORD AND WREKIN CCG,supplier,1,0.0001890359168241966,0.0,28,4797336.2700000005,False,False,False
NHS SHROPSHIRE TELFORD AND WREKIN ICB,supplier,2,0.0003780718336483932,0.00026547282920475195,46,9010193.26,True,False,True
NHS SOMERSET CCG,supplier,1,0.0001890359168241966,0.0,96,26108245.13,False,False,False
NHS SOMERSET ICB,supplier,2,0.0003780718336483932,0.00022823447630566636,41,8972763.24,True,False,True
NHS SOUTH CHESHIRE CCG,supplier,1,0.0001890359168241966,0.0,3,755441.01,False,False,False
NHS SOUTH DEVON AND TORBAY CCG,supplier,1,0.0001890359168241966,0.0,11,1954660.6300000001,False,False,False
NHS SOUTH EAST LONDON ICB,supplier,1,0.0001890359168241966,0.0,53,22338313.82,False,False,False
NHS SOUTH EAST STAFFS AND SEISDON PENINSULAR CCG,supplier,1,0.0001890359168241966,0.0,23,4217409.99,False,False,False
NHS SOUTH EASTERN HAMPSHIRE CCG,supplier,1,0.0001890359168241966,0.0,26,7430578.91,False,False,False
NHS SOUTH KENT COAST CCG,supplier,1,0.0001890359168241966,0.0,7,2415522.27,False,False,False
NHS SOUTH LINCOLNSHIRE CCG,supplier,1,0.0001890359168241966,0.0,9,814872.52,False,False,False
NHS SOUTH NORFOLK CCG,supplier,1,0.0001890359168241966,0.0,15,4328514.57,False,False,False
NHS SOUTH SEFTON CCG,supplier,1,0.0001890359168241966,0.0,45,6972157.39,False,False,False
NHS SOUTH TEES CCG,supplier,2,0.0003780718336483932,0.0,6,2058742.13,True,False,True
NHS SOUTH TYNESIDE CCG,supplier,2,0.0003780718336483932,0.0,15,2925168.04,True,False,True
NHS SOUTH WARWICKSHIRE CCG,supplier,1,0.0001890359168241966,0.0,42,9437031.16,False,False,False
NHS SOUTH WEST LINCOLNSHIRE CCG,supplier,1,0.0001890359168241966,0.0,10,1099800.87,False,False,False
NHS SOUTH WEST LONDON CCG,supplier,1,0.0001890359168241966,0.0,36,22608489.11,False,False,False
NHS SOUTH WORCESTERSHIRE CCG,supplier,1,0.0001890359168241966,0.0,16,4923061.390000001,False,False,False
NHS SOUTH YORKSHIRE ICB,supplier,1,0.0001890359168241966,0.0,57,17411367.39,False,False,False
NHS SOUTHAMPTON CCG,supplier,1,0.0001890359168241966,0.0,10,2033457.64,False,False,False
NHS SOUTHEND CCG,supplier,1,0.0001890359168241966,0.0,46,8398636.62,False,False,False
NHS SOUTHERN DERBYSHIRE CCG,supplier,1,0.0001890359168241966,0.0,2,242554.08,False,False,False
NHS SOUTHPORT AND FORMBY CCG,supplier,1,0.0001890359168241966,0.0,40,5011831.39,False,False,False
NHS ST HELENS CCG,supplier,1,0.0001890359168241966,0.0,30,6851598.35,False,False,False
NHS STAFFORD AND SURROUNDS CCG,supplier,1,0.0001890359168241966,0.0,23,9577807.08,False,False,False
NHS STAFFORDSHIRE AND STOKE ON TRENT ICB,supplier,1,0.0001890359168241966,0.0,32,12422584.41,False,False,False
NHS STOCKPORT CCG,supplier,1,0.0001890359168241966,0.0,29,5052534.36,False,False,False
NHS STOKE ON TRENT CCG,supplier,1,0.0001890359168241966,0.0,25,8242845.74,False,False,False
NHS SUFFOLK AND NORTH EAST ESSEX ICB,supplier,1,0.0001890359168241966,0.0,85,27146287.65,False,False,False
NHS SUNDERLAND CCG,supplier,2,0.0003780718336483932,0.0,28,8312926.48,True,False,True
NHS SURREY DOWNS CCG,supplier,1,0.0001890359168241966,0.0,12,3995913.6799999997,False,False,False
NHS SURREY HEARTLANDS CCG,supplier,2,0.0003780718336483932,0.00022823447630566636,52,17942202.36,True,False,True
NHS SURREY HEARTLANDS ICB,supplier,1,0.0001890359168241966,0.0,50,15981094.58,False,False,False
NHS SURREY HEATH CCG,supplier,1,0.0001890359168241966,0.0,14,1255609.77,False,False,False
NHS SUSSEX ICB,supplier,1,0.0001890359168241966,0.0,60,24384799.45,False,False,False
NHS SUTTON CCG,supplier,1,0.0001890359168241966,0.0,9,1875528.72,False,False,False
NHS SWALE CCG,supplier,1,0.0001890359168241966,0.0,11,1394282.73,False,False,False
NHS SWINDON CCG,supplier,1,0.0001890359168241966,0.0,21,2634863.99,False,False,False
NHS TAMESIDE AND GLOSSOP CCG,supplier,1,0.0001890359168241966,0.0,40,4045235.92,False,False,False
NHS TEES VALLEY CCG,supplier,2,0.0003780718336483932,0.0,13,6809776.93,True,False,True
NHS TELFORD & WREKIN CCG,supplier,1,0.0001890359168241966,0.0,26,3863009.1,False,False,False
NHS THANET CCG,supplier,1,0.0001890359168241966,0.0,7,1907049.01,False,False,False
NHS THURROCK CCG,supplier,1,0.0001890359168241966,0.0,29,4321649.93,False,False,False
NHS TOWER HAMLETS CCG,supplier,1,0.0001890359168241966,0.0,30,9948279.02,False,False,False
NHS TRAFFORD CCG,supplier,1,0.0001890359168241966,0.0,56,15527457.040000001,False,False,False
NHS TRUST DEVELOPMENT AUTHORITY,supplier,2,0.0003780718336483932,0.0,40,31385063.740000002,True,False,True
NHS VALE OF YORK CCG,supplier,2,0.0003780718336483932,0.0,40,8989551.93,True,False,True
NHS VALE ROYAL CCG,supplier,1,0.0001890359168241966,0.0,3,578263.9,False,False,False
NHS WAKEFIELD CCG,supplier,1,0.0001890359168241966,0.0,32,7958431.42,False,False,False
NHS WALSALL CCG,supplier,1,0.0001890359168241966,0.0,22,5502590.34,False,False,False
NHS WALTHAM FOREST CCG,supplier,1,0.0001890359168241966,0.0,14,3511915.59,False,False,False
NHS WANDSWORTH CCG,supplier,1,0.0001890359168241966,0.0,19,6245569.24,False,False,False
NHS WARRINGTON CCG,supplier,1,0.0001890359168241966,0.0,31,6504322.38,False,False,False
NHS WARWICKSHIRE NORTH CCG,supplier,1,0.0001890359168241966,0.0,21,5190293.73,False,False,False
NHS WEST CHESHIRE CCG,supplier,1,0.0001890359168241966,0.0,19,5990760.19,False,False,False
NHS WEST ESSEX CCG,supplier,1,0.0001890359168241966,0.0,41,8101375.91,False,False,False
NHS WEST HAMPSHIRE CCG,supplier,1,0.0001890359168241966,0.0,35,6426571.62,False,False,False
NHS WEST KENT CCG,supplier,1,0.0001890359168241966,0.0,21,8791593.629999999,False,False,False
NHS WEST LANCASHIRE CCG,supplier,1,0.0001890359168241966,0.0,17,2110846.85,False,False,False
NHS WEST LEICESTERSHIRE CCG,supplier,1,0.0001890359168241966,0.0,32,9046865.64,False,False,False
NHS WEST LONDON K&C & QPP CCG,supplier,1,0.0001890359168241966,0.0,6,2103011.89,False,False,False
NHS WEST NORFOLK CCG,supplier,1,0.0001890359168241966,0.0,13,1773438.9200000002,False,False,False
NHS WEST SUFFOLK CCG,supplier,1,0.0001890359168241966,0.0,54,17626767.23,False,False,False
NHS WEST SUSSEX CCG,supplier,1,0.0001890359168241966,0.0,17,8887484.13,False,False,False
NHS WEST YORKSHIRE ICB,supplier,1,0.0001890359168241966,0.0,87,29481671.6,False,False,False
NHS WIGAN BOROUGH CCG,supplier,1,0.0001890359168241966,0.0,31,12133616.15,False,False,False
NHS WILTSHIRE CCG,supplier,1,0.0001890359168241966,0.0,30,5083286.93,False,False,False
NHS WIRRAL CCG,supplier,1,0.0001890359168241966,0.0,36,11343946.73,False,False,False
NHS WOLVERHAMPTON CCG,supplier,1,0.0001890359168241966,0.0,28,5262606.100000001,False,False,False
NHS WYRE FOREST CCG,supplier,1,0.0001890359168241966,0.0,3,540868.0,False,False,False
NHSOLUTIONS,supplier,1,0.0001890359168241966,0.0,3,325299.0,False,False,False
NICHE HEALTH & SOCIAL CARE CONSULTING,supplier,1,0.0001890359168241966,0.0,89,4117561.19,False,False,False
NLA MEDIA ACCESS,supplier,1,0.0001890359168241966,0.0,9,591722.59,False,False,False
NOA GIRLS,supplier,1,0.0001890359168241966,0.0,2,53003.0,False,False,False
NOAHS ARK CHILDRENS HOSPICE,supplier,1,0.0001890359168241966,0.0,5,1942154.0,False,False,False
NOAK BRIDGE MEDICAL CENTRE,supplier,1,0.0001890359168241966,0.0,27,1230684.33,False,False,False
NOMENSA,supplier,1,0.0001890359168241966,0.0,5,311244.0,False,False,False
NORBURY HEALTH CENTRE,supplier,1,0.0001890359168241966,0.0,4,122375.36,False,False,False
NORFOLK & NORWICH UNIVERSITY HOSPITALS NHS FOUNDATION TRUST,supplier,1,0.0001890359168241966,0.0,902,1223639453.29,False,True,True
NORFOLK & SUFFOLK NHS FOUNDATION TRUST,supplier,1,0.0001890359168241966,0.0,447,143248372.48,False,True,True
NORFOLK COMMUNITY HEALTH AND CARE NHS TRUST,supplier,1,0.0001890359168241966,0.0,173,58992693.4,False,False,False
NORFOLK CONSTABULARY,supplier,1,0.0001890359168241966,0.0,17,3049595.0,False,False,False
NORFOLK STREET SURGERY,supplier,1,0.0001890359168241966,0.0,2,57297.33,False,False,False
NORGINE PHARMACEUTICALS,supplier,1,0.0001890359168241966,0.0,18,1054829.04,False,False,False
NORMALLY,supplier,1,0.0001890359168241966,0.0,4,268289.0,False,False,False
NORMANBY MEDICAL CENTRE,supplier,1,0.0001890359168241966,0.0,21,997323.93,False,False,False
NORTH BRISTOL NHS TRUST,supplier,1,0.0001890359168241966,0.0,1180,1765578526.65,False,True,True
NORTH CHARNWOOD GP COMMUNITY NETWORK,supplier,1,0.0001890359168241966,0.0,6,387230.95,False,False,False
NORTH CHELMSFORD NHS HCC,supplier,1,0.0001890359168241966,0.0,31,3739163.89,False,False,False
NORTH CUMBRIA INTEGRATED CARE NHS FOUNDATION TRUST,supplier,2,0.0003780718336483932,0.0,642,383722966.79,True,True,True
NORTH CUMBRIA PRIMARY CARE,supplier,1,0.0001890359168241966,0.0,2,113047.0,False,False,False
NORTH CUMBRIA UNIVERSITY HOSPITALS NHS TRUST,supplier,1,0.0001890359168241966,0.0,51,31530223.47,False,False,False
NORTH CURRY HEALTH CENTRE,supplier,1,0.0001890359168241966,0.0,3,92207.61,False,False,False
NORTH EAST AMBULANCE SERVICE NHS FOUNDATION TRUST,supplier,2,0.0003780718336483932,0.0,47,28990429.35,True,False,True
NORTH EAST LINCOLNSHIRE COUNCIL,supplier,1,0.0001890359168241966,0.0,11,508005.69,False,False,False
NORTH EAST LONDON NHS FOUNDATION TRUST,supplier,1,0.0001890359168241966,0.0,396,172817005.47,False,True,True
NORTH END MEDICAL CENTRE,supplier,1,0.0001890359168241966,0.0,3,106293.33,False,False,False
NORTH END SURGERY,supplier,1,0.0001890359168241966,0.0,16,716272.35,False,False,False
NORTH HOUSE SURGERY CROOK,supplier,1,0.0001890359168241966,0.0,15,723214.56,False,False,False
NORTH HYDE PRACTICE,supplier,1,0.0001890359168241966,0.0,18,725550.73,False,False,False
NORTH KENT MIND,supplier,1,0.0001890359168241966,0.0,2,61379.0,False,False,False
NORTH LINCOLNSHIRE COUNCIL,supplier,1,0.0001890359168241966,0.0,5,331011.07,False,False,False
NORTH MIDDLESEX UNIVERSITY HOSPITAL NHS TRUST,supplier,1,0.0001890359168241966,0.0,586,447372713.26,False,True,True
NORTH NORTHAMPTONSHIRE COUNCIL,supplier,1,0.0001890359168241966,0.0,5,414000.0,False,False,False
NORTH NOTTINGHAM LIFT CO,supplier,1,0.0001890359168241966,0.0,10,1191671.19,False,False,False
NORTH OF ENGLAND MEDICAL HYPERBARIC SERVICES,supplier,1,0.0001890359168241966,0.0,73,4033500.92,False,False,False
NORTH PARK HEALTH CENTRE,supplier,1,0.0001890359168241966,0.0,6,253560.59999999998,False,False,False
NORTH PETHERTON SURGERY,supplier,1,0.0001890359168241966,0.0,3,132096.48,False,False,False
NORTH ROAD WEST MEDICAL CENTRE WATERFRONT LCG,supplier,1,0.0001890359168241966,0.0,4,230458.38999999998,False,False,False
NORTH SHOEBURY SURGERY,supplier,1,0.0001890359168241966,0.0,3,128606.0,False,False,False
NORTH SOMERSET COMMUNITY PARTNERSHIP,supplier,1,0.0001890359168241966,0.0,10,567181.0,False,False,False
NORTH SOMERSET COUNCIL,supplier,1,0.0001890359168241966,0.0,9,4384250.0,False,False,False
NORTH STAFFORDSHIRE COMBINED HEALTHCARE NHS TRUST,supplier,1,0.0001890359168241966,0.0,145,31296186.81,False,False,False
NORTH STAFFORDSHIRE GP FEDERATION,supplier,1,0.0001890359168241966,0.0,6,413596.0,False,False,False
NORTH STAFFS & STOKE PHARMACY COMMITTEE,supplier,1,0.0001890359168241966,0.0,7,652729.65,False,False,False
NORTH STREET MEDICAL CENTRE,supplier,1,0.0001890359168241966,0.0,2,52191.28,False,False,False
NORTH TEES & HARTLEPOOL NHS FOUNDATION TRUST,supplier,2,0.0003780718336483932,0.0,584,242345191.88,True,True,True
NORTH WEST AMBULANCE SERVICE NHS TRUST,supplier,1,0.0001890359168241966,0.0,43,54193384.17,False,False,False
NORTH WEST ANGLIA NHS FOUNDATION TRUST,supplier,2,0.0003780718336483932,0.0,833,455821633.03000003,True,True,True
NORTH WEST BOROUGHS HEALTHCARE NHS FOUNDATION TRUST,supplier,1,0.0001890359168241966,0.0,113,37364409.23,False,False,False
NORTH WEST SURREY INTEGRATED CARE SERVICES NICS,supplier,1,0.0001890359168241966,0.0,5,358441.98,False,False,False
NORTHAM SURGERY BIDEFORD,supplier,1,0.0001890359168241966,0.0,15,2113914.77,False,False,False
NORTHAMPTON GENERAL HOSPITAL NHS TRUST,supplier,1,0.0001890359168241966,0.0,590,419059710.95,False,True,True
NORTHAMPTONSHIRE COUNTY COUNCIL,supplier,1,0.0001890359168241966,0.0,6,469278.0,False,False,False
NORTHAMPTONSHIRE HEALTHCARE NHS FOUNDATION TRUST,supplier,1,0.0001890359168241966,0.0,941,388807680.15,False,True,True
NORTHERN CARE ALLIANCE NHS FOUNDATION TRUST,supplier,1,0.0001890359168241966,0.0,697,1114994154.61,False,True,True
NORTHERN DEVON HEALTHCARE NHS TRUST,supplier,1,0.0001890359168241966,0.0,243,106579411.81,False,True,True
NORTHERN HEALTH GPPO CHARLESTOWN,supplier,1,0.0001890359168241966,0.0,7,330924.96,False,False,False
NORTHERN PATHWAYS,supplier,1,0.0001890359168241966,0.0,3,506124.0,False,False,False
NORTHFIELD MEDICAL CENTRE C82068,supplier,1,0.0001890359168241966,0.0,2,93837.42,False,False,False
NORTHGATE MEDICAL PRACTICE,supplier,1,0.0001890359168241966,0.0,36,3316136.08,False,False,False
NORTHGATE PRACTICE,supplier,1,0.0001890359168241966,0.0,23,1724165.9,False,False,False
NORTHLANDS SURGERY,supplier,1,0.0001890359168241966,0.0,12,590171.82,False,False,False
NORTHOWRAM PRACTICE,supplier,1,0.0001890359168241966,0.0,10,544683.3200000001,False,False,False
NORTHUMBERLAND HOUSE SURGERY,supplier,1,0.0001890359168241966,0.0,13,866061.1,False,False,False
NORTHUMBERLAND TYNE AND WEAR NHS FOUNDATION TRUST,supplier,1,0.0001890359168241966,0.0,80,73613619.44,False,False,False
NORTHUMBRIA UNIVERSITY,supplier,1,0.0001890359168241966,0.0,21,2097954.51,False,False,False
NORTHWAY SURGERY,supplier,1,0.0001890359168241966,0.0,16,1134500.9,False,False,False
NORTHWOOD GROUP PRACTICE,supplier,1,0.0001890359168241966,0.0,11,3278589.88,False,False,False
NORTON BROOK MEDICAL CENTRE KINGSBRIDGE,supplier,1,0.0001890359168241966,0.0,5,292811.88,False,False,False
NORTON MEDICAL CENTRE,supplier,1,0.0001890359168241966,0.0,3,86788.0,False,False,False
NORWICH 1 DOMICILIARY SPECSAVERS,supplier,1,0.0001890359168241966,0.0,4,111392.25,False,False,False
NORWOOD MEDICAL CENTRE BARROW FURNESS,supplier,1,0.0001890359168241966,0.0,3,273608.79,False,False,False
NOTTINGHAM CITY CARE PARTNERSHIP CIC,supplier,1,0.0001890359168241966,0.0,60,4443340.67,False,False,False
NOTTINGHAM CITY COUNCIL,supplier,1,0.0001890359168241966,0.0,4,754857.61,False,False,False
NOTTINGHAM EMERGENCY DENTAL SERVICES,supplier,1,0.0001890359168241966,0.0,16,500440.64,False,False,False
NOTTINGHAM TRENT UNIVERSITY,supplier,1,0.0001890359168241966,0.0,7,401067.27,False,False,False
NOTTINGHAMSHIRE 2 DOMICILIARY SPECSAVERS,supplier,1,0.0001890359168241966,0.0,5,172322.91,False,False,False
NOTTINGHAMSHIRE COUNTY COUNCIL,supplier,1,0.0001890359168241966,0.0,12,756013.0,False,False,False
NOTTINGHAMSHIRE HEALTHCARE NHS FOUNDATION TRUST,supplier,1,0.0001890359168241966,0.0,966,1584698412.71,False,True,True
NOTTINGHAMSHIRE LPC,supplier,1,0.0001890359168241966,0.0,4,932292.44,False,False,False
NOTTINGHAMSHIRE POLICE & CRIME COMMISSIONER,supplier,1,0.0001890359168241966,0.0,8,1750579.0,False,False,False
NOVA HEALTHCARE,supplier,1,0.0001890359168241966,0.0,73,9744147.65,False,False,False
NTAF,supplier,2,0.0003780718336483932,0.00022823447630566636,4,117122.0,True,False,True
NTT DATA UK,supplier,1,0.0001890359168241966,0.0,30,3541275.04,False,False,False
NUFFIELD HEALTH,supplier,1,0.0001890359168241966,0.0,187,253351984.03,False,False,False
NUFFIELD HEALTH CENTRE,supplier,1,0.0001890359168241966,0.0,5,200017.57,False,False,False
NUFFIELD HEALTH PARKSIDE HOSPITAL,supplier,1,0.0001890359168241966,0.0,58,8245242.18,False,False,False
NUFFIELD TRUST THE,supplier,1,0.0001890359168241966,0.0,4,179870.5,False,False,False
NUNEATON VISION PLUS LTD 0345,supplier,1,0.0001890359168241966,0.0,29,933702.5,False,False,False
NUNWELL SURGERY,supplier,1,0.0001890359168241966,0.0,2,72703.62,False,False,False
NURTURE HEALTH AND CARE,supplier,1,0.0001890359168241966,0.0,2,71806.5,False,False,False
NUTBEAM & PARTNERS,supplier,1,0.0001890359168241966,0.0,10,381043.63,False,False,False
NY LOCAL OPTICAL COMMITTEE,supplier,1,0.0001890359168241966,0.0,2,824000.0,False,False,False
O D HEALTH,supplier,1,0.0001890359168241966,0.0,2,72483.33,False,False,False
OAK LODGE MEDICAL CENTRE,supplier,1,0.0001890359168241966,0.0,12,703828.69,False,False,False
OAK TREE BARNET LTD TA ELLERN MEDE BARNET,supplier,1,0.0001890359168241966,0.0,95,3122830.0,False,False,False
OAK TREE FOREST,supplier,1,0.0001890359168241966,0.0,192,25069551.74,False,False,False
OAK TREE HEALTH CENTRE,supplier,1,0.0001890359168241966,0.0,13,709367.1,False,False,False
OAK TREE MEDICAL PRACTICEICE,supplier,1,0.0001890359168241966,0.0,4,664249.77,False,False,False
OAK TREE MOORGATE,supplier,1,0.0001890359168241966,0.0,155,5166481.0,False,False,False
OAK TREE SURGERY,supplier,1,0.0001890359168241966,0.0,44,3236885.39,False,False,False
OAKFIELD SURGERY AYLESBURY,supplier,1,0.0001890359168241966,0.0,18,1838074.22,False,False,False
OAKFIELD SURGERY LONDON,supplier,1,0.0001890359168241966,0.0,8,395477.39999999997,False,False,False
OAKFIELD SURGERY NEWMARKET,supplier,1,0.0001890359168241966,0.0,5,718601.34,False,False,False
OAKHAVEN HOSPICE TRUST,supplier,1,0.0001890359168241966,0.0,2,155000.0,False,False,False
OAKLANDS HEALTH CENTRE,supplier,1,0.0001890359168241966,0.0,20,1022725.9299999999,False,False,False
OAKLANDS SURGERY BIRCHFIELD ROAD YEOVIL,supplier,1,0.0001890359168241966,0.0,34,2423245.43,False,False,False
OAKLANDS SURGERY L85064,supplier,1,0.0001890359168241966,0.0,2,128509.6,False,False,False
OAKLEIGH ROAD HEALTH CENTRE,supplier,1,0.0001890359168241966,0.0,3,125722.1,False,False,False
OAKLEY HEALTH GROUP J82049,supplier,1,0.0001890359168241966,0.0,2,76880.64,False,False,False
OAKRIDGE PARK MEDICAL CENTRE,supplier,1,0.0001890359168241966,0.0,7,367305.60000000003,False,False,False
OAKS FAMILY PRACTICE THE P82021,supplier,1,0.0001890359168241966,0.0,2,61046.619999999995,False,False,False
OAKS MEDICAL PRACTICE THE,supplier,1,0.0001890359168241966,0.0,12,773798.02,False,False,False
OAKSIDE SURGERY HONICKNOWLE GREEN TAMAR LCG,supplier,1,0.0001890359168241966,0.0,3,156753.87,False,False,False
OAKWOOD LANE MEDICAL PRACTICE,supplier,1,0.0001890359168241966,0.0,6,379715.36,False,False,False
OASIS DENTAL CARE,supplier,1,0.0001890359168241966,0.0,13,420157.64,False,False,False
OASIS RESTORE TRUST,supplier,1,0.0001890359168241966,0.0,5,5000000.0,False,False,False
OASIS UK,supplier,1,0.0001890359168241966,0.0,3,85346.61,False,False,False
OBUCHOWICZ H,supplier,1,0.0001890359168241966,0.0,3,79497.06,False,False,False
OCLC UK,supplier,1,0.0001890359168241966,0.0,2,54720.46000000001,False,False,False
ODIHAM & OLD BASING HEALTH CENTRE,supplier,1,0.0001890359168241966,0.0,3,312053.78,False,False,False
ODONNELL J & PARTNERS,supplier,1,0.0001890359168241966,0.0,15,986844.92,False,False,False
ODRISCOLL BJ,supplier,1,0.0001890359168241966,0.0,11,698003.83,False,False,False
OFFICE FOR NATIONAL STATISTICS,supplier,2,0.0003780718336483932,0.00022823447630566636,9,1812553.8099999998,True,False,True
OFLYNN & PARTNERS,supplier,1,0.0001890359168241966,0.0,7,325076.3,False,False,False
OGUNBIYI F B & PARTNER,supplier,1,0.0001890359168241966,0.0,28,1323335.47,False,False,False
OHALLORAN CONSULTANCY,supplier,1,0.0001890359168241966,0.0,2,95000.0,False,False,False
OHARE & CHAPELHOW,supplier,1,0.0001890359168241966,0.0,6,565408.3,False,False,False
OITUK LTD TA CCUBE SOLUTIONS,supplier,1,0.0001890359168241966,0.0,9,716058.96,False,False,False
OKEHAMPTON MEDICAL CENTRE,supplier,1,0.0001890359168241966,0.0,25,1434715.12,False,False,False
OLD BRIDGE SURGERY,supplier,1,0.0001890359168241966,0.0,17,1297054.83,False,False,False
OLD FARM SURGERY,supplier,1,0.0001890359168241966,0.0,3,98586.42,False,False,False
OLD FIRE STATION SURGERY BEVERLEY,supplier,1,0.0001890359168241966,0.0,5,153810.91,False,False,False
OLD ROAD WEST,supplier,1,0.0001890359168241966,0.0,5,206850.0,False,False,False
OLD SCHOOL SURGERY,supplier,1,0.0001890359168241966,0.0,3,78590.45999999999,False,False,False
OLIVE JAR DIGITAL,supplier,1,0.0001890359168241966,0.0,15,1714753.07,False,False,False
OLIVER D PARTNERS,supplier,1,0.0001890359168241966,0.0,47,2160497.45,False,False,False
OLIVER ROAD MEDICAL CENTRE,supplier,1,0.0001890359168241966,0.0,2,96465.0,False,False,False
OLIVER STREET SURGERY,supplier,1,0.0001890359168241966,0.0,3,105898.13999999998,False,False,False
OMBERSLEY MEDICAL CENTRE,supplier,1,0.0001890359168241966,0.0,23,2115531.05,False,False,False
OMRON HEALTHCARE UK,supplier,1,0.0001890359168241966,0.0,7,3633714.0,False,False,False
ONE HEALTH LEWISHAM SAS,supplier,1,0.0001890359168241966,0.0,26,3090148.07,False,False,False
ONE HEALTHCARE PARTNERS,supplier,1,0.0001890359168241966,0.0,47,19520852.0,False,False,False
ONE VISION GROUP LTD TA PREMIER VISION,supplier,1,0.0001890359168241966,0.0,8,299500.7,False,False,False
ONEFILE,supplier,1,0.0001890359168241966,0.0,2,159461.4,False,False,False
ONEOFF SUPPLIER,supplier,1,0.0001890359168241966,0.0,8,342080.92,False,False,False
ONGAR HEALTH CENTRE,supplier,1,0.0001890359168241966,0.0,6,221221.93,False,False,False
ONSIGHT DOMICILIARY SERVICES,supplier,1,0.0001890359168241966,0.0,2,57087.7,False,False,False
OPCARE,supplier,1,0.0001890359168241966,0.0,85,7466233.42,False,False,False
OPCC FOR LEICESTERSHIRE,supplier,1,0.0001890359168241966,0.0,17,2423784.24,False,False,False
OPCIT RESEARCH,supplier,1,0.0001890359168241966,0.0,2,72120.0,False,False,False
OPEN HEALTH CARE UK,supplier,2,0.0003780718336483932,0.00022846293924491125,7,247120.0,True,False,True
OPTEGRA UK,supplier,1,0.0001890359168241966,0.0,41,2919517.0,False,False,False
OPTICAL INSIGHT,supplier,1,0.0001890359168241966,0.0,2,58936.75,False,False,False
OPTICAL WORLD,supplier,1,0.0001890359168241966,0.0,7,208764.38999999998,False,False,False
OPTICAL WORLD SOUTHALL,supplier,1,0.0001890359168241966,0.0,17,488282.46,False,False,False
OPTICARE EYE CARE SPECIALIST,supplier,1,0.0001890359168241966,0.0,7,247926.0,False,False,False
OPTUM HEALTH SOLUTIONS UK,supplier,1,0.0001890359168241966,0.0,29,16338721.34,False,False,False
ORAL SURGERY,supplier,1,0.0001890359168241966,0.0,46,1505814.15,False,False,False
ORCHARD HOUSE SURGERY NEWMARKET,supplier,1,0.0001890359168241966,0.0,7,512533.26,False,False,False
ORCHARD MEDICAL CENTRE THE BRISTOL,supplier,1,0.0001890359168241966,0.0,32,2037015.65,False,False,False
ORCHARD PARTNERSHIP THE,supplier,1,0.0001890359168241966,0.0,15,846332.88,False,False,False
ORCHARD PRACTICE,supplier,1,0.0001890359168241966,0.0,10,837356.0599999999,False,False,False
ORCHARD PRACTICE DARTFORD,supplier,1,0.0001890359168241966,0.0,11,510739.16,False,False,False
ORRELL PARK MEDICAL CENTRE,supplier,1,0.0001890359168241966,0.0,3,84994.77,False,False,False
OSWALD ROAD MEDICAL SURGERY,supplier,1,0.0001890359168241966,0.0,6,202794.55000000002,False,False,False
OTTAWAY STRATEGIC MANAGEMENT,supplier,1,0.0001890359168241966,0.0,10,294765.0,False,False,False
OUNDLE MEDICAL CENTRE,supplier,1,0.0001890359168241966,0.0,2,112495.48999999999,False,False,False
OUR HEALTH PARTNERSHIP,supplier,1,0.0001890359168241966,0.0,6,905717.1900000001,False,False,False
OUSE VALLEY PRACTICE,supplier,1,0.0001890359168241966,0.0,42,5120409.9,False,False,False
OUT OF HOURS WEST LANCASHIRE CIC,supplier,1,0.0001890359168241966,0.0,4,173404.51,False,False,False
OUTSIDE CLINIC,supplier,1,0.0001890359168241966,0.0,18,6396186.01,False,False,False
OVER WYRE MEDICAL CENTRE,supplier,1,0.0001890359168241966,0.0,15,558575.94,False,False,False
OVERDALE MEDICAL PRACTICE,supplier,1,0.0001890359168241966,0.0,5,163985.83,False,False,False
OVIVA UK,supplier,1,0.0001890359168241966,0.0,58,3431393.27,False,False,False
OXCERP SOBELL HOUSE,supplier,1,0.0001890359168241966,0.0,3,147000.0,False,False,False
OXFORD BROOKES UNIVERSITY,supplier,1,0.0001890359168241966,0.0,13,2191246.17,False,False,False
OXFORD CITY COUNCIL,supplier,1,0.0001890359168241966,0.0,2,103697.39,False,False,False
OXFORD DRIVE MEDICAL CENTRE,supplier,1,0.0001890359168241966,0.0,2,62486.36,False,False,False
OXFORD FERTILITY,supplier,1,0.0001890359168241966,0.0,59,5422072.78,False,False,False
OXFORD FERTILITY UNIT,supplier,1,0.0001890359168241966,0.0,8,337268.0,False,False,False
OXFORD HEALTH NHS FOUNDATION TRUST,supplier,1,0.0001890359168241966,0.0,554,811961882.97,False,True,True
OXFORD IMMUNOTEC,supplier,1,0.0001890359168241966,0.0,3,123763.57,False,False,False
OXFORD MEDICAL SIMULATION,supplier,1,0.0001890359168241966,0.0,2,124920.0,False,False,False
OXFORD SAID BUSINESS SCHOOL,supplier,1,0.0001890359168241966,0.0,3,75000.0,False,False,False
OXFORD TERRACE & RAWLING ROAD MEDICAL GROUP,supplier,1,0.0001890359168241966,0.0,27,1823974.15,False,False,False
OXFORD UNIVERSITY HOSPITALS NHS FOUNDATION TRUST,supplier,2,0.0003780718336483932,0.00022823447630566636,1683,3584074227.16,True,True,True
OXFORDSHIRE SEXUAL ABUSE & RAPE CRISIS CENTRE,supplier,1,0.0001890359168241966,0.0,2,138412.0,False,False,False
OXLEAS NHS FOUNDATION TRUST,supplier,1,0.0001890359168241966,0.0,795,901839082.23,False,True,True
OXTED HEALTH CENTRE,supplier,1,0.0001890359168241966,0.0,6,443309.27,False,False,False
P GILL,supplier,1,0.0001890359168241966,0.0,2,57713.119999999995,False,False,False
P HORN & PARTNERS,supplier,1,0.0001890359168241966,0.0,14,953001.13,False,False,False
P&CC FOR WEST YORKSHIRE,supplier,1,0.0001890359168241966,0.0,4,1465475.5499999998,False,False,False
P14 MEDICAL,supplier,1,0.0001890359168241966,0.0,2,83618.4,False,False,False
PACE REHABILITATION,supplier,1,0.0001890359168241966,0.0,4,170452.66,False,False,False
PADIHAM GROUP PRACTICE,supplier,1,0.0001890359168241966,0.0,11,985895.62,False,False,False
PANCREATIC CANCER UK,supplier,1,0.0001890359168241966,0.0,2,180200.0,False,False,False
PANKHURST TRUST,supplier,1,0.0001890359168241966,0.0,3,202763.84999999998,False,False,False
PARAGONA POLSKA SP ZO O S K,supplier,1,0.0001890359168241966,0.0,26,1167739.0,False,False,False
PARCHMORE MEDICAL CENTRE,supplier,1,0.0001890359168241966,0.0,11,772682.73,False,False,False
PARITY MEDICAL,supplier,1,0.0001890359168241966,0.0,2,71510.0,False,False,False
PARK AVENUE SURGERY NORTHAMPTON,supplier,1,0.0001890359168241966,0.0,11,762126.5499999999,False,False,False
PARK HILL MEDICAL PRACTICE TORQUAY,supplier,1,0.0001890359168241966,0.0,2,136110.9,False,False,False
PARK LANE SURGERY N81085,supplier,1,0.0001890359168241966,0.0,2,118712.76,False,False,False
PARK MEDICAL CENTRE CHESTER,supplier,1,0.0001890359168241966,0.0,6,536629.14,False,False,False
PARK MEDICAL PRACTICE PRESTON,supplier,1,0.0001890359168241966,0.0,13,933895.2,False,False,False
PARK PRACTICE,supplier,1,0.0001890359168241966,0.0,2,56637.8,False,False,False
PARK ROAD HEALTH CENTRE,supplier,1,0.0001890359168241966,0.0,3,196070.16,False,False,False
PARK ROAD MEDICAL PRACTICE,supplier,1,0.0001890359168241966,0.0,2,71901.28,False,False,False
PARK ROAD MEDICAL PRACTICE SHEPTON MALLET,supplier,1,0.0001890359168241966,0.0,8,732895.13,False,False,False
PARK ROAD SURGERY,supplier,1,0.0001890359168241966,0.0,22,2576356.6799999997,False,False,False
PARK ROYAL MEDICAL PRACTICE,supplier,1,0.0001890359168241966,0.0,25,3790815.17,False,False,False
PARK STREET SURGERY B82036,supplier,1,0.0001890359168241966,0.0,4,138097.03999999998,False,False,False
PARK SURGERY & ST FRANCIS SURGERY,supplier,1,0.0001890359168241966,0.0,13,663915.54,False,False,False
PARK SURGERY DRIFFIELD,supplier,1,0.0001890359168241966,0.0,5,206421.94,False,False,False
PARK SURGERY HERNE BAY,supplier,1,0.0001890359168241966,0.0,2,71846.42000000001,False,False,False
PARK SURGERY HORSHAM,supplier,1,0.0001890359168241966,0.0,17,1714299.12,False,False,False
PARKBURY HOUSE,supplier,1,0.0001890359168241966,0.0,13,660388.54,False,False,False
PARKFIELD MC N85051,supplier,1,0.0001890359168241966,0.0,3,110584.44,False,False,False
PARKFIELD MEDICAL CENTRE POTTERS BAR,supplier,1,0.0001890359168241966,0.0,4,107043.83,False,False,False
PARKGATE SURGERY DARLINGTON,supplier,1,0.0001890359168241966,0.0,15,1676121.97,False,False,False
PARKLANDS SURGERY RUSHDEN,supplier,1,0.0001890359168241966,0.0,20,1523139.77,False,False,False
PARKSIDE FAMILY SURGERY,supplier,1,0.0001890359168241966,0.0,14,1022157.48,False,False,False
PARKSIDE MEDICAL PRACTICE,supplier,1,0.0001890359168241966,0.0,3,77975.81,False,False,False
PARKSIDE SURGERY C81053,supplier,1,0.0001890359168241966,0.0,2,64094.34,False,False,False
PARKSTONE HEALTH CENTRE,supplier,1,0.0001890359168241966,0.0,16,866035.92,False,False,False
PARKWAY H C,supplier,1,0.0001890359168241966,0.0,5,319865.82,False,False,False
PARKWOOD FAMILY PRACTICE,supplier,1,0.0001890359168241966,0.0,11,729220.64,False,False,False
PARKWOOD SURGERY,supplier,1,0.0001890359168241966,0.0,5,160711.34,False,False,False
PARSONAGE SURGERY,supplier,1,0.0001890359168241966,0.0,2,793169.67,False,False,False
PARTNERSHIPS IN CARE,supplier,1,0.0001890359168241966,0.0,395,266007509.84,False,True,True
PASSEPARTOUT CONSULTING,supplier,1,0.0001890359168241966,0.0,3,181080.0,False,False,False
PATCHWORK HEALTH,supplier,1,0.0001890359168241966,0.0,7,885599.77,False,False,False
PATEL P J & PARTNER,supplier,1,0.0001890359168241966,0.0,41,2840384.58,False,False,False
PATEL R S & PARTNER,supplier,1,0.0001890359168241966,0.0,27,1197326.7,False,False,False
PATFORD HOUSE PARTNERSHIP,supplier,1,0.0001890359168241966,0.0,3,90731.14,False,False,False
PATHFIELDS PRACTICE RIVERSIDE LCG,supplier,1,0.0001890359168241966,0.0,7,417508.31,False,False,False
PATIENTS ASSOCIATION THE,supplier,1,0.0001890359168241966,0.0,2,60077.0,False,False,False
PATIENTS KNOW BEST,supplier,1,0.0001890359168241966,0.0,6,522668.6,False,False,False
PATWALA DY & PARTNER,supplier,1,0.0001890359168241966,0.0,15,424324.07,False,False,False
PAUL STRICKLAND SCANNER CENTRE,supplier,1,0.0001890359168241966,0.0,78,15643605.6,False,False,False
PAXTON MEDICAL GROUP,supplier,1,0.0001890359168241966,0.0,35,2994820.58,False,False,False
PBS UK,supplier,1,0.0001890359168241966,0.0,2,55000.0,False,False,False
PCC DEVON & CORNWALL,supplier,1,0.0001890359168241966,0.0,11,1596945.0,False,False,False
PCC DORSET,supplier,1,0.0001890359168241966,0.0,3,107730.0,False,False,False
PCC FOR AVON & SOMERSET,supplier,1,0.0001890359168241966,0.0,7,766155.0,False,False,False
PCC FOR CLEVELAND,supplier,1,0.0001890359168241966,0.0,10,561722.0,False,False,False
PDS MEDICAL,supplier,1,0.0001890359168241966,0.0,38,1135894.14,False,False,False
PEACOCK & PARTNERS,supplier,1,0.0001890359168241966,0.0,4,132619.09,False,False,False
PEAKE GB,supplier,1,0.0001890359168241966,0.0,12,338847.52,False,False,False
PEARL CHEMIST,supplier,1,0.0001890359168241966,0.0,3,81217.2,False,False,False
PEARSON PROFESSIONAL ASSESSMENTS,supplier,1,0.0001890359168241966,0.0,11,2369698.25,False,False,False
PEARTREE GROUP PRACTICE,supplier,1,0.0001890359168241966,0.0,12,702308.02,False,False,False
PEER POWER YOUTH,supplier,1,0.0001890359168241966,0.0,23,839947.0,False,False,False
PELTA D E & PARTNERS,supplier,1,0.0001890359168241966,0.0,2,208776.94,False,False,False
PEMBROKE HOUSE SURGERY PAIGNTON,supplier,1,0.0001890359168241966,0.0,44,6710801.9,False,False,False
PEMBROKE ROAD SURGERY L81081,supplier,1,0.0001890359168241966,0.0,2,78053.44,False,False,False
PENDLE MEDICAL PARTNERSHIP THE,supplier,1,0.0001890359168241966,0.0,11,609594.3200000001,False,False,False
PENDLESIDE MEDICAL PRACTICE,supplier,1,0.0001890359168241966,0.0,12,714089.86,False,False,False
PENINSULA DENTAL SOCIAL ENTERPRISE CIC,supplier,1,0.0001890359168241966,0.0,14,18424779.05,False,False,False
PENINSULA MEDICAL PRACTICE,supplier,1,0.0001890359168241966,0.0,3,78508.35,False,False,False
PENKETH MEDICAL CENTRE,supplier,1,0.0001890359168241966,0.0,3,108124.3,False,False,False
PENN HILL SURGERY ST NICHOLAS CLOSE YEOVIL,supplier,1,0.0001890359168241966,0.0,3,210024.75,False,False,False
PENNINE ACUTE HOSPITALS NHS TRUST,supplier,1,0.0001890359168241966,0.0,305,314170803.21,False,True,True
PENNINE CARE NHS FOUNDATION TRUST,supplier,1,0.0001890359168241966,0.0,231,178158287.16,False,True,True
PENNINE MEDICAL PRACTICE,supplier,1,0.0001890359168241966,0.0,2,71763.0,False,False,False
PENROSE,supplier,1,0.0001890359168241966,0.0,58,5200849.22,False,False,False
PENRYHN SURGERY,supplier,1,0.0001890359168241966,0.0,4,240239.88,False,False,False
PENRYN SURGERY,supplier,1,0.0001890359168241966,0.0,33,2267986.0300000003,False,False,False
PENTACLE,supplier,1,0.0001890359168241966,0.0,2,94836.96,False,False,False
PENTELOW PRACTICE,supplier,1,0.0001890359168241966,0.0,16,1094641.36,False,False,False
PEOPLE ASSET MANAGEMENT LTD TA PAM OH SOLUTIONS,supplier,2,0.0003780718336483932,0.0,13,707282.51,True,False,True
PEOPLE UN,supplier,1,0.0001890359168241966,0.0,3,710000.0,False,False,False
PEOPLEHUB NETWORK COMMUNITY INTEREST CO,supplier,1,0.0001890359168241966,0.0,5,232477.5,False,False,False
PEPPY HEALTH,supplier,1,0.0001890359168241966,0.0,3,102260.0,False,False,False
PEREIRA & PARTNERS,supplier,1,0.0001890359168241966,0.0,15,667623.49,False,False,False
PERFORMANCE IN EDUCATION,supplier,1,0.0001890359168241966,0.0,2,128260.0,False,False,False
PERFORMS ASSESSMENT,supplier,1,0.0001890359168241966,0.0,3,357603.52,False,False,False
PERKINELMER LAS UK,supplier,1,0.0001890359168241966,0.0,48,1926878.79,False,False,False
PERRANPORTH SURGERY THE,supplier,1,0.0001890359168241966,0.0,14,809905.69,False,False,False
PETERLOO MEDICAL CENTRE,supplier,1,0.0001890359168241966,0.0,7,901431.24,False,False,False
PETERSGATE MEDICAL CENTRE,supplier,1,0.0001890359168241966,0.0,9,695463.49,False,False,False
PETROC GROUP PRACTICE,supplier,1,0.0001890359168241966,0.0,30,2372312.31,False,False,False
PEVERELL PARK SURGERY PEVERELL WATERFRONT LCG,supplier,1,0.0001890359168241966,0.0,3,339708.63,False,False,False
PFIZER,supplier,1,0.0001890359168241966,0.0,10,22254720.0,False,False,False
PHOENIX FUTURES,supplier,1,0.0001890359168241966,0.0,81,12117984.9,False,False,False
PHOENIX MEDICAL PRACTICE THE,supplier,1,0.0001890359168241966,0.0,2,215796.16,False,False,False
PHOENIX PRACTICE LONDON,supplier,1,0.0001890359168241966,0.0,13,625093.04,False,False,False
PHOENIX SURGERY L84012,supplier,1,0.0001890359168241966,0.0,2,80853.42,False,False,False
PHS GROUP,supplier,1,0.0001890359168241966,0.0,40,1170374.31,False,False,False
PICK EVERARD,supplier,1,0.0001890359168241966,0.0,21,615954.1,False,False,False
PICKER INSTITUTE EUROPE,supplier,1,0.0001890359168241966,0.0,87,5298823.66,False,False,False
PICKERING MEDICAL PRACTICE,supplier,1,0.0001890359168241966,0.0,21,1355410.74,False,False,False
PILGRIMS HOSPICES IN EAST KENT,supplier,1,0.0001890359168241966,0.0,2,116550.0,False,False,False
PIMLICO HEALTH AT THE MARVEN SURGERY,supplier,1,0.0001890359168241966,0.0,21,1524898.35,False,False,False
PINE VIEW PRACTICE,supplier,1,0.0001890359168241966,0.0,16,791768.36,False,False,False
PINES SURGERY,supplier,1,0.0001890359168241966,0.0,17,993042.78,False,False,False
PINHOE SURGERY EXETER,supplier,1,0.0001890359168241966,0.0,5,320157.76,False,False,False
PINNACLE HEALTH PARTNERSHIP,supplier,2,0.0003780718336483932,0.00026547282920475195,10,493360.02,True,False,True
PINNACLE SYSTEMS MANAGEMENT,supplier,1,0.0001890359168241966,0.0,37,8907638.8,False,False,False
PLATFORM ONE FRANCE SAS,supplier,1,0.0001890359168241966,0.0,2,62647.019329999996,False,False,False
PLUMSTEAD H C PMS,supplier,1,0.0001890359168241966,0.0,13,957852.2100000001,False,False,False
PLURALSIGHT LLC,supplier,1,0.0001890359168241966,0.0,4,471201.98304516997,False,False,False
PLYMOUTH CITY COUNCIL,supplier,1,0.0001890359168241966,0.0,9,1399208.5,False,False,False
PLYMOUTH MARJON UNIVERSITY,supplier,1,0.0001890359168241966,0.0,5,198500.0,False,False,False
POCKLINGTON GROUP PRACTICE B81036,supplier,1,0.0001890359168241966,0.0,2,110265.14,False,False,False
POINT OF CARE FOUNDATION,supplier,1,0.0001890359168241966,0.0,3,93465.0,False,False,False
POLICE & CRIME COMMISSIONER FOR BEDFORDSHIRE,supplier,1,0.0001890359168241966,0.0,28,2835073.88,False,False,False
POLICE & CRIME COMMISSIONER FOR CHESHIRE,supplier,1,0.0001890359168241966,0.0,11,720614.58,False,False,False
POLICE & CRIME COMMISSIONER FOR CUMBRIA,supplier,1,0.0001890359168241966,0.0,5,899793.0,False,False,False
POLICE & CRIME COMMISSIONER FOR GREATER MANCHESTER,supplier,1,0.0001890359168241966,0.0,7,563490.52,False,False,False
POLICE & CRIME COMMISSIONER FOR HAMPSHIRE,supplier,1,0.0001890359168241966,0.0,3,283102.0,False,False,False
POLICE & CRIME COMMISSIONER FOR LINCOLNSHIRE,supplier,1,0.0001890359168241966,0.0,4,243143.4,False,False,False
POLICE & CRIME COMMISSIONER FOR NORTHAMPTONSHIRE,supplier,1,0.0001890359168241966,0.0,2,177000.0,False,False,False
POLICE & CRIME COMMISSIONER FOR SOUTH YORKSHIRE,supplier,1,0.0001890359168241966,0.0,18,5142722.16,False,False,False
POLICE & CRIME COMMISSIONER FOR SUFFOLK,supplier,1,0.0001890359168241966,0.0,17,3281461.46,False,False,False
POLICE & CRIME COMMISSIONER FOR WILTSHIRE,supplier,1,0.0001890359168241966,0.0,12,990815.0,False,False,False
POLICE & CRIME COMMISSIONER NORTHUMBRIA,supplier,1,0.0001890359168241966,0.0,12,2128282.16,False,False,False
POLICE AND CRIME COMMISSIONER FOR ESSEX,supplier,1,0.0001890359168241966,0.0,5,1557911.3399999999,False,False,False
POLICE AND CRIME COMMISSIONER FOR MERSEYSIDE,supplier,1,0.0001890359168241966,0.0,18,1157037.0,False,False,False
POND TAIL SURGERY,supplier,1,0.0001890359168241966,0.0,3,169317.90000000002,False,False,False
PONTELAND MEDICAL GROUP,supplier,1,0.0001890359168241966,0.0,13,563911.58,False,False,False
POOL MEDICAL CENTRE,supplier,1,0.0001890359168241966,0.0,10,758717.33,False,False,False
POOLE HOSPITAL NHS FOUNDATION TRUST,supplier,1,0.0001890359168241966,0.0,140,125548515.03,False,False,False
POOLE ROAD MEDICAL CENTRE,supplier,1,0.0001890359168241966,0.0,2,64432.27,False,False,False
POOLOGANATHAN & POOLOGANATHAN,supplier,1,0.0001890359168241966,0.0,17,2103273.85,False,False,False
POPLAR GROVE SURGERY,supplier,1,0.0001890359168241966,0.0,5,165754.51,False,False,False
PORCH SURGERY,supplier,1,0.0001890359168241966,0.0,3,81536.3,False,False,False
PORT ISAAC,supplier,1,0.0001890359168241966,0.0,13,886925.32,False,False,False
PORT VIEW SURGERY,supplier,1,0.0001890359168241966,0.0,16,777280.85,False,False,False
PORTAKABIN,supplier,1,0.0001890359168241966,0.0,100,21847674.59,False,False,False
PORTCHESTER PRACTICE,supplier,1,0.0001890359168241966,0.0,10,792787.58,False,False,False
PORTER BROOK MEDICAL CENTRE,supplier,1,0.0001890359168241966,0.0,10,455064.63,False,False,False
PORTISHEAD MEDICAL GROUP,supplier,1,0.0001890359168241966,0.0,33,2124154.58,False,False,False
PORTLAND EYECARE SERVICES,supplier,1,0.0001890359168241966,0.0,10,309636.89,False,False,False
PORTLAND PRACTICE,supplier,1,0.0001890359168241966,0.0,3,90077.23999999999,False,False,False
PORTMILL SURGERY,supplier,1,0.0001890359168241966,0.0,4,134823.66,False,False,False
PORTSDOWN GROUP PRACTICE,supplier,1,0.0001890359168241966,0.0,40,2669945.21,False,False,False
PORTSLADE HEALTH CENTRE MEDICAL PRACTICE,supplier,1,0.0001890359168241966,0.0,9,741014.12,False,False,False
PORTSMOUTH HOSPITALS NHS TRUST,supplier,1,0.0001890359168241966,0.0,919,1123408602.53,False,True,True
PORTSMOUTH HOSPITALS UNIVERSITY NHS TRUST,supplier,1,0.0001890359168241966,0.0,18,15017952.01,False,False,False
POSITIVE SOLUTIONS,supplier,1,0.0001890359168241966,0.0,7,793300.0,False,False,False
POSTERNGATE SURGERY,supplier,1,0.0001890359168241966,0.0,33,1768144.6,False,False,False
POTTERELLS MEDICAL CENTRE,supplier,1,0.0001890359168241966,0.0,13,678329.02,False,False,False
POUND HILL SURGERY,supplier,1,0.0001890359168241966,0.0,36,2602609.53,False,False,False
POWER EFFICIENCY,supplier,1,0.0001890359168241966,0.0,2,91607.03,False,False,False
PRACTICE IN THE PARK,supplier,1,0.0001890359168241966,0.0,3,2168488.38,False,False,False
PRACTICE ONE,supplier,1,0.0001890359168241966,0.0,2,58330.0,False,False,False
PRACTICE PLUS GROUP HEALTH & REHABILITATION SERVICES,supplier,1,0.0001890359168241966,0.0,2384,887653378.29,False,True,True
PRACTICE PLUS GROUP HOSPITALS,supplier,1,0.0001890359168241966,0.0,150,66696001.19,False,False,False
PRACTICE SURGERIES,supplier,1,0.0001890359168241966,0.0,2,104748.97,False,False,False
PRACTICUS,supplier,2,0.0003780718336483932,0.00022823447630566636,29,2190975.2199999997,True,False,True
PRACTIVE,supplier,1,0.0001890359168241966,0.0,13,1376100.2,False,False,False
PRAZE SURGERY,supplier,1,0.0001890359168241966,0.0,20,1010454.79,False,False,False
PRECISELY EUROPE SOFTWARE AND DATA,supplier,1,0.0001890359168241966,0.0,2,56133.0,False,False,False
PREMIER PRIMARYCARE,supplier,1,0.0001890359168241966,0.0,26,1831051.34,False,False,False
PRENTON MEDICAL CENTRE,supplier,1,0.0001890359168241966,0.0,13,396022.42,False,False,False
PRESCQIPP CIC,supplier,2,0.0003780718336483932,0.0,9,840629.6,True,False,True
PRESCRIBING SERVICES,supplier,1,0.0001890359168241966,0.0,13,2546168.5100000002,False,False,False
PRESTON GROVE MEDICAL CENTRE YEOVIL,supplier,1,0.0001890359168241966,0.0,3,256999.71000000002,False,False,False
PREVENTX,supplier,1,0.0001890359168241966,0.0,5,1569784.0,False,False,False
PRICES MILL SURGERY,supplier,1,0.0001890359168241966,0.0,3,88707.26,False,False,False
PRIMARY CARE 24 MERSEYSIDE,supplier,1,0.0001890359168241966,0.0,59,1970417.44,False,False,False
PRIMARY CARE COMMISSIONING CIC,supplier,1,0.0001890359168241966,0.0,50,3535888.91,False,False,False
PRIMARY CARE DONCASTER,supplier,1,0.0001890359168241966,0.0,18,2997981.69,False,False,False
PRIMARY CARE FOUNDATION,supplier,1,0.0001890359168241966,0.0,4,182990.0,False,False,False
PRIMARY INTEGRATED COMMUNITY SERVICES,supplier,1,0.0001890359168241966,0.0,17,2347577.5100000002,False,False,False
PRIMECARE,supplier,1,0.0001890359168241966,0.0,6,208405.9,False,False,False
PRIMROSE HILL SURGERY,supplier,1,0.0001890359168241966,0.0,7,522768.33999999997,False,False,False
PRINCE OF WALES SURGERY J81609,supplier,1,0.0001890359168241966,0.0,2,54414.54,False,False,False
PRINCES PARK MEDICAL CENTRE,supplier,1,0.0001890359168241966,0.0,9,447218.64,False,False,False
PRINCESS ALEXANDRA HOSPITAL NHS TRUST,supplier,1,0.0001890359168241966,0.0,27,9354748.87,False,False,False
PRINCESS ALEXANDRA HOSPITAL NHS TRUST THE,supplier,1,0.0001890359168241966,0.0,482,232563625.01,False,True,True
PRIORY AVENUE SURGERY HIGH WYCOMBE,supplier,1,0.0001890359168241966,0.0,14,1437413.48,False,False,False
PRIORY GARDENS MEDICAL PRACTICE,supplier,1,0.0001890359168241966,0.0,6,418050.01999999996,False,False,False
PRIORY GROUP,supplier,1,0.0001890359168241966,0.0,301,205526738.6,False,True,True
PRIORY MEDICAL CENTRE,supplier,1,0.0001890359168241966,0.0,21,1289822.96,False,False,False
PRIORY MEDICAL GROUP,supplier,1,0.0001890359168241966,0.0,21,1019821.25,False,False,False
PRIORY MEDICAL GROUP A87009,supplier,1,0.0001890359168241966,0.0,2,58813.100000000006,False,False,False
PRIORY MEDICAL PRACTICE,supplier,1,0.0001890359168241966,0.0,4,191412.83000000002,False,False,False
PRIORY ROAD MEDICAL CENTRE,supplier,1,0.0001890359168241966,0.0,18,1558579.84,False,False,False
PRIVITAR,supplier,1,0.0001890359168241966,0.0,2,2040000.0,False,False,False
PROACTIVE PROSTHETICS,supplier,1,0.0001890359168241966,0.0,3,217076.02,False,False,False
PROBRAND,supplier,1,0.0001890359168241966,0.0,7,1497097.83,False,False,False
PROBUS SURGERY,supplier,1,0.0001890359168241966,0.0,26,1310534.6300000001,False,False,False
PROCARE HEALTH,supplier,1,0.0001890359168241966,0.0,12,550968.37,False,False,False
PROFESSIONAL DATA MANAGEMENT SERVICES,supplier,1,0.0001890359168241966,0.0,6,190205.0,False,False,False
PROFESSIONAL RECORD STANDARDS BODY,supplier,2,0.0003780718336483932,0.0,113,7854355.9399999995,True,False,True
PROGRESS HEALTH PARTNERSHIPS,supplier,1,0.0001890359168241966,0.0,2,103554.0,False,False,False
PROGRESS HOUSING ASSOCIATION,supplier,2,0.0003780718336483932,0.0,14,869247.14,True,False,True
PROJECT ROME,supplier,1,0.0001890359168241966,0.0,2,92400.0,False,False,False
PROJECT SALUS CIC,supplier,1,0.0001890359168241966,0.0,2,174904.0,False,False,False
PROMETHEUS COMPLEX CARE,supplier,1,0.0001890359168241966,0.0,40,1927458.6,False,False,False
PROPHARMACE,supplier,1,0.0001890359168241966,0.0,8,617916.66,False,False,False
PROSPECT HOSPICE,supplier,1,0.0001890359168241966,0.0,4,320878.58999999997,False,False,False
PROSTATE CANCER UK,supplier,1,0.0001890359168241966,0.0,2,1898816.0,False,False,False
PROUD2BOPS COMMUNITY INTEREST COMPANY,supplier,1,0.0001890359168241966,0.0,2,233333.34,False,False,False
PROVIDE CIC,supplier,1,0.0001890359168241966,0.0,187,19989090.6,False,False,False
PROVIDENCE SURGERY,supplier,1,0.0001890359168241966,0.0,9,654776.48,False,False,False
PRUDENTIAL,supplier,1,0.0001890359168241966,0.0,3,89855.67,False,False,False
PTFS EUROPE,supplier,1,0.0001890359168241966,0.0,5,163873.66999999998,False,False,False
PUBLIC DIGITAL,supplier,1,0.0001890359168241966,0.0,11,1128807.5,False,False,False
PUBLIC HEALTH ENGLAND,supplier,2,0.0003780718336483932,0.0002657385677725245,46,8351213.16,True,False,True
PUBLIC SERVICE CONSULTANTS LTD THE,supplier,1,0.0001890359168241966,0.0,46,3748086.77,False,False,False
PUCKERIDGE & STANDON SURGERY,supplier,1,0.0001890359168241966,0.0,13,999888.12,False,False,False
PULBOROUGH MEDICAL GROUP,supplier,1,0.0001890359168241966,0.0,13,650336.88,False,False,False
PURE AUDIO VISUAL,supplier,1,0.0001890359168241966,0.0,3,208360.06,False,False,False
PURE VISION EYECARE LTD TA EYE CARE OPTICAL,supplier,1,0.0001890359168241966,0.0,2,51581.05,False,False,False
PURFLEET CARE CENTRE,supplier,1,0.0001890359168241966,0.0,30,1527245.1199999999,False,False,False
PURTON SURGERY,supplier,1,0.0001890359168241966,0.0,2,27545.62,False,False,False
PUTNEYMEAD GROUP MEDICAL PRACTICE,supplier,1,0.0001890359168241966,0.0,8,645579.13,False,False,False
PUTNOE AND LINDEN GROUP,supplier,1,0.0001890359168241966,0.0,2,73280.1,False,False,False
PUTNOE MEDICAL CENTRE PARTNERSHIP,supplier,1,0.0001890359168241966,0.0,4,454162.88,False,False,False
PUZZEL,supplier,1,0.0001890359168241966,0.0,5,435210.53,False,False,False
Q2 HEALTH CONSULTING,supplier,1,0.0001890359168241966,0.0,5,390173.67,False,False,False
Q5 PARTNERS,supplier,1,0.0001890359168241966,0.0,8,427065.0,False,False,False
QIAGEN,supplier,1,0.0001890359168241966,0.0,4,5822568.0,False,False,False
QINETIQ,supplier,1,0.0001890359168241966,0.0,28,12116067.09,False,False,False
QPERCOM,supplier,1,0.0001890359168241966,0.0,16,1081175.951496914,False,False,False
QUALITAS CONSORTIUM UK,supplier,1,0.0001890359168241966,0.0,70,2377820.0,False,False,False
QUALITECH HEALTHCARE,supplier,1,0.0001890359168241966,0.0,4,111657.6,False,False,False
QUALITEST GROUP UK,supplier,1,0.0001890359168241966,0.0,127,6962480.83,False,False,False
QUALITY BY RANDOMIZATION,supplier,1,0.0001890359168241966,0.0,3,2000000.0,False,False,False
QUALITY HEALTH,supplier,1,0.0001890359168241966,0.0,24,1965012.31,False,False,False
QUALITY MEDICAL SOLUTIONS,supplier,1,0.0001890359168241966,0.0,13,1209796.68,False,False,False
QUALTRICS LLC,supplier,1,0.0001890359168241966,0.0,3,419624.0,False,False,False
QUANTOCK MEDICAL CENTRE NETHER STOWEY BRIDGWATER,supplier,1,0.0001890359168241966,0.0,3,88558.11,False,False,False
QUANTOCK VALE SURGERY BISHOPS LYDEARD TAUNTON,supplier,1,0.0001890359168241966,0.0,3,121440.72,False,False,False
QUARTER JACK SURGERY,supplier,1,0.0001890359168241966,0.0,10,476580.74,False,False,False
QUAY HEALTH SOLUTIONS CIC,supplier,1,0.0001890359168241966,0.0,25,2475589.81,False,False,False
QUAY LANE SURGERY,supplier,1,0.0001890359168241966,0.0,13,446572.94,False,False,False
QUEEN CAMEL HEALTH CENTRE QUEEN CAMEL YEOVIL,supplier,1,0.0001890359168241966,0.0,3,150096.48,False,False,False
QUEEN ELIZABETH HOSPITAL KINGS LYNN NHS FOUNDATION TRUST,supplier,1,0.0001890359168241966,0.0,556,188798327.91,False,True,True
QUEEN SQUARE MEDICAL PRACTICE LANCASTER,supplier,1,0.0001890359168241966,0.0,7,430993.67,False,False,False
QUEEN STREET MEDICAL PRACTICE,supplier,1,0.0001890359168241966,0.0,19,1739644.16,False,False,False
QUEEN VICTORIA HOSPITAL NHS FOUNDATION TRUST,supplier,1,0.0001890359168241966,0.0,358,135967217.12,False,True,True
QUEENS MEDICAL CENTRE,supplier,1,0.0001890359168241966,0.0,3,202903.80000000002,False,False,False
QUEENS NURSING INSTITUTE,supplier,1,0.0001890359168241966,0.0,8,464500.0,False,False,False
QUEENS PARK MEDICAL CENTRE,supplier,1,0.0001890359168241966,0.0,11,664221.3200000001,False,False,False
QUEENS PARK SURGERY,supplier,1,0.0001890359168241966,0.0,5,253111.36000000002,False,False,False
QUEENS ROAD MEDICAL CENTRE,supplier,1,0.0001890359168241966,0.0,14,854193.8200000001,False,False,False
QUEENSVIEW MEDICAL CENTRE,supplier,1,0.0001890359168241966,0.0,17,1053197.8800000001,False,False,False
QUEENSWAY DENTAL PRACTICE,supplier,1,0.0001890359168241966,0.0,30,1607346.57,False,False,False
QUEENSWAY MEDICAL CENTRE WELLINGBOROUGH,supplier,1,0.0001890359168241966,0.0,29,2516083.02,False,False,False
QUEENSWAY SURGERY,supplier,1,0.0001890359168241966,0.0,14,840051.35,False,False,False
QUIDEL IRELAND,supplier,1,0.0001890359168241966,0.0,5,229200.0,False,False,False
QUINN BNE,supplier,1,0.0001890359168241966,0.0,15,419324.68,False,False,False
QUIQSOLUTIONS,supplier,1,0.0001890359168241966,0.0,13,1674247.62,False,False,False
RACE EQUALITY FOUNDATION THE,supplier,1,0.0001890359168241966,0.0,2,79965.0,False,False,False
RADIOMETER,supplier,1,0.0001890359168241966,0.0,2,105083.57,False,False,False
RADNOR HOUSE SURGERY & ASCOT MEDICAL CENTRE,supplier,1,0.0001890359168241966,0.0,5,2889942.99,False,False,False
RAHMAN & RAHMAN WEDNESBURY,supplier,1,0.0001890359168241966,0.0,4,339236.55,False,False,False
RAILWAY MEDICAL GROUP,supplier,1,0.0001890359168241966,0.0,30,1822462.87,False,False,False
RAINBOW CHILDRENS HOSPICE,supplier,1,0.0001890359168241966,0.0,2,901643.0,False,False,False
RAINBOWS CHILDRENS HOSPICE,supplier,1,0.0001890359168241966,0.0,3,3166124.0,False,False,False
RAISE THE BAR,supplier,1,0.0001890359168241966,0.0,5,300000.0,False,False,False
RALEIGH SURGERY EXMOUTH,supplier,1,0.0001890359168241966,0.0,3,79445.49,False,False,False
RAME GROUP PRACTICE,supplier,1,0.0001890359168241966,0.0,36,2747778.61,False,False,False
RAMSAY HEALTH CARE UK,supplier,1,0.0001890359168241966,0.0,68,11062549.51,False,False,False
RAMSAY HEALTH CARE UK OPERATIONS,supplier,1,0.0001890359168241966,0.0,77,393549850.13,False,False,False
RAMSBURY SURGERY,supplier,1,0.0001890359168241966,0.0,10,428960.8,False,False,False
RAND EUROPE,supplier,1,0.0001890359168241966,0.0,3,259464.97,False,False,False
RANDALL & PARTNERS,supplier,1,0.0001890359168241966,0.0,7,366987.9,False,False,False
RAPE & SEXUAL ABUSE RASA CENTRE,supplier,1,0.0001890359168241966,0.0,12,1009940.5700000001,False,False,False
RASHEED R,supplier,1,0.0001890359168241966,0.0,58,2993770.68,False,False,False
RATCLIFFE ROAD PRACTICE,supplier,1,0.0001890359168241966,0.0,10,528383.96,False,False,False
RAVENSWOOD MEDICAL PRACTICE,supplier,1,0.0001890359168241966,0.0,2,55903.42,False,False,False
RCGP CONFERENCES,supplier,1,0.0001890359168241966,0.0,2,74760.0,False,False,False
RDE BLISWORTH HANSLOPE & GRANGE PARK SURGERIES,supplier,1,0.0001890359168241966,0.0,48,3508263.86,False,False,False
READESMOOR MEDICAL GROUP,supplier,1,0.0001890359168241966,0.0,10,638018.85,False,False,False
READING BOROUGH COUNCIL,supplier,1,0.0001890359168241966,0.0,8,360260.69,False,False,False
RED & GREEN PRACTICES,supplier,1,0.0001890359168241966,0.0,26,1559000.9,False,False,False
RED BADGER CONSULTING,supplier,1,0.0001890359168241966,0.0,3,1206488.2,False,False,False
RED HOUSE,supplier,1,0.0001890359168241966,0.0,4,137005.16,False,False,False
RED HOUSE SURGERY,supplier,1,0.0001890359168241966,0.0,2,56929.54,False,False,False
REDCLIFFE SURGERY,supplier,1,0.0001890359168241966,0.0,12,822096.12,False,False,False
REDDINGTON & PARTNERS,supplier,1,0.0001890359168241966,0.0,7,499200.5,False,False,False
REDFERN HEALTH CENTRE SALCOMBE,supplier,1,0.0001890359168241966,0.0,3,119981.79000000001,False,False,False
REDFERNE DHADDA & PARTNERS,supplier,1,0.0001890359168241966,0.0,7,595803.78,False,False,False
REDGATE MEDICAL CENTRE BRIDGWATER,supplier,1,0.0001890359168241966,0.0,3,126691.68,False,False,False
REDWELL MEDICAL CENTRE,supplier,1,0.0001890359168241966,0.0,18,1418530.68,False,False,False
REED MOMENTA,supplier,1,0.0001890359168241966,0.0,41,4226110.4,False,False,False
REED WELLBEING,supplier,1,0.0001890359168241966,0.0,150,22735709.39,False,False,False
REEDYFORD HEALTH CARE GROUP,supplier,1,0.0001890359168241966,0.0,7,472960.66000000003,False,False,False
REFUAID EQUAL ACCESS CIC,supplier,1,0.0001890359168241966,0.0,4,163527.19,False,False,False
REFUGEE COUNCIL,supplier,1,0.0001890359168241966,0.0,6,595806.75,False,False,False
REGIS HEALTHCARE,supplier,1,0.0001890359168241966,0.0,176,25316335.9,False,False,False
RELATE,supplier,1,0.0001890359168241966,0.0,4,650890.0,False,False,False
RELATE LEICESTER LEICESTERSHIRE & RUTLAND,supplier,1,0.0001890359168241966,0.0,7,274620.75,False,False,False
RENAL ASSOCIATION RENAL REGISTRY,supplier,1,0.0001890359168241966,0.0,2,95220.0,False,False,False
RENAL SERVICES OPERATIONS,supplier,1,0.0001890359168241966,0.0,6,222904.0,False,False,False
RENNIE GROVE HOSPICE CARE,supplier,1,0.0001890359168241966,0.0,5,524113.0,False,False,False
RENRAY HEALTHCARE,supplier,1,0.0001890359168241966,0.0,7,223800.0,False,False,False
RESPIREX INTERNATIONAL,supplier,1,0.0001890359168241966,0.0,9,6747661.32,False,False,False
RESPOND,supplier,1,0.0001890359168241966,0.0,4,140200.0,False,False,False
RESTORE,supplier,1,0.0001890359168241966,0.0,5,144430.1,False,False,False
RETHINK,supplier,1,0.0001890359168241966,0.0,18,1059292.62,False,False,False
REVOLVING DOORS AGENCY,supplier,1,0.0001890359168241966,0.0,13,470857.85,False,False,False
REVVITY UK,supplier,1,0.0001890359168241966,0.0,24,1090852.98,False,False,False
REWARD GATEWAY UK,supplier,1,0.0001890359168241966,0.0,4,116938.92,False,False,False
RFEA,supplier,1,0.0001890359168241966,0.0,27,5759695.6,False,False,False
RHENUS HIGH TECH,supplier,1,0.0001890359168241966,0.0,4,144779.65,False,False,False
RHIAN MONTEITH,supplier,1,0.0001890359168241966,0.0,2,70040.01999999999,False,False,False
RICHARD DIMBLEBY CANCER FUND,supplier,1,0.0001890359168241966,0.0,9,545000.0,False,False,False
RICHARD HOUSE TRUST,supplier,1,0.0001890359168241966,0.0,6,2359218.0,False,False,False
RICHARD TAMLYN,supplier,1,0.0001890359168241966,0.0,13,495682.8,False,False,False
RICHMOND MEDICAL,supplier,1,0.0001890359168241966,0.0,15,1425228.6400000001,False,False,False
RICHMOND SURGERY,supplier,1,0.0001890359168241966,0.0,26,1489230.84,False,False,False
RIDGACRE HOUSE SURGERY,supplier,1,0.0001890359168241966,0.0,6,168384.18,False,False,False
RIDGEWAY SURGERY DUDLEY,supplier,1,0.0001890359168241966,0.0,4,151921.15,False,False,False
RIDINGS MEDICAL GROUP THE,supplier,1,0.0001890359168241966,0.0,57,2514681.28,False,False,False
RIMMINGTON PHARMACY,supplier,1,0.0001890359168241966,0.0,3,145326.15,False,False,False
RINGMEAD MEDICAL PRACTICE,supplier,1,0.0001890359168241966,0.0,5,217995.8,False,False,False
RINGWOOD MEDICAL CENTRE,supplier,1,0.0001890359168241966,0.0,2,60923.36,False,False,False
RISE PARK SURGERY,supplier,1,0.0001890359168241966,0.0,4,917215.49,False,False,False
RISK LEDGER,supplier,1,0.0001890359168241966,0.0,2,294000.0,False,False,False
RITCHIE STREET GROUP PRACTICE,supplier,1,0.0001890359168241966,0.0,2,54479.24,False,False,False
RIVER BROOK MEDICAL CENTRE,supplier,1,0.0001890359168241966,0.0,19,1324096.09,False,False,False
RIVERBANK MEDICAL CENTRE MIDHURST,supplier,1,0.0001890359168241966,0.0,10,503299.10000000003,False,False,False
RIVERDALE GRANGE,supplier,1,0.0001890359168241966,0.0,36,8986131.14,False,False,False
RIVERSIDE HEALTH CENTRE TONGE J & PARTNERS,supplier,1,0.0001890359168241966,0.0,8,265954.38,False,False,False
RIVERSIDE MEDICAL CENTRE CASTLEFORD,supplier,1,0.0001890359168241966,0.0,6,647867.36,False,False,False
RIVERSIDE MEDICAL CENTRE PRESTON,supplier,1,0.0001890359168241966,0.0,2,95697.47,False,False,False
RIVERSIDE MEDICAL CENTRE STOCKTON TEES,supplier,1,0.0001890359168241966,0.0,17,1034458.84,False,False,False
RIVERSIDE SURGERY,supplier,1,0.0001890359168241966,0.0,56,2498443.48,False,False,False
RIVERSIDE SURGERY EVESHAM,supplier,1,0.0001890359168241966,0.0,31,2247974.5,False,False,False
RIVERSLEY ROAD PRACTICE,supplier,1,0.0001890359168241966,0.0,7,489187.18,False,False,False
ROBERT FREW MEDICAL PARTNERS,supplier,1,0.0001890359168241966,0.0,42,4337926.14,False,False,False
ROBERT JONES & AGNES HUNT ORTHOPAEDIC HOSPITAL NHS FOUNDATION TRUST,supplier,1,0.0001890359168241966,0.0,339,157595988.89000002,False,True,True
ROBERTS M J & PARTNERS,supplier,1,0.0001890359168241966,0.0,20,2073033.94,False,False,False
ROBOROUGH SURGERY,supplier,1,0.0001890359168241966,0.0,5,304588.31,False,False,False
ROCHDALE HEALTH ALLIANCE,supplier,1,0.0001890359168241966,0.0,2,282448.0,False,False,False
ROCHDALE ROAD MEDICAL CENTRE,supplier,1,0.0001890359168241966,0.0,8,393428.58,False,False,False
ROCHE DIAGNOSTICS,supplier,1,0.0001890359168241966,0.0,12,2708135.08,False,False,False
ROCKET SCIENCE UK,supplier,1,0.0001890359168241966,0.0,2,58908.0,False,False,False
RODERICKS,supplier,1,0.0001890359168241966,0.0,6,225243.65,False,False,False
ROE LANE SURGERY,supplier,1,0.0001890359168241966,0.0,5,158100.27,False,False,False
ROEHAMPTON UNIVERSITY,supplier,1,0.0001890359168241966,0.0,4,617330.28,False,False,False
ROLLE MEDICAL PARTNERSHIP,supplier,1,0.0001890359168241966,0.0,5,328323.02999999997,False,False,False
ROOD END MEDICAL PRACTICE,supplier,1,0.0001890359168241966,0.0,3,152429.32,False,False,False
ROOKERY MEDICAL CENTRE,supplier,1,0.0001890359168241966,0.0,3,80137.96,False,False,False
ROPE GREEN MEDICAL CENTRE,supplier,1,0.0001890359168241966,0.0,6,271122.66,False,False,False
ROPE GREEN MEDICAL CENTRE N81084,supplier,1,0.0001890359168241966,0.0,2,63053.9,False,False,False
ROPER R M & PARTNERS,supplier,1,0.0001890359168241966,0.0,30,2706364.68,False,False,False
ROSEBANK HEALTH,supplier,1,0.0001890359168241966,0.0,30,2796937.56,False,False,False
ROSEBERRY PRACTICE,supplier,1,0.0001890359168241966,0.0,4,117735.79000000001,False,False,False
ROSEDALE SURGERY,supplier,1,0.0001890359168241966,0.0,2,63830.7,False,False,False
ROSEDEAN SURGERY,supplier,1,0.0001890359168241966,0.0,15,1037008.04,False,False,False
ROSELAND SURGERIES,supplier,1,0.0001890359168241966,0.0,13,410449.54,False,False,False
ROSEVILLA SURGERY,supplier,1,0.0001890359168241966,0.0,41,2022597.4500000002,False,False,False
ROSLEA SURGERY,supplier,1,0.0001890359168241966,0.0,3,104275.6,False,False,False
ROSMELLYN SURGERY,supplier,1,0.0001890359168241966,0.0,12,639315.27,False,False,False
ROTHERHAM DONCASTER & SOUTH HUMBER MENTAL HEALTH NHS FOUNDATION TRUST,supplier,1,0.0001890359168241966,0.0,8,1682882.2,False,False,False
ROTHERHAM DONCASTER AND SOUTH HUMBER NHS FOUNDATION TRUST,supplier,1,0.0001890359168241966,0.0,211,56336064.39,False,True,True
ROTHERHAM METROPOLITAN BOROUGH COUNCIL,supplier,1,0.0001890359168241966,0.0,6,8760378.46,False,False,False
ROTHERHAM NHS FOUNDATION TRUST,supplier,1,0.0001890359168241966,0.0,477,181171902.01,False,True,True
ROTHERHAM RESPIRATORY,supplier,1,0.0001890359168241966,0.0,3,264950.0,False,False,False
ROTHSCHILD HOUSE SURGERY,supplier,1,0.0001890359168241966,0.0,40,4383329.11,False,False,False
ROTHWELL & DESBOROUGH SURGERIES,supplier,1,0.0001890359168241966,0.0,27,2797902.64,False,False,False
ROUTE 101,supplier,1,0.0001890359168241966,0.0,2,663963.84,False,False,False
ROWDEN MEDICAL PARTNERSHIP,supplier,1,0.0001890359168241966,0.0,18,1619012.04,False,False,False
ROWDEN SURGERY,supplier,1,0.0001890359168241966,0.0,3,152671.0,False,False,False
ROXTON PRACTICE,supplier,1,0.0001890359168241966,0.0,23,1817794.7,False,False,False
ROYAL ASSOCIATION FOR DEAF PEOPLE,supplier,1,0.0001890359168241966,0.0,2,69863.22,False,False,False
ROYAL BERKSHIRE NHS FOUNDATION TRUST,supplier,1,0.0001890359168241966,0.0,677,568284006.98,False,True,True
ROYAL BOLTON HOSPITAL NHS FOUNDATION TRUST,supplier,1,0.0001890359168241966,0.0,147,61562811.68,False,False,False
ROYAL BOROUGH OF GREENWICH,supplier,1,0.0001890359168241966,0.0,3,4017919.11,False,False,False
ROYAL BOURNEMOUTH AND CHRISTCHURCH HOSPITALS NHS FOUNDATION TRUST,supplier,1,0.0001890359168241966,0.0,132,107151208.85,False,False,False
ROYAL BRITISH LEGION POPPY FACTORY LTD THE,supplier,1,0.0001890359168241966,0.0,2,192282.0,False,False,False
ROYAL BROMPTON & HAREFIELD NHS FOUNDATION TRUST,supplier,1,0.0001890359168241966,0.0,114,720001671.99,False,False,False
ROYAL COLLEGE OF ANAESTHETISTS,supplier,1,0.0001890359168241966,0.0,2,55213.5,False,False,False
ROYAL COLLEGE OF GENERAL PRACTITIONERS,supplier,1,0.0001890359168241966,0.0,48,4934623.74,False,False,False
ROYAL COLLEGE OF MIDWIVES,supplier,1,0.0001890359168241966,0.0,2,146871.6,False,False,False
ROYAL COLLEGE OF NURSING,supplier,1,0.0001890359168241966,0.0,5,481039.0,False,False,False
ROYAL COLLEGE OF OBSTETRICIANS & GYNAECOLOGY,supplier,1,0.0001890359168241966,0.0,2,143972.5,False,False,False
ROYAL COLLEGE OF OCCUPATIONAL THERAPISTS,supplier,1,0.0001890359168241966,0.0,2,331250.0,False,False,False
ROYAL COLLEGE OF PAEDIATRICS & CHILD HEALTH,supplier,1,0.0001890359168241966,0.0,2,174982.7,False,False,False
ROYAL COLLEGE OF PHYSICIANS,supplier,1,0.0001890359168241966,0.0,26,2054399.04,False,False,False
ROYAL COLLEGE OF PSYCHIATRISTS,supplier,1,0.0001890359168241966,0.0,52,10979479.23,False,False,False
ROYAL COLLEGE OF RADIOLOGISTS,supplier,1,0.0001890359168241966,0.0,2,93200.0,False,False,False
ROYAL COLLEGE OF SPEECH & LANGUAGE THERAPISTS,supplier,1,0.0001890359168241966,0.0,2,268750.0,False,False,False
ROYAL COLLEGE OF SURGEONS OF ENGLAND,supplier,1,0.0001890359168241966,0.0,22,861815.1,False,False,False
ROYAL CORNWALL HOSPITALS NHS TRUST,supplier,1,0.0001890359168241966,0.0,877,780087256.11,False,True,True
ROYAL CRESCENT&PRESTON ROAD PRACTICE,supplier,1,0.0001890359168241966,0.0,6,215165.84,False,False,False
ROYAL DEVON AND EXETER NHS FOUNDATION TRUST,supplier,1,0.0001890359168241966,0.0,387,513569919.46999997,False,True,True
ROYAL DEVON UNIVERSITY HEALTHCARE NHS FOUNDATION TRUST,supplier,1,0.0001890359168241966,0.0,707,683984488.86,False,True,True
ROYAL HOLLOWAY UNIVERSITY OF LONDON,supplier,1,0.0001890359168241966,0.0,10,4332825.68,False,False,False
ROYAL HOSPITAL FOR NEURO DISABILITY,supplier,1,0.0001890359168241966,0.0,93,68909361.21,False,False,False
ROYAL LIVERPOOL AND BROADGREEN UNIVERSITY HOSPITALS NHS TRUST,supplier,2,0.0003780718336483932,0.00026547282920475195,64,70554795.87,True,False,True
ROYAL MANOR HEALTH CARE,supplier,1,0.0001890359168241966,0.0,2,74842.98000000001,False,False,False
ROYAL MARSDEN NHS FOUNDATION TRUST THE,supplier,1,0.0001890359168241966,0.0,894,1276228485.89,False,True,True
ROYAL MENCAP SOCIETY,supplier,1,0.0001890359168241966,0.0,2,114490.79999999999,False,False,False
ROYAL NATIONAL ORTHOPAEDIC HOSPITAL NHS TRUST,supplier,1,0.0001890359168241966,0.0,725,469501095.64,False,True,True
ROYAL ORTHOPAEDIC HOSPITAL NHS FOUNDATION TRUST,supplier,1,0.0001890359168241966,0.0,303,179011189.02,False,True,True
ROYAL PAPWORTH HOSPITAL NHS FOUNDATION TRUST,supplier,1,0.0001890359168241966,0.0,446,1064371584.94,False,True,True
ROYAL PHARMACEUTICAL SOCIETY,supplier,1,0.0001890359168241966,0.0,11,1426701.74,False,False,False
ROYAL SOCIETY FOR PUBLIC HEALTH,supplier,1,0.0001890359168241966,0.0,8,434275.04000000004,False,False,False
ROYAL SOCIETY OF MEDICINE THE,supplier,1,0.0001890359168241966,0.0,2,90000.0,False,False,False
ROYAL SURREY COUNTY HOSPITAL NHS FOUNDATION TRUST,supplier,1,0.0001890359168241966,0.0,1103,1019352735.82,False,True,True
ROYAL TERRACE DENTAL PRACTICE,supplier,1,0.0001890359168241966,0.0,47,2229758.01,False,False,False
ROYAL UNITED HOSPITALS BATH NHS FOUNDATION TRUST,supplier,1,0.0001890359168241966,0.0,758,579475316.33,False,True,True
ROYAL VOLUNTARY SERVICE,supplier,1,0.0001890359168241966,0.0,96,38453906.74,False,False,False
ROYAL WOLVERHAMPTON HOSPITALS NHS TRUST THE,supplier,1,0.0001890359168241966,0.0,755,959537713.74,False,True,True
ROYTON & CROMPTON FAMILY PRACTICE,supplier,1,0.0001890359168241966,0.0,15,702271.26,False,False,False
ROYTON MEDICAL CENTRE,supplier,1,0.0001890359168241966,0.0,11,1293887.52,False,False,False
RSM UK CONSULTING,supplier,1,0.0001890359168241966,0.0,29,2441520.38,False,False,False
RUBICON CARES,supplier,1,0.0001890359168241966,0.0,2,82000.0,False,False,False
RUBY COUNTRY MEDICAL GROUP L83069,supplier,1,0.0001890359168241966,0.0,2,80721.5,False,False,False
RUGBY VISION PLUS,supplier,1,0.0001890359168241966,0.0,6,172217.46,False,False,False
RUN FOR YOUR LIFE CIC,supplier,1,0.0001890359168241966,0.0,4,171000.0,False,False,False
RUSHALL MEDICAL CENTRE,supplier,1,0.0001890359168241966,0.0,7,246221.39,False,False,False
RUSHDEN MEDICAL CENTRE,supplier,1,0.0001890359168241966,0.0,16,1149053.03,False,False,False
RUSS CONSULTING,supplier,2,0.0003780718336483932,0.00026547282920475195,8,417537.32,True,False,True
RUSSELL REYNOLDS ASSOCIATES,supplier,1,0.0001890359168241966,0.0,6,191650.15,False,False,False
RUSSELL S M & PARTNERS,supplier,1,0.0001890359168241966,0.0,34,2684454.5,False,False,False
RUSTHALL MEDICAL CENTRE,supplier,1,0.0001890359168241966,0.0,10,822624.19,False,False,False
RUSTLINGS ROAD MEDICAL CENTRE,supplier,1,0.0001890359168241966,0.0,15,992041.94,False,False,False
RUTLAND COUNTY COUNCIL,supplier,1,0.0001890359168241966,0.0,2,107400.0,False,False,False
RXINFO,supplier,1,0.0001890359168241966,0.0,22,6913497.4,False,False,False
RYALLS PARK MEDICAL CENTRE,supplier,1,0.0001890359168241966,0.0,3,115081.98000000001,False,False,False
RYAN MEDICAL CENTRE,supplier,1,0.0001890359168241966,0.0,8,462604.86,False,False,False
RYCOTE PRACTICE,supplier,1,0.0001890359168241966,0.0,2,61526.96000000001,False,False,False
RYELAND SURGERY,supplier,1,0.0001890359168241966,0.0,2,80459.6,False,False,False
S N I OPTOMETRIC SERVICES,supplier,1,0.0001890359168241966,0.0,2,62675.1,False,False,False
S12 SOLUTIONS,supplier,1,0.0001890359168241966,0.0,12,560716.8,False,False,False
S2S HEALTH,supplier,1,0.0001890359168241966,0.0,3,99597.06,False,False,False
SABDEN & WHALLEY MEDICAL GROUP,supplier,1,0.0001890359168241966,0.0,5,231682.7,False,False,False
SADDLEWORTH MEDICAL PRACTICE,supplier,1,0.0001890359168241966,0.0,12,649559.75,False,False,False
SAFE IN TEES VALLEY,supplier,1,0.0001890359168241966,0.0,29,1127533.4300000002,False,False,False
SAFER COMMUNITIES,supplier,1,0.0001890359168241966,0.0,12,529035.0,False,False,False
SAFFRON GROUP PRACTICE,supplier,1,0.0001890359168241966,0.0,7,1272123.51,False,False,False
SAFFRON HEALTH PARTNERSHIP,supplier,1,0.0001890359168241966,0.0,4,133520.35,False,False,False
SAINI & PARTNER,supplier,1,0.0001890359168241966,0.0,11,1244759.3800000001,False,False,False
SALFORD CVS,supplier,1,0.0001890359168241966,0.0,26,3416250.0,False,False,False
SALFORD PRIMARY CARE TOGETHER,supplier,1,0.0001890359168241966,0.0,34,4620727.04,False,False,False
SALISBURY HOUSE SURGERY,supplier,1,0.0001890359168241966,0.0,14,866987.87,False,False,False
SALISBURY MEDICAL PRACTICE,supplier,1,0.0001890359168241966,0.0,19,1457482.8,False,False,False
SALISBURY NHS FOUNDATION TRUST,supplier,1,0.0001890359168241966,0.0,784,379311860.58,False,True,True
SALTAIRE & WINDHILL MEDICAL PARTNERSHIP,supplier,1,0.0001890359168241966,0.0,8,265531.5,False,False,False
SALTAIRE MEDICAL PRACTICE,supplier,1,0.0001890359168241966,0.0,3,279037.0,False,False,False
SALTASH HEALTH CENTRE,supplier,1,0.0001890359168241966,0.0,17,1310192.68,False,False,False
SALTLEY & FERNBANK MEDICAL PRACTICE,supplier,1,0.0001890359168241966,0.0,4,194901.04,False,False,False
SALUS MEDICAL SERVICES,supplier,1,0.0001890359168241966,0.0,2,59289.75,False,False,False
SAMARITAN ENTERPRISES LTD THE,supplier,1,0.0001890359168241966,0.0,9,2826977.0,False,False,False
SAMARITANS THE,supplier,1,0.0001890359168241966,0.0,4,538000.0,False,False,False
SAME DAY GLASSES LTD TA SPECIALEYES EYECARE OPTICIANS,supplier,1,0.0001890359168241966,0.0,8,244267.0,False,False,False
SANDRINGHAM PRACTICE,supplier,1,0.0001890359168241966,0.0,4,108161.75,False,False,False
SANDWELL AND WEST BIRMINGHAM HOSPITALS NHS TRUST,supplier,1,0.0001890359168241966,0.0,566,440110784.11,False,True,True
SANDWELL LOC,supplier,1,0.0001890359168241966,0.0,3,150000.0,False,False,False
SANDY HEALTH CENTRE,supplier,1,0.0001890359168241966,0.0,3,183279.93,False,False,False
SAS SOFTWARE,supplier,1,0.0001890359168241966,0.0,9,741354.9,False,False,False
SAXMUNDHAM HEALTH GROUP,supplier,1,0.0001890359168241966,0.0,10,357957.54,False,False,False
SAXON SPIRES PRACTICE,supplier,1,0.0001890359168241966,0.0,41,2672992.28,False,False,False
SAXONBROOK MEDICAL CENTRE,supplier,1,0.0001890359168241966,0.0,45,3709238.88,False,False,False
SAXONBURY HOUSE PRACTICE,supplier,1,0.0001890359168241966,0.0,15,1274816.4,False,False,False
SCARBOROUGH MEDICAL GROUP,supplier,1,0.0001890359168241966,0.0,2,66255.16,False,False,False
SCARTHO MEDICAL CENTRE,supplier,1,0.0001890359168241966,0.0,20,1945069.66,False,False,False
SCHMIDT & PARTNERS,supplier,1,0.0001890359168241966,0.0,3,257335.63999999998,False,False,False
SCHOEN CLINIC LONDON,supplier,1,0.0001890359168241966,0.0,22,8432486.0,False,False,False
SCHOFIELD & BRINDLE,supplier,1,0.0001890359168241966,0.0,15,1471458.09,False,False,False
SCHOOL HILL MEDICAL PRACTICE,supplier,1,0.0001890359168241966,0.0,13,596897.04,False,False,False
SCHOPWICK SURGERY,supplier,1,0.0001890359168241966,0.0,24,2220159.5,False,False,False
SCHULTZ S P & PARTNERS,supplier,1,0.0001890359168241966,0.0,29,2181308.54,False,False,False
SCIENTIFIC LABORATORY SUPPLIES,supplier,1,0.0001890359168241966,0.0,13,3615767.4499999997,False,False,False
SCILABUB,supplier,1,0.0001890359168241966,0.0,2,68417.34,False,False,False
SCOTT PRACTICE,supplier,1,0.0001890359168241966,0.0,37,3736909.12,False,False,False
SCOTT ROAD MEDICAL CENTRE,supplier,1,0.0001890359168241966,0.0,3,174804.74,False,False,False
SCOTTISH COMMUNITY DEVELOPMENT CENTRE,supplier,1,0.0001890359168241966,0.0,5,515700.0,False,False,False
SEATON &COLYTON MEDICAL PRACTICE,supplier,1,0.0001890359168241966,0.0,3,201618.06,False,False,False
SEATON PARK MEDICAL GROUP,supplier,1,0.0001890359168241966,0.0,12,840708.09,False,False,False
SEATTLE SOFTWARE,supplier,1,0.0001890359168241966,0.0,3,231840.0,False,False,False
SECOND NATURE HEALTH,supplier,1,0.0001890359168241966,0.0,9,343100.0,False,False,False
SEDBERGH MEDICAL PRACTICE,supplier,1,0.0001890359168241966,0.0,4,126138.52,False,False,False
SEEABILITY,supplier,1,0.0001890359168241966,0.0,17,912266.27,False,False,False
SELE MEDICAL PRACTICE,supplier,1,0.0001890359168241966,0.0,23,1963436.26,False,False,False
SELF HELP SERVICES,supplier,1,0.0001890359168241966,0.0,5,164918.0,False,False,False
SELSEY MEDICAL PRACTICE,supplier,1,0.0001890359168241966,0.0,13,855442.26,False,False,False
SENCAT,supplier,1,0.0001890359168241966,0.0,2,172371.96,False,False,False
SERCO,supplier,1,0.0001890359168241966,0.0,142,22565668.17,False,False,False
SEVENTEEN SECONDS,supplier,1,0.0001890359168241966,0.0,2,88000.0,False,False,False
SEVERN VIEW FAMILY PRACTICE L81018,supplier,1,0.0001890359168241966,0.0,2,78236.3,False,False,False
SEXUAL TRAUMA & RECOVERY SERVICESDORSET RAPE CRISIS,supplier,1,0.0001890359168241966,0.0,13,649546.1,False,False,False
SEYMOUR JOHN PUBLIC SERVICES NORTH,supplier,1,0.0001890359168241966,0.0,2,50000.0,False,False,False
SHADBOLT PARK SURGERY,supplier,1,0.0001890359168241966,0.0,26,2417155.69,False,False,False
SHANNON COURT SURGERY,supplier,1,0.0001890359168241966,0.0,3,131350.29,False,False,False
SHARED LIVES PLUS,supplier,1,0.0001890359168241966,0.0,2,346720.0,False,False,False
SHARPE PRITCHARD,supplier,1,0.0001890359168241966,0.0,14,2050755.73,False,False,False
SHARPSMART,supplier,1,0.0001890359168241966,0.0,19,511759.46,False,False,False
SHAW & MCDONAGH,supplier,1,0.0001890359168241966,0.0,3,97797.09,False,False,False
SHAWBIRCH MEDICAL CENTRE,supplier,1,0.0001890359168241966,0.0,9,916985.11,False,False,False
SHEEP STREET SURGERY BURFORD,supplier,1,0.0001890359168241966,0.0,10,676105.56,False,False,False
SHEEPCOT MEDICAL CENTRE,supplier,1,0.0001890359168241966,0.0,9,401360.66000000003,False,False,False
SHEERNESS HEALTH CENTRE,supplier,1,0.0001890359168241966,0.0,7,520604.38,False,False,False
SHEFFIELD 2 DOMICILIARY SPECSAVERS,supplier,1,0.0001890359168241966,0.0,8,227429.66,False,False,False
SHEFFIELD CHILDRENS NHS FOUNDATION TRUST,supplier,1,0.0001890359168241966,0.0,954,943673382.87,False,True,True
SHEFFIELD CITY GP HEALTH CENTRE,supplier,1,0.0001890359168241966,0.0,2,79023.14,False,False,False
SHEFFIELD HALLAM UNIVERSITY,supplier,1,0.0001890359168241966,0.0,22,7131733.76,False,False,False
SHEFFIELD HEALTH & SOCIAL CARE NHS FOUNDATION TRUST,supplier,1,0.0001890359168241966,0.0,170,58763177.55,False,False,False
SHEFFIELD TEACHING HOSPITALS NHS FOUNDATION TRUST,supplier,1,0.0001890359168241966,0.0,1415,3169790376.76,False,True,True
SHEFFORD HEALTH CENTRE,supplier,1,0.0001890359168241966,0.0,10,770345.73,False,False,False
SHELFSPAN,supplier,1,0.0001890359168241966,0.0,2,267350.4,False,False,False
SHEPPERTON MEDICAL PRACTICE,supplier,1,0.0001890359168241966,0.0,2,74029.64,False,False,False
SHERBURN GROUP PRACTICE,supplier,1,0.0001890359168241966,0.0,12,1121019.24,False,False,False
SHERWOOD FOREST HOSPITALS NHS FOUNDATION TRUST,supplier,1,0.0001890359168241966,0.0,493,233875324.18,False,True,True
SHERWOOD MEDICAL PARTNERSHIP,supplier,1,0.0001890359168241966,0.0,6,173571.62,False,False,False
SHIL UK,supplier,1,0.0001890359168241966,0.0,19,816145.0,False,False,False
SHIONOGI BV,supplier,1,0.0001890359168241966,0.0,9,14616000.0,False,False,False
SHIPLEY MEDICAL PRACTICE,supplier,1,0.0001890359168241966,0.0,2,130448.47,False,False,False
SHIREHAMPTON GROUP PRACTICE,supplier,1,0.0001890359168241966,0.0,15,826774.86,False,False,False
SHIRES HEALTH CARE,supplier,1,0.0001890359168241966,0.0,3,89180.29000000001,False,False,False
SHIRLEY AVENUE & CHEVIOT ROAD PRACTICE,supplier,1,0.0001890359168241966,0.0,11,827875.84,False,False,False
SHM PRODUCTIONS,supplier,1,0.0001890359168241966,0.0,3,90000.0,False,False,False
SHOOTING STAR CHASE,supplier,1,0.0001890359168241966,0.0,2,1622912.0,False,False,False
SHOOTING STAR CHILDRENS HOSPICE,supplier,1,0.0001890359168241966,0.0,3,4247235.0,False,False,False
SHORE MEDICAL,supplier,1,0.0001890359168241966,0.0,3,114283.8,False,False,False
SHORTSTOWN SURGERY,supplier,1,0.0001890359168241966,0.0,3,117803.51999999999,False,False,False
SHOTGATE PRACTICE PCT LED,supplier,1,0.0001890359168241966,0.0,3,97163.31,False,False,False
SHREEJI MEDICAL CENTRE,supplier,1,0.0001890359168241966,0.0,3,88849.59,False,False,False
SHREWSBURY&TELFORD HOSPITAL NHS TRUST,supplier,1,0.0001890359168241966,0.0,669,503319168.14,False,True,True
SHROPSHIRE COMMUNITY HEALTH NHS TRUST,supplier,1,0.0001890359168241966,0.0,233,51132423.98,False,True,True
SHROPSHIRE COUNCIL,supplier,1,0.0001890359168241966,0.0,11,2872240.7199999997,False,False,False
SHROPSHIRE LDC,supplier,1,0.0001890359168241966,0.0,2,100000.0,False,False,False
SHROPSHIRE LOC,supplier,1,0.0001890359168241966,0.0,5,267050.0,False,False,False
SHRUBBERY,supplier,1,0.0001890359168241966,0.0,12,657967.82,False,False,False
SIAM SURGERY,supplier,1,0.0001890359168241966,0.0,2,58659.86,False,False,False
SICKLE CELL SOCIETY,supplier,1,0.0001890359168241966,0.0,10,349819.5,False,False,False
SID VALLEY PRACTICE,supplier,1,0.0001890359168241966,0.0,14,583194.22,False,False,False
SIDCUP MEDICAL CENTRE,supplier,1,0.0001890359168241966,0.0,14,1007646.62,False,False,False
SIDCUP MEDICAL CENTRE G83066,supplier,1,0.0001890359168241966,0.0,2,51944.88,False,False,False
SIGN HEALTH,supplier,1,0.0001890359168241966,0.0,47,3604821.55,False,False,False
SIGNHEALTH,supplier,1,0.0001890359168241966,0.0,3,183253.5,False,False,False
SILCOX R F & PARTNER,supplier,1,0.0001890359168241966,0.0,4,119198.47,False,False,False
SILICON PRACTICE,supplier,1,0.0001890359168241966,0.0,3,240000.0,False,False,False
SILLOTH GROUP MEDICAL PRACTICE,supplier,1,0.0001890359168241966,0.0,16,1148762.45,False,False,False
SILLS P R & PARTNER,supplier,1,0.0001890359168241966,0.0,3,2220205.25,False,False,False
SILSDENT OPTICS TA SILSDEN OPTICIANS,supplier,1,0.0001890359168241966,0.0,9,556607.0,False,False,False
SILVERDALE & RYECROFT PRACTICE,supplier,1,0.0001890359168241966,0.0,17,972028.11,False,False,False
SILVERDALE MEDICAL PRACTICE,supplier,1,0.0001890359168241966,0.0,2,141006.14,False,False,False
SIMMONDLEY MEDICAL PRACTICE,supplier,1,0.0001890359168241966,0.0,2,122409.32,False,False,False
SIMPLYMEDS ONLINE,supplier,1,0.0001890359168241966,0.0,3,846420.0,False,False,False
SIMS M A & PARTNERS,supplier,1,0.0001890359168241966,0.0,31,2544493.43,False,False,False
SINGH P K & PARTNER,supplier,1,0.0001890359168241966,0.0,12,310769.22,False,False,False
SIRONA CARE & HEALTH CIC,supplier,1,0.0001890359168241966,0.0,32,13827433.99,False,False,False
SITEKIT APPLICATIONS,supplier,1,0.0001890359168241966,0.0,52,12192001.44,False,False,False
SKIDMORE PRYCE & GALPIN,supplier,1,0.0001890359168241966,0.0,7,279843.15,False,False,False
SKILLS FOR CARE,supplier,1,0.0001890359168241966,0.0,15,1583187.26,False,False,False
SKILLS FOR HEALTH,supplier,1,0.0001890359168241966,0.0,31,2205269.62,False,False,False
SKY BLUE MEDICAL GROUP M86003,supplier,1,0.0001890359168241966,0.0,7,233511.81,False,False,False
SLC MEDICAL GROUP,supplier,1,0.0001890359168241966,0.0,2,68459.73999999999,False,False,False
SLOUGH BOROUGH COUNCIL,supplier,1,0.0001890359168241966,0.0,3,1054199.37,False,False,False
SMALLFIELD SURGERY,supplier,1,0.0001890359168241966,0.0,3,147177.93,False,False,False
SMART SURVEY,supplier,1,0.0001890359168241966,0.0,2,179992.5,False,False,False
SMYE & PARTNERS,supplier,1,0.0001890359168241966,0.0,42,2478354.72,False,False,False
SNAITH & RAWCLIFFE MEDICAL GROUP,supplier,1,0.0001890359168241966,0.0,6,196914.06,False,False,False
SNAPCOMMS UK,supplier,1,0.0001890359168241966,0.0,2,112092.0,False,False,False
SOCIAL FINANCE,supplier,1,0.0001890359168241966,0.0,33,14652729.19,False,False,False
SOCIAL MOBILITY FOUNDATION,supplier,1,0.0001890359168241966,0.0,2,377000.0,False,False,False
SOCIETY OF RADIOGRAPHERS,supplier,1,0.0001890359168241966,0.0,2,385624.99,False,False,False
SODEXO,supplier,1,0.0001890359168241966,0.0,172,18967015.72,False,False,False
SODEXO HEALTHCARE SERVICES,supplier,1,0.0001890359168241966,0.0,2,780786.6100000001,False,False,False
SOFTWAREONE UK,supplier,1,0.0001890359168241966,0.0,3,186561.79,False,False,False
SOLENT NHS TRUST,supplier,1,0.0001890359168241966,0.0,436,156116791.38,False,True,True
SOLIHULL HEALTHCARE PARTNERSHIP M89017,supplier,1,0.0001890359168241966,0.0,2,144496.06,False,False,False
SOLTEC,supplier,1,0.0001890359168241966,0.0,2,85200.0,False,False,False
SOLUTION JUNKIES,supplier,1,0.0001890359168241966,0.0,5,1988100.0,False,False,False
SOLUTIONS STRATEGY RESEARCH FACILITATION,supplier,1,0.0001890359168241966,0.0,9,295291.76,False,False,False
SOMER VALLEY MEDICAL GROUP,supplier,1,0.0001890359168241966,0.0,2,123062.22,False,False,False
SOMERSET & AVON RAPE & SEXUAL ABUSE SUPPORT,supplier,1,0.0001890359168241966,0.0,20,2611532.75,False,False,False
SOMERSET BRIDGE SURGERY,supplier,1,0.0001890359168241966,0.0,4,114122.7,False,False,False
SOMERSET COUNTY COUNCIL,supplier,2,0.0003780718336483932,0.00022846293924491125,20,1980233.23,True,False,True
SOMERSET GARDENS HEALTH CENTRE,supplier,1,0.0001890359168241966,0.0,12,1883813.97,False,False,False
SOMERSET GP EDUCATION TRUST,supplier,1,0.0001890359168241966,0.0,2,99100.0,False,False,False
SOMERSET LOCAL MEDICAL COMMITTEE,supplier,1,0.0001890359168241966,0.0,2,436418.0,False,False,False
SOMERSET NHS FOUNDATION TRUST,supplier,1,0.0001890359168241966,0.0,830,667110801.38,False,True,True
SOMERSET PARTNERSHIP NHS FOUNDATION TRUST,supplier,1,0.0001890359168241966,0.0,41,13865118.75,False,False,False
SOMERSET SURGICAL SERVICES,supplier,1,0.0001890359168241966,0.0,38,1769776.46,False,False,False
SONAR INFORMATICS,supplier,1,0.0001890359168241966,0.0,74,5609427.45,False,False,False
SOUTH AXHOLME PRACTICE,supplier,1,0.0001890359168241966,0.0,21,1332229.25,False,False,False
SOUTH CAMBRIDGESHIRE DISTRICT COUNCIL,supplier,1,0.0001890359168241966,0.0,2,119251.39,False,False,False
SOUTH CENTRAL AMBULANCE SERVICE NHS FOUNDATION TRUST,supplier,1,0.0001890359168241966,0.0,200,103354473.74,False,False,False
SOUTH DOC SERVICES,supplier,1,0.0001890359168241966,0.0,13,1452486.24,False,False,False
SOUTH DOC SERVICES MY HEALTHCARE,supplier,1,0.0001890359168241966,0.0,5,844766.14,False,False,False
SOUTH DOWNS HEALTH AND CARE,supplier,1,0.0001890359168241966,0.0,12,740129.1799999999,False,False,False
SOUTH EAST COAST AMBULANCE SERVICE NHS FOUNDATION TRUST,supplier,1,0.0001890359168241966,0.0,108,47650809.12,False,False,False
SOUTH GLOUCESTERSHIRE COUNCIL,supplier,1,0.0001890359168241966,0.0,9,428833.0,False,False,False
SOUTH HERMITAGE SURGERY,supplier,1,0.0001890359168241966,0.0,14,1630942.19,False,False,False
SOUTH ISLINGTON GP ALLIANCE,supplier,1,0.0001890359168241966,0.0,14,672660.0,False,False,False
SOUTH LAWN MEDICAL PRACTICE,supplier,1,0.0001890359168241966,0.0,3,153671.88,False,False,False
SOUTH LEICESTERSHIRE MEDICAL GROUP,supplier,1,0.0001890359168241966,0.0,7,273971.02,False,False,False
SOUTH LONDON AND MAUDSLEY NHS FOUNDATION TRUST,supplier,1,0.0001890359168241966,0.0,659,496456704.75,False,True,True
SOUTH MILFORD SURGERY,supplier,1,0.0001890359168241966,0.0,10,499781.36,False,False,False
SOUTH MOLTON MEDICAL CENTRE,supplier,1,0.0001890359168241966,0.0,5,423794.97000000003,False,False,False
SOUTH REDDISH MEDICAL CENTRE,supplier,1,0.0001890359168241966,0.0,10,774331.72,False,False,False
SOUTH STAFFORDSHIRE PHARMACY COMMITTEE,supplier,1,0.0001890359168241966,0.0,4,266858.13,False,False,False
SOUTH STAFFS LOCAL MEDICAL COMMITTEE,supplier,1,0.0001890359168241966,0.0,2,80000.0,False,False,False
SOUTH STREET SURGERY,supplier,1,0.0001890359168241966,0.0,12,1460461.22,False,False,False
SOUTH TEES HOSPITALS NHS FOUNDATION TRUST,supplier,1,0.0001890359168241966,0.0,881,1533609773.05,False,True,True
SOUTH TYNESIDE & SUNDERLAND NHS FOUNDATION TRUST,supplier,2,0.0003780718336483932,0.0,677,520155341.01,True,True,True
SOUTH TYNESIDE NHS FOUNDATION TRUST,supplier,1,0.0001890359168241966,0.0,12,2740813.09,False,False,False
SOUTH VIEW LODGE DR WILLATT HEATHCOTE,supplier,1,0.0001890359168241966,0.0,13,1494066.5,False,False,False
SOUTH WEST COUNCILS,supplier,1,0.0001890359168241966,0.0,4,225800.0,False,False,False
SOUTH WEST LONDON AND ST GEORGES MENTAL HEALTH NHS TRUST,supplier,1,0.0001890359168241966,0.0,419,174427565.18,False,True,True
SOUTH WEST PENINSULA AHSN,supplier,1,0.0001890359168241966,0.0,86,25752893.240000002,False,False,False
SOUTH WEST YORKSHIRE PARTNERSHIP NHS FOUNDATION TRUST,supplier,1,0.0001890359168241966,0.0,399,445937142.48,False,True,True
SOUTH WESTERN AMBULANCE SERVICE NHS FOUNDATION TRUST,supplier,1,0.0001890359168241966,0.0,43,52152518.94,False,False,False
SOUTHAMPTON SOLENT UNIVERSITY,supplier,1,0.0001890359168241966,0.0,4,307874.0,False,False,False
SOUTHAMPTON UNIVERSITY HEALTH SERVICE,supplier,1,0.0001890359168241966,0.0,20,1082126.58,False,False,False
SOUTHAMPTON UNIVERSITY HOSPITALS NHS FOUNDATION TRUST,supplier,1,0.0001890359168241966,0.0,32,91102040.22,False,False,False
SOUTHBOURNE SURGERY H82078,supplier,1,0.0001890359168241966,0.0,2,140.84,False,False,False
SOUTHBROOM SURGERY,supplier,1,0.0001890359168241966,0.0,3,94102.22,False,False,False
SOUTHEND UNIVERSITY HOSPITAL NHS FOUNDATION TRUST,supplier,1,0.0001890359168241966,0.0,64,82944998.7,False,False,False
SOUTHERN HEALTH NHS FOUNDATION TRUST,supplier,1,0.0001890359168241966,0.0,507,256747550.14000002,False,True,True
SOUTHERNHAY HOUSE SURGERY EXETER,supplier,1,0.0001890359168241966,0.0,3,172505.61,False,False,False
SOUTHERNSBROADSTOCK,supplier,1,0.0001890359168241966,0.0,46,7788886.01,False,False,False
SOUTHGATE MEDICAL GROUP,supplier,1,0.0001890359168241966,0.0,20,1208579.28,False,False,False
SOUTHOVER SURGERY TORQUAY,supplier,1,0.0001890359168241966,0.0,8,321391.87,False,False,False
SOUTHPORT AND ORMSKIRK HOSPITAL NHS TRUST,supplier,1,0.0001890359168241966,0.0,261,134017095.07000001,False,True,True
SOUTHVIEW PARK SURGERY A T,supplier,1,0.0001890359168241966,0.0,3,135513.63,False,False,False
SOUTHWAY SURGERY SOUTHWAY TAMAR LCG,supplier,1,0.0001890359168241966,0.0,3,112707.29999999999,False,False,False
SOVEREIGN HEALTH PARTNERSHIP J82154,supplier,1,0.0001890359168241966,0.0,9,454488.06,False,False,False
SOVEREIGN PRACTICE,supplier,1,0.0001890359168241966,0.0,24,1516143.3,False,False,False
SP SERVICES UK,supplier,1,0.0001890359168241966,0.0,14,2046623.6400000001,False,False,False
SPA MEDICAL CENTRE,supplier,1,0.0001890359168241966,0.0,32,2382066.6,False,False,False
SPA SURGERY,supplier,1,0.0001890359168241966,0.0,3,82663.02,False,False,False
SPEAKERS FOR SCHOOLS,supplier,1,0.0001890359168241966,0.0,3,123660.0,False,False,False
SPECIALEYES EYECARE,supplier,1,0.0001890359168241966,0.0,44,1829980.39,False,False,False
SPECSAVERS ILKESTON,supplier,1,0.0001890359168241966,0.0,4,135063.58,False,False,False
SPECSAVERS OPTICIANS,supplier,1,0.0001890359168241966,0.0,7219,242845675.16,False,True,True
SPECSAVERS STRETFORD,supplier,1,0.0001890359168241966,0.0,3,76908.36,False,False,False
SPECSAVERS WYTHENSHAWE,supplier,1,0.0001890359168241966,0.0,11,337985.82,False,False,False
SPECTRUM COMMUNITY HEALTH CIC,supplier,1,0.0001890359168241966,0.0,869,348404786.85,False,True,True
SPENCER PRIVATE HOSPITAL,supplier,1,0.0001890359168241966,0.0,32,7618126.0,False,False,False
SPINAL INJURIES ASSOCIATION,supplier,1,0.0001890359168241966,0.0,14,548985.0,False,False,False
SPINNEY BROOK HEALTH CENTRE,supplier,1,0.0001890359168241966,0.0,16,1324470.99,False,False,False
SPINNEY TRAINING HUB,supplier,1,0.0001890359168241966,0.0,20,2068825.33,False,False,False
SPINNEY TRAINING HUB CIC,supplier,1,0.0001890359168241966,0.0,13,2284850.74,False,False,False
SPIRE HEALTHCARE,supplier,1,0.0001890359168241966,0.0,140,481205421.43,False,False,False
SPIRE HEALTHCARE GROUP,supplier,1,0.0001890359168241966,0.0,2,1323089.49,False,False,False
SPOWAGE P & PARTNERS,supplier,1,0.0001890359168241966,0.0,38,2330677.88,False,False,False
SPRING BANK SURGERY,supplier,1,0.0001890359168241966,0.0,3,113727.43,False,False,False
SPRING HALL MEDICAL PRACTICE,supplier,1,0.0001890359168241966,0.0,12,690567.54,False,False,False
SPRINGCLIFFE SURGERY SHEFFIELD,supplier,1,0.0001890359168241966,0.0,4,142630.68,False,False,False
SPRINGFIELD SURGERY BRACKLEY,supplier,1,0.0001890359168241966,0.0,20,1326852.27,False,False,False
SPRINGFIELDS MEDICAL CENTRE,supplier,1,0.0001890359168241966,0.0,3,136182.1,False,False,False
SPRINGHEAD HEALTH,supplier,1,0.0001890359168241966,0.0,2,61825.36,False,False,False
SPRINGMEAD SURGERY SUMMERFIELDS ROAD CHARD,supplier,1,0.0001890359168241966,0.0,3,133802.31,False,False,False
SPRINGS HEALTH CENTRE,supplier,1,0.0001890359168241966,0.0,20,1345995.1400000001,False,False,False
SPRINGWOOD SURGERY,supplier,1,0.0001890359168241966,0.0,2,51235.58,False,False,False
SQW,supplier,1,0.0001890359168241966,0.0,15,628483.92,False,False,False
SRCL,supplier,1,0.0001890359168241966,0.0,247,9468592.33,False,True,True
SRIVASTAVA P,supplier,1,0.0001890359168241966,0.0,2,109987.07,False,False,False
SSP HEALTH PRIMARY CARE,supplier,1,0.0001890359168241966,0.0,9,378750.0,False,False,False
ST AGNES SURGERY,supplier,1,0.0001890359168241966,0.0,28,1669600.22,False,False,False
ST ANDREWS HEALTHCARE,supplier,1,0.0001890359168241966,0.0,291,331735756.63,False,True,True
ST ANDREWS HOSPICE,supplier,1,0.0001890359168241966,0.0,5,1496116.0,False,False,False
ST ANDREWS HOUSE,supplier,1,0.0001890359168241966,0.0,13,903714.6,False,False,False
ST ANNES GROUP PRACTICE,supplier,1,0.0001890359168241966,0.0,3,543699.0,False,False,False
ST AUGUSTINES SURGERY,supplier,1,0.0001890359168241966,0.0,3,80983.0,False,False,False
ST AUSTELL HEALTHCARE GROUP,supplier,1,0.0001890359168241966,0.0,60,5683711.34,False,False,False
ST BARNABAS HOSPICE,supplier,1,0.0001890359168241966,0.0,7,2654367.0,False,False,False
ST BARTHOLOMEWS MEDICAL CENTRE,supplier,1,0.0001890359168241966,0.0,12,564944.9,False,False,False
ST CATHERINES SURGERY,supplier,1,0.0001890359168241966,0.0,63,4958578.88,False,False,False
ST CHADS SURGERY,supplier,1,0.0001890359168241966,0.0,20,1482132.73,False,False,False
ST CLEMENTS PARTNERSHIP,supplier,1,0.0001890359168241966,0.0,2,84960.0,False,False,False
ST FILLANS MEDICAL CENTRE,supplier,1,0.0001890359168241966,0.0,10,508608.76,False,False,False
ST GEORGE HEALTHCARE,supplier,1,0.0001890359168241966,0.0,5,1098572.35,False,False,False
ST GEORGES MEDICAL CENTREWIRRAL,supplier,1,0.0001890359168241966,0.0,30,1748799.3,False,False,False
ST GEORGES UNIVERSITY HOSPITALS NHS FOUNDATION TRUST,supplier,1,0.0001890359168241966,0.0,1416,2258154067.92,False,True,True
ST GEORGES UNIVERSITY OF LONDON,supplier,1,0.0001890359168241966,0.0,13,9764069.44,False,False,False
ST GILES TRUST,supplier,1,0.0001890359168241966,0.0,13,1591835.0,False,False,False
ST HELENS AND KNOWSLEY HOSPITALS NHS TRUST,supplier,1,0.0001890359168241966,0.0,439,278427208.51,False,True,True
ST HUGHS HOSPITAL,supplier,1,0.0001890359168241966,0.0,47,10962573.83,False,False,False
ST JAMES MEDICAL CENTRE CROYDON,supplier,1,0.0001890359168241966,0.0,3,141639.3,False,False,False
ST JAMES MEDICAL CENTRE ST JAMES STREET TAUNTON,supplier,1,0.0001890359168241966,0.0,9,898557.5,False,False,False
ST JAMES SURGERY,supplier,1,0.0001890359168241966,0.0,5,187151.5,False,False,False
ST JOHN AMBULANCE,supplier,1,0.0001890359168241966,0.0,221,93943812.21,False,True,True
ST JOHNS FAMILY PRACTICE,supplier,1,0.0001890359168241966,0.0,17,1971867.44,False,False,False
ST JOHNS HOUSE SURGERY,supplier,1,0.0001890359168241966,0.0,5,210714.31,False,False,False
ST JOHNS MEDICAL CENTRE,supplier,1,0.0001890359168241966,0.0,9,471782.0,False,False,False
ST JOHNS MEDICAL CENTRE TRAFFORD,supplier,1,0.0001890359168241966,0.0,10,695489.72,False,False,False
ST JOHNS SURGERY,supplier,1,0.0001890359168241966,0.0,26,1949371.52,False,False,False
ST JOHNS SURGERY BEDFORD,supplier,1,0.0001890359168241966,0.0,3,121632.48000000001,False,False,False
ST JOHNS WOOD MEDICAL PRACTICE,supplier,1,0.0001890359168241966,0.0,25,2733061.4,False,False,False
ST KEVERNE HEALTH CENTRE,supplier,1,0.0001890359168241966,0.0,13,346267.3,False,False,False
ST LAWRENCE SURGERY,supplier,1,0.0001890359168241966,0.0,20,1154871.62,False,False,False
ST LEONARDS PRACTICE,supplier,1,0.0001890359168241966,0.0,15,819983.23,False,False,False
ST LEVAN SURGERY WATERFRONT LCG,supplier,1,0.0001890359168241966,0.0,3,176100.09,False,False,False
ST LUKES PRIMARY CARE CENTRE,supplier,1,0.0001890359168241966,0.0,41,3217874.4699999997,False,False,False
ST MAGNUS HOUSE,supplier,1,0.0001890359168241966,0.0,30,11609773.67,False,False,False
ST MARGARETS SOMERSET HOSPICE,supplier,1,0.0001890359168241966,0.0,2,204556.74,False,False,False
ST MARTINS MEDICAL CENTRE,supplier,1,0.0001890359168241966,0.0,25,5013338.14,False,False,False
ST MARYS HEALTH CENTRE,supplier,1,0.0001890359168241966,0.0,13,1081099.26,False,False,False
ST MARYS HOSPITALS,supplier,1,0.0001890359168241966,0.0,6,1578667.65,False,False,False
ST MARYS SURGERY ANDOVER,supplier,1,0.0001890359168241966,0.0,26,1958961.44,False,False,False
ST MARYS SURGERY ELY,supplier,1,0.0001890359168241966,0.0,15,3121683.05,False,False,False
ST MARYS SURGERY J82103,supplier,1,0.0001890359168241966,0.0,3,116848.45999999999,False,False,False
ST MARYS SURGERY SOUTHAMPTON,supplier,1,0.0001890359168241966,0.0,13,685158.63,False,False,False
ST NICHOLAS GROUP PRACTICE,supplier,1,0.0001890359168241966,0.0,5,147155.16,False,False,False
ST OSWALDS HOSPICE,supplier,1,0.0001890359168241966,0.0,5,1591239.0,False,False,False
ST PAULS WAY MEDICAL CENTRE,supplier,1,0.0001890359168241966,0.0,6,201446.85,False,False,False
ST PETERS ANDROLOGY CENTRE,supplier,1,0.0001890359168241966,0.0,22,7795284.7299999995,False,False,False
ST PETERS HOSPICE,supplier,1,0.0001890359168241966,0.0,5,461728.67,False,False,False
ST PETERS MEDICAL CENTRE BRIGHTON,supplier,1,0.0001890359168241966,0.0,2,270000.0,False,False,False
ST PETERS SURGERY,supplier,1,0.0001890359168241966,0.0,13,728806.62,False,False,False
ST STEPHENS GATE MEDICAL PRACTICE,supplier,1,0.0001890359168241966,0.0,2,142609.91999999998,False,False,False
ST STEPHENS HOUSE SURGERY,supplier,1,0.0001890359168241966,0.0,3,118590.78,False,False,False
ST STEPHENS SURGERY M81001,supplier,1,0.0001890359168241966,0.0,2,61342.68000000001,False,False,False
ST THOMAS COURT SURGERY AXMINSTER,supplier,1,0.0001890359168241966,0.0,5,366083.05000000005,False,False,False
STAFF COLLEGE LEADERSHIP IN HEALTHCARE THE,supplier,1,0.0001890359168241966,0.0,7,387723.91000000003,False,False,False
STAFFA HEALTH,supplier,1,0.0001890359168241966,0.0,19,1465503.2,False,False,False
STAFFORDSHIRE COUNTY COUNCIL,supplier,1,0.0001890359168241966,0.0,5,4817538.39,False,False,False
STAFFORDSHIRE LOCAL OPTICAL COMMITTEE,supplier,1,0.0001890359168241966,0.0,2,219550.0,False,False,False
STAFFORDSHIRE POLICE,supplier,1,0.0001890359168241966,0.0,10,545000.0,False,False,False
STAFFORDSHIRE UNIVERSITY,supplier,1,0.0001890359168241966,0.0,22,1987929.59,False,False,False
STAFFS LOCAL OPTICAL COMMITTEE VOL,supplier,1,0.0001890359168241966,0.0,4,105000.0,False,False,False
STAG MEDICAL CENTRE,supplier,1,0.0001890359168241966,0.0,3,131666.69,False,False,False
STAINLAND ROAD MEDICAL CENTRE,supplier,1,0.0001890359168241966,0.0,2,68739.98,False,False,False
STAMFORD HILL GROUP PRACTICE,supplier,1,0.0001890359168241966,0.0,8,524461.88,False,False,False
STAMFORD HOUSE,supplier,1,0.0001890359168241966,0.0,9,421682.31,False,False,False
STANLEY & PTNRS,supplier,1,0.0001890359168241966,0.0,3,134968.88999999998,False,False,False
STANMORE HOUSE SURGERY,supplier,1,0.0001890359168241966,0.0,2,56869.18,False,False,False
STANMORE MEDICAL GROUP,supplier,1,0.0001890359168241966,0.0,25,2114073.96,False,False,False
STANSTED SURGERY,supplier,1,0.0001890359168241966,0.0,15,1019264.0599999999,False,False,False
STANTON SURGERY,supplier,1,0.0001890359168241966,0.0,4,436190.69,False,False,False
STAPLES & PARTNER,supplier,1,0.0001890359168241966,0.0,15,541267.2,False,False,False
STAR LANE MEDICAL CENTRE,supplier,1,0.0001890359168241966,0.0,6,204581.04,False,False,False
STATES OF JERSEY HEALTH & SOCIAL SERVICES,supplier,1,0.0001890359168241966,0.0,5,2799975.44,False,False,False
STATION DRIVE SURGERY,supplier,1,0.0001890359168241966,0.0,2,113805.78,False,False,False
STATION HOUSE SURGERY,supplier,1,0.0001890359168241966,0.0,3,245709.5,False,False,False
STAVELEIGH MEDICAL CENTRE P89007,supplier,1,0.0001890359168241966,0.0,2,83138.08,False,False,False
STEAD C & PARTNERS,supplier,1,0.0001890359168241966,0.0,45,4772843.64,False,False,False
STENNACK SURGERY,supplier,1,0.0001890359168241966,0.0,16,1286867.33,False,False,False
STEPHENSON & PARTNERS,supplier,1,0.0001890359168241966,0.0,7,273677.27999999997,False,False,False
STEVE DAVIDSON ADVERTISING,supplier,2,0.0003780718336483932,0.0,16,1032880.46,True,False,True
STEYNING HEALTH CENTRE,supplier,1,0.0001890359168241966,0.0,3,55672.04,False,False,False
STILLMOOR HOUSE MEDICAL PRACTICE,supplier,1,0.0001890359168241966,0.0,14,1099532.47,False,False,False
STIRCHLEY MEDICAL PRACTICE,supplier,1,0.0001890359168241966,0.0,9,399192.36,False,False,False
STLUKES MEDICAL CENTRE BRIXHAM,supplier,1,0.0001890359168241966,0.0,3,215125.80000000002,False,False,False
STNEOTS SURGERY PLYMOUTH TAMAR LCG,supplier,1,0.0001890359168241966,0.0,4,302626.89,False,False,False
STOCKBRIDGE SURGERY,supplier,1,0.0001890359168241966,0.0,19,1132908.41,False,False,False
STOCKPORT MEDICAL GROUP,supplier,1,0.0001890359168241966,0.0,3,129783.92,False,False,False
STOCKPORT MEDICAL GROUP P88632,supplier,1,0.0001890359168241966,0.0,2,61388.08,False,False,False
STOCKPORT NHS FOUNDATION TRUST,supplier,1,0.0001890359168241966,0.0,374,158911440.63,False,True,True
STOCKTON HEATH MEDICAL CENTRE,supplier,1,0.0001890359168241966,0.0,7,471661.82,False,False,False
STOCKWOOD MEDICAL CENTRE,supplier,1,0.0001890359168241966,0.0,15,1012284.22,False,False,False
STOKE GIFFORD MEDICAL CENTRE,supplier,1,0.0001890359168241966,0.0,4,392355.83999999997,False,False,False
STOKE ROAD MEDICAL CENTRE,supplier,1,0.0001890359168241966,0.0,2,67881.68,False,False,False
STOKE SURGERY PLYMOUTH WATERFRONT LCG,supplier,1,0.0001890359168241966,0.0,3,189486.36000000002,False,False,False
STOKESLEY MEDICAL PRACTICE,supplier,1,0.0001890359168241966,0.0,34,3025098.7,False,False,False
STOKEWOOD SURGERY,supplier,1,0.0001890359168241966,0.0,2,61687.92,False,False,False
STONECOT SURGERY,supplier,1,0.0001890359168241966,0.0,4,213887.44,False,False,False
STONEFIELD STREET SURGERY,supplier,1,0.0001890359168241966,0.0,2,55884.0,False,False,False
STONY MEDICAL CENTRE,supplier,1,0.0001890359168241966,0.0,8,435420.42,False,False,False
STONYHILL MEDICAL PRACTICE,supplier,1,0.0001890359168241966,0.0,5,179928.92,False,False,False
STOUR SURGERY,supplier,1,0.0001890359168241966,0.0,19,1598311.7,False,False,False
STOWHEALTH VIOLET HILL,supplier,1,0.0001890359168241966,0.0,5,192578.01,False,False,False
STRAND MEDICAL GROUP,supplier,1,0.0001890359168241966,0.0,23,1847709.94,False,False,False
STRATFORD VISIONPLUS,supplier,1,0.0001890359168241966,0.0,40,1462702.28,False,False,False
STRATTON MEDICAL CENTRE,supplier,1,0.0001890359168241966,0.0,18,1327060.06,False,False,False
STRAWBERRY HILL MEDICAL CENTRE,supplier,1,0.0001890359168241966,0.0,4,184118.2,False,False,False
STREATHAM HIGH PRACTICE,supplier,1,0.0001890359168241966,0.0,11,620137.3099999999,False,False,False
STREATHAM HILL GROUP PRACTICE,supplier,1,0.0001890359168241966,0.0,10,436046.37,False,False,False
STREET LANE PRACTICE,supplier,1,0.0001890359168241966,0.0,4,124122.84,False,False,False
STROKE ASSOCIATION,supplier,1,0.0001890359168241966,0.0,9,687635.81,False,False,False
STROUD GREEN MEDICAL PRACTICE,supplier,1,0.0001890359168241966,0.0,2,55363.85,False,False,False
STROUD VALLEYS FAMILY PRACTICE,supplier,1,0.0001890359168241966,0.0,3,173047.1,False,False,False
STROUDLY WALK,supplier,1,0.0001890359168241966,0.0,5,357679.06,False,False,False
STTHOMAS MEDICAL GROUP EXETER,supplier,1,0.0001890359168241966,0.0,22,1489251.55,False,False,False
STUART & PARTNERS,supplier,1,0.0001890359168241966,0.0,2,94976.45999999999,False,False,False
STUBBINGTON MEDICAL PRACTICE,supplier,1,0.0001890359168241966,0.0,5,139763.58000000002,False,False,False
STUBLEY MEDICAL CENTRE,supplier,1,0.0001890359168241966,0.0,34,5920522.17,False,False,False
STUDHOLME MEDICAL CENTRE,supplier,1,0.0001890359168241966,0.0,3,87290.62,False,False,False
STURMINSTER NEWTON PRACTICE,supplier,1,0.0001890359168241966,0.0,19,1312856.63,False,False,False
SUDHA LTD TA EDGWORTH MEDICAL CENTRE,supplier,1,0.0001890359168241966,0.0,13,861449.14,False,False,False
SUE RYDER,supplier,1,0.0001890359168241966,0.0,4,337670.0,False,False,False
SUFFOLK COUNTY COUNCIL,supplier,1,0.0001890359168241966,0.0,15,3438845.7800000003,False,False,False
SUGARCRM,supplier,1,0.0001890359168241966,0.0,3,83613.2,False,False,False
SULLIVAN & PARTNER,supplier,1,0.0001890359168241966,0.0,2,71173.17,False,False,False
SULLIVAN WAY SURGERY P92011,supplier,1,0.0001890359168241966,0.0,2,61141.36,False,False,False
SUMMERTOWN HEALTH CENTRE,supplier,1,0.0001890359168241966,0.0,8,404900.11,False,False,False
SUMMERVALE SURGERY ILMINSTER MC ILMINSTER,supplier,1,0.0001890359168241966,0.0,4,203353.49,False,False,False
SUNDERLAND CITY COUNCIL,supplier,1,0.0001890359168241966,0.0,2,285796.0,False,False,False
SUNDERLAND COUNSELLING SERVICES,supplier,1,0.0001890359168241966,0.0,4,201298.86,False,False,False
SUNDERLAND GP ALLIANCE,supplier,2,0.0003780718336483932,0.0,45,8446733.54,True,False,True
SUNNYSIDE SURGERY,supplier,1,0.0001890359168241966,0.0,23,1710744.26,False,False,False
SUPER OPTICAL,supplier,1,0.0001890359168241966,0.0,5,136869.94,False,False,False
SURGERY ASHBURTON,supplier,1,0.0001890359168241966,0.0,3,145263.99,False,False,False
SURGERY ASTONIA HOUSE,supplier,1,0.0001890359168241966,0.0,2,75942.6,False,False,False
SURGERY BIGGIN HILL,supplier,1,0.0001890359168241966,0.0,2,73748.69,False,False,False
SURGERY CREECH ST MICHAEL TAUNTON,supplier,1,0.0001890359168241966,0.0,3,91509.51,False,False,False
SURGERY DEVELOPMENTS,supplier,1,0.0001890359168241966,0.0,2,2892291.39,False,False,False
SURGERY HOULGATE WAY AXBRIDGE,supplier,1,0.0001890359168241966,0.0,22,1592677.72,False,False,False
SURGERY PATWELL LANE BRUTON,supplier,1,0.0001890359168241966,0.0,3,125212.83,False,False,False
SURGERY ROBERT STREET WILLTON,supplier,1,0.0001890359168241966,0.0,3,260468.09999999998,False,False,False
SURGERY STEEDS MEADOW,supplier,1,0.0001890359168241966,0.0,7,356657.1,False,False,False
SURGERY WESTELLA ROAD YELVERTON,supplier,1,0.0001890359168241966,0.0,3,176818.8,False,False,False
SURGERY WHEATBRIDGE,supplier,1,0.0001890359168241966,0.0,4,119864.9,False,False,False
SURREY & BORDERS PARTNERSHIP NHS FOUNDATION TRUST,supplier,1,0.0001890359168241966,0.0,333,172196792.61,False,True,True
SURREY 2 DOMICILIARY SPECSAVERS,supplier,1,0.0001890359168241966,0.0,6,194863.61,False,False,False
SURREY AND SUSSEX HEALTHCARE NHS TRUST,supplier,1,0.0001890359168241966,0.0,521,272535409.57,False,True,True
SURREY HEALTHY CHILDREN & FAMILIES,supplier,1,0.0001890359168241966,0.0,23,1758231.0,False,False,False
SURREY MEDICAL NETWORK,supplier,1,0.0001890359168241966,0.0,3,107372.6,False,False,False
SURVIVORS IN TRANSITION,supplier,1,0.0001890359168241966,0.0,8,556260.0,False,False,False
SURVIVORS MANCHESTER,supplier,1,0.0001890359168241966,0.0,4,1504500.0,False,False,False
SURVIVORS TRUST,supplier,1,0.0001890359168241966,0.0,9,598227.0,False,False,False
SURVIVORSUK,supplier,1,0.0001890359168241966,0.0,14,473223.0,False,False,False
SUSSEX COMMUNITY NHS FOUNDATION TRUST,supplier,1,0.0001890359168241966,0.0,399,112644186.36,False,True,True
SUSSEX PARTNERSHIP NHS FOUNDATION TRUST,supplier,1,0.0001890359168241966,0.0,483,740374425.09,False,True,True
SUTTON COLDFIELD GROUP PRACTICE M85046,supplier,1,0.0001890359168241966,0.0,4,139118.25,False,False,False
SUTTON MANOR SURGERY,supplier,1,0.0001890359168241966,0.0,18,1109929.43,False,False,False
SUTTON VALENCE SURGERY,supplier,1,0.0001890359168241966,0.0,18,1628047.4,False,False,False
SV2 SUPPORTING VICTIMS OF SEXUAL VIOLENCE,supplier,1,0.0001890359168241966,0.0,52,1873449.76,False,False,False
SW HEALTHCARE,supplier,1,0.0001890359168241966,0.0,78,15486079.87,False,False,False
SWADLINCOTE SURGERY,supplier,1,0.0001890359168241966,0.0,2,60460.6,False,False,False
SWALLOWFIELD MEDICAL PRACTICE,supplier,1,0.0001890359168241966,0.0,10,477465.1,False,False,False
SWAN MEDICAL GROUP THE,supplier,1,0.0001890359168241966,0.0,24,2098292.7600000002,False,False,False
SWAN SURGERY,supplier,1,0.0001890359168241966,0.0,22,1669030.74,False,False,False
SWANAGE HEALTH CENTRE,supplier,1,0.0001890359168241966,0.0,16,1467941.26,False,False,False
SWANLEY MEDICAL PRACTICE,supplier,1,0.0001890359168241966,0.0,2,69684.2,False,False,False
SWANLOW MEDICAL CENTRE,supplier,1,0.0001890359168241966,0.0,9,542666.24,False,False,False
SWANSCOMBE HEALTH CENTRE,supplier,1,0.0001890359168241966,0.0,17,894228.69,False,False,False
SWANSEA BAY UNIVERSITY HEALTH BOARD,supplier,1,0.0001890359168241966,0.0,23,2142891.15,False,False,False
SWANSEA BAY UNIVERSITY LOCAL HEALTH BOARD,supplier,1,0.0001890359168241966,0.0,27,3533692.0,False,False,False
SWANSEA UNIVERSITY,supplier,1,0.0001890359168241966,0.0,2,79976.0,False,False,False
SWANWOOD PARTNERSHIP,supplier,1,0.0001890359168241966,0.0,29,1444570.21,False,False,False
SWEENEY G A & PARTNERS,supplier,1,0.0001890359168241966,0.0,11,1858227.01,False,False,False
SWINDON BOROUGH COUNCIL,supplier,2,0.0003780718336483932,0.00022823447630566636,6,415920.5,True,False,True
SWINHOE PJ,supplier,1,0.0001890359168241966,0.0,3,123795.98000000001,False,False,False
SWL TRAINING HUB CIC,supplier,1,0.0001890359168241966,0.0,19,2464192.92,False,False,False
SYDENHAM HOUSE MEDICAL CENTRE,supplier,1,0.0001890359168241966,0.0,7,165241.62,False,False,False
SYHA ENTERPRISES,supplier,1,0.0001890359168241966,0.0,3,230400.0,False,False,False
SYNERTEC,supplier,2,0.0003780718336483932,0.00022823447630566636,175,78262427.37,True,False,True
SYNNOVIS ANALYTICS,supplier,1,0.0001890359168241966,0.0,7,875910.96,False,False,False
SYSCO BUSINESS SKILLS ACADEMY,supplier,1,0.0001890359168241966,0.0,2,1357496.0,False,False,False
TABLEAU INTERNATIONAL UC,supplier,1,0.0001890359168241966,0.0,3,970021.70321688,False,False,False
TALBOT MEDICAL CENTRE,supplier,1,0.0001890359168241966,0.0,12,685292.98,False,False,False
TALENT BEYOND BOUNDARIES,supplier,1,0.0001890359168241966,0.0,5,417186.28,False,False,False
TALENT FOUNDRY TRUST THE,supplier,1,0.0001890359168241966,0.0,2,142213.0,False,False,False
TAMAR VALLEY HEALTH,supplier,1,0.0001890359168241966,0.0,49,4435675.52,False,False,False
TAMESIDE AND GLOSSOP INTEGRATED CARE NHS FOUNDATION TRUST,supplier,1,0.0001890359168241966,0.0,61,14571235.94,False,False,False
TAMESIDE HOSPITAL NHS FOUNDATION TRUST,supplier,1,0.0001890359168241966,0.0,186,102832423.66,False,False,False
TAMESIDE METROPOLITAN BOROUGH COUNCIL,supplier,1,0.0001890359168241966,0.0,2,116683.0,False,False,False
TAMKIN WP,supplier,1,0.0001890359168241966,0.0,6,439777.9,False,False,False
TANGMERE MEDICAL CENTRE,supplier,1,0.0001890359168241966,0.0,5,558310.76,False,False,False
TARLETON GROUP PRACTICE,supplier,1,0.0001890359168241966,0.0,2,73766.28,False,False,False
TARPORLEY HEALTH CENTRE,supplier,1,0.0001890359168241966,0.0,5,375960.62,False,False,False
TATTENHAM HEALTH CENTRE,supplier,1,0.0001890359168241966,0.0,3,133493.16,False,False,False
TAUNTON & SOMERSET NHS FOUNDATION TRUST,supplier,1,0.0001890359168241966,0.0,100,88805352.47,False,False,False
TAUNTON ROAD MEDICAL CENTRE,supplier,1,0.0001890359168241966,0.0,5,366768.24,False,False,False
TAURUS HEALTHCARE,supplier,1,0.0001890359168241966,0.0,38,3474010.4,False,False,False
TAVISTOCK AND PORTMAN NHS FOUNDATION TRUST,supplier,1,0.0001890359168241966,0.0,416,146350630.73,False,True,True
TAVISTOCK INSTITUTE OF MEDICAL PSYCHOLOGY THE,supplier,1,0.0001890359168241966,0.0,17,918750.0,False,False,False
TAVYSIDE HEALTH CENTRE,supplier,1,0.0001890359168241966,0.0,9,509945.98000000004,False,False,False
TAWAKALITU,supplier,1,0.0001890359168241966,0.0,2,1168.0,False,False,False
TAWSTOCK MEDICAL CENTRE,supplier,1,0.0001890359168241966,0.0,4,166864.2,False,False,False
TAYLER M J & PARTNERS,supplier,1,0.0001890359168241966,0.0,6,897393.7300000001,False,False,False
TAYSIDE NHS BOARD,supplier,1,0.0001890359168241966,0.0,10,946076.0,False,False,False
TCG MEDICAL SERVICES,supplier,1,0.0001890359168241966,0.0,31,1197344.56,False,False,False
TEAMS MEDICAL PRACTICE,supplier,1,0.0001890359168241966,0.0,11,1127883.94,False,False,False
TEES ESK & WEAR VALLEYS NHS FOUNDATION TRUST,supplier,2,0.0003780718336483932,0.0,446,245172550.23,True,True,True
TEES VALLEY HOSPITAL,supplier,1,0.0001890359168241966,0.0,45,3877854.77,False,False,False
TEESSIDE UNIVERSITY,supplier,2,0.0003780718336483932,0.0,9,1726768.96,True,False,True
TEIGNBRIDGE MEDICAL PRACTICE TEIGNMOUTH,supplier,1,0.0001890359168241966,0.0,3,223737.59999999998,False,False,False
TELDOC,supplier,1,0.0001890359168241966,0.0,38,2158939.98,False,False,False
TELEFONICA O2 UK,supplier,1,0.0001890359168241966,0.0,282,38900058.54,False,True,True
TELEPERFORMANCE,supplier,1,0.0001890359168241966,0.0,156,120332622.53,False,False,False
TEMPLE FORTUNE HEALTH CENTRE PHGH,supplier,1,0.0001890359168241966,0.0,8,570690.79,False,False,False
TEMPLE HILL SURGERY,supplier,1,0.0001890359168241966,0.0,9,576438.7,False,False,False
TESTVALE SURGERY,supplier,1,0.0001890359168241966,0.0,11,672949.28,False,False,False
TETBURY HOSPITAL TRUST,supplier,1,0.0001890359168241966,0.0,3,120315.06,False,False,False
TETTENHALL MEDICAL CENTRE,supplier,1,0.0001890359168241966,0.0,5,180721.06,False,False,False
TEVA UK,supplier,1,0.0001890359168241966,0.0,18,3314880.0,False,False,False
TEVERSON E & PARTNERS,supplier,1,0.0001890359168241966,0.0,26,2735993.83,False,False,False
TEXTHELP,supplier,1,0.0001890359168241966,0.0,4,128973.6,False,False,False
THAMESMEAD MEDICAL ASSOCIATES,supplier,1,0.0001890359168241966,0.0,4,113538.6,False,False,False
THATCHAM HEALTH CENTRE,supplier,1,0.0001890359168241966,0.0,10,539433.06,False,False,False
THE CASTLE PRACTICE,supplier,1,0.0001890359168241966,0.0,2,157330.02000000002,False,False,False
THE CHILDRENS TRUST,supplier,1,0.0001890359168241966,0.0,15,6139344.66,False,False,False
THE CHRISTIE NHS FOUNDATION TRUST,supplier,1,0.0001890359168241966,0.0,704,1606020150.7,False,True,True
THE NEW FOSCOTE HOSPITAL,supplier,1,0.0001890359168241966,0.0,38,3026885.39,False,False,False
THE PUZEY FAMILY PRACTICE,supplier,1,0.0001890359168241966,0.0,2,57486.619999999995,False,False,False
THE ROSEWOOD MEDICAL CENTRE F82022,supplier,1,0.0001890359168241966,0.0,2,111168.64,False,False,False
THEATRE IN PRISONS AND PROBATION CENTRE,supplier,1,0.0001890359168241966,0.0,2,254880.0,False,False,False
THEEMIS CONSULTING,supplier,1,0.0001890359168241966,0.0,4,165369.6,False,False,False
THINK AHEAD ORGANISATION THE,supplier,1,0.0001890359168241966,0.0,5,747166.8,False,False,False
THINK ASSOCIATES,supplier,2,0.0003780718336483932,0.00022823447630566636,5,189129.6,True,False,True
THINKNOW,supplier,1,0.0001890359168241966,0.0,2,52175.1,False,False,False
THISTLEMOOR MEDICAL CENTRE,supplier,1,0.0001890359168241966,0.0,7,331096.05,False,False,False
THOMSON & PARTNERS,supplier,1,0.0001890359168241966,0.0,6,359280.6,False,False,False
THOMSON DISNEY JAMES KEELING RIVERS & PARTNERS,supplier,1,0.0001890359168241966,0.0,8,267885.37,False,False,False
THOMSON REUTERS PROFESSIONAL UK,supplier,1,0.0001890359168241966,0.0,6,242646.0,False,False,False
THORNABY & BARWICK MEDICAL GROUP,supplier,1,0.0001890359168241966,0.0,12,784100.78,False,False,False
THORNACRE ENGINEERING,supplier,1,0.0001890359168241966,0.0,3,93186.63,False,False,False
THORNBROOK SURGERY,supplier,1,0.0001890359168241966,0.0,2,64214.41,False,False,False
THORNDIKE CENTRE,supplier,1,0.0001890359168241966,0.0,10,807891.6599999999,False,False,False
THORNEY MEDICAL PRACTICE,supplier,1,0.0001890359168241966,0.0,32,1880231.1,False,False,False
THORNTON PRACTICE,supplier,1,0.0001890359168241966,0.0,3,205545.0,False,False,False
THORNTON ROAD SURGERY,supplier,1,0.0001890359168241966,0.0,8,664196.46,False,False,False
THOUGHTWORKS,supplier,1,0.0001890359168241966,0.0,3,486381.6,False,False,False
THREE CHEQUERS MEDICAL PRACTICE,supplier,1,0.0001890359168241966,0.0,11,471321.17000000004,False,False,False
THREE SIXTY ONE DEGREES,supplier,1,0.0001890359168241966,0.0,5,455229.08999999997,False,False,False
THREE SPIRES MEDICAL PRACTICE,supplier,1,0.0001890359168241966,0.0,28,3022955.95,False,False,False
THREE VILLAGES MEDICAL PRACTICE,supplier,1,0.0001890359168241966,0.0,6,897452.45,False,False,False
THREEWAYS SURGERY,supplier,1,0.0001890359168241966,0.0,16,1395351.0,False,False,False
THRIVE TRIBE,supplier,1,0.0001890359168241966,0.0,20,2412332.31,False,False,False
TILEHURST SURGERY PARTNERSHIP,supplier,1,0.0001890359168241966,0.0,6,240771.24,False,False,False
TILEHURST VILLAGE SURGERY,supplier,1,0.0001890359168241966,0.0,10,702475.7,False,False,False
TILLOMED LABORATORIES,supplier,1,0.0001890359168241966,0.0,2,84262.5,False,False,False
TIMBER HILL HEALTH CENTRE,supplier,1,0.0001890359168241966,0.0,26,4375266.71,False,False,False
TIME FOR TEETH,supplier,1,0.0001890359168241966,0.0,2,75679.48,False,False,False
TIMEWISE SOLUTIONS,supplier,1,0.0001890359168241966,0.0,2,51998.4,False,False,False
TMP UK,supplier,1,0.0001890359168241966,0.0,26,21840769.09,False,False,False
TODDINGTON MEDICAL CENTRE,supplier,1,0.0001890359168241966,0.0,7,374690.63,False,False,False
TODMORDEN GROUP PRACTICE,supplier,1,0.0001890359168241966,0.0,16,859746.4,False,False,False
TOGETHER FOR MENTAL WELLBEING,supplier,1,0.0001890359168241966,0.0,65,2461161.96,False,False,False
TOGETHER FOR MENTAL WELLBEING SUPPORT SERVICES,supplier,1,0.0001890359168241966,0.0,38,2351878.38,False,False,False
TOGETHER WOMEN,supplier,1,0.0001890359168241966,0.0,70,2312217.13,False,False,False
TOGETHER WORKING FOR WELLBEING,supplier,1,0.0001890359168241966,0.0,99,11247684.09,False,False,False
TOGETHERALL,supplier,1,0.0001890359168241966,0.0,16,1468424.0,False,False,False
TONG & GILLESPIE,supplier,1,0.0001890359168241966,0.0,18,1409795.65,False,False,False
TONIC CONSULTANTS,supplier,2,0.0003780718336483932,0.0,12,532383.87,True,False,True
TOPSHAM SURGERY EXETER,supplier,1,0.0001890359168241966,0.0,5,292906.75,False,False,False
TORBAY AND SOUTH DEVON NHS FOUNDATION TRUST,supplier,1,0.0001890359168241966,0.0,645,399965181.49,False,True,True
TORBAY COUNCIL,supplier,1,0.0001890359168241966,0.0,2,56000.0,False,False,False
TORCHBOX,supplier,1,0.0001890359168241966,0.0,11,547579.67,False,False,False
TORRINGTON HEALTH CENTRE,supplier,1,0.0001890359168241966,0.0,3,123800.19,False,False,False
TOTTINGTON HEALTH CENTRE,supplier,1,0.0001890359168241966,0.0,40,5763215.4799999995,False,False,False
TOWCESTER MEDICAL CENTRE,supplier,1,0.0001890359168241966,0.0,20,1190246.38,False,False,False
TOWER HAMLETS GP CARE GROUP,supplier,1,0.0001890359168241966,0.0,3,174417.0,False,False,False
TOWER HAMLETS GP CARE GROUP CIC,supplier,1,0.0001890359168241966,0.0,5,854529.3300000001,False,False,False
TOWER HOUSE SURGERY RYDE,supplier,1,0.0001890359168241966,0.0,6,190504.32,False,False,False
TOWERS E M & PARTNERS,supplier,1,0.0001890359168241966,0.0,40,2940714.2600000002,False,False,False
TOWN & COUNTRY PLANNING ASSOCIATION,supplier,1,0.0001890359168241966,0.0,3,135471.22999999998,False,False,False
TOWNHEAD SURGERIES,supplier,1,0.0001890359168241966,0.0,3,80600.72,False,False,False
TOWNHILL MEDICAL PRACTICE,supplier,1,0.0001890359168241966,0.0,3,266253.24,False,False,False
TOWNSEND HOUSE MEDICAL CENTRE SEATON,supplier,1,0.0001890359168241966,0.0,3,152924.25,False,False,False
TPXIMPACT,supplier,1,0.0001890359168241966,0.0,4,424716.61,False,False,False
TPXIMPACT EXPERIENCE,supplier,1,0.0001890359168241966,0.0,7,521837.57,False,False,False
TRADEBE HEALTHCARE,supplier,1,0.0001890359168241966,0.0,54,2048419.13,False,False,False
TRADEBE HEALTHCARE NATIONAL,supplier,1,0.0001890359168241966,0.0,48,1994008.29,False,False,False
TRAFALGAR MEDICAL GROUP PRACTICE,supplier,1,0.0001890359168241966,0.0,9,520463.92,False,False,False
TRAFFORD PRIMARY HEALTH,supplier,1,0.0001890359168241966,0.0,8,490000.0,False,False,False
TRANSFORM HOSPITAL GROUP,supplier,1,0.0001890359168241966,0.0,12,6325852.26,False,False,False
TRANSFORMING SYSTEMS,supplier,1,0.0001890359168241966,0.0,2,862411.26,False,False,False
TRANSUNION INTERNATIONAL UK,supplier,1,0.0001890359168241966,0.0,9,1336516.2,False,False,False
TRAVERSE,supplier,1,0.0001890359168241966,0.0,3,149842.5,False,False,False
TRENT PTS,supplier,1,0.0001890359168241966,0.0,4,461807.44,False,False,False
TRENT VALLEY SURGERY,supplier,1,0.0001890359168241966,0.0,3,130181.0,False,False,False
TRENT VIEW MEDICAL PRACTICE,supplier,1,0.0001890359168241966,0.0,4,329050.65,False,False,False
TRESCOBEAS SURGERY,supplier,1,0.0001890359168241966,0.0,15,1089238.05,False,False,False
TRESIDDER N J & PARTNERS,supplier,1,0.0001890359168241966,0.0,33,2477117.37,False,False,False
TRIBAL EDUCATION,supplier,1,0.0001890359168241966,0.0,2,93861.17,False,False,False
TRICORDANT,supplier,1,0.0001890359168241966,0.0,6,239200.0,False,False,False
TRINITY COURT SURGERY,supplier,1,0.0001890359168241966,0.0,6,214952.02,False,False,False
TRINITY HEALTH,supplier,1,0.0001890359168241966,0.0,15,886446.85,False,False,False
TRINITY HOSPICE & PALLIATIVE CARE SERVICES,supplier,1,0.0001890359168241966,0.0,5,1044792.0,False,False,False
TRINITY MEDICAL CENTRE,supplier,1,0.0001890359168241966,0.0,4,132983.74,False,False,False
TRINITY MEDICAL CENTRE A88008,supplier,1,0.0001890359168241966,0.0,2,51057.399999999994,False,False,False
TRINITY SURGERY D81622,supplier,1,0.0001890359168241966,0.0,3,93104.92000000001,False,False,False
TRIPDATABASE,supplier,1,0.0001890359168241966,0.0,2,61500.0,False,False,False
TRIPLE P UK,supplier,1,0.0001890359168241966,0.0,2,680000.0,False,False,False
TROPICAL HEALTH & EDUCATION TRUST,supplier,1,0.0001890359168241966,0.0,8,1150000.0,False,False,False
TROWBRIDGE HEALTH CENTRE,supplier,1,0.0001890359168241966,0.0,14,708628.28,False,False,False
TRUST HOUSE READING,supplier,1,0.0001890359168241966,0.0,7,663991.0,False,False,False
TRUST PRIMARY CARE,supplier,1,0.0001890359168241966,0.0,25,3934934.61,False,False,False
TSG ASSOCIATES,supplier,1,0.0001890359168241966,0.0,5,151367.52000000002,False,False,False
TUCKER P & PARTNERS,supplier,1,0.0001890359168241966,0.0,14,1921986.32,False,False,False
TUDOR LODGE SURGERY,supplier,1,0.0001890359168241966,0.0,3,91696.9,False,False,False
TULASI MEDICAL CENTRE,supplier,1,0.0001890359168241966,0.0,8,728712.72,False,False,False
TUNSTALL PRIMARY CARE,supplier,1,0.0001890359168241966,0.0,6,207894.89,False,False,False
TURNING POINT,supplier,1,0.0001890359168241966,0.0,40,5379249.1899999995,False,False,False
TURNING POINT SERVICES,supplier,1,0.0001890359168241966,0.0,11,535269.92,False,False,False
TUXFORD MEDICAL CENTRE,supplier,1,0.0001890359168241966,0.0,28,1850102.45,False,False,False
TWELVES CO,supplier,1,0.0001890359168241966,0.0,17,1157728.06,False,False,False
TWO RIVERS MEDICAL CENTRE,supplier,1,0.0001890359168241966,0.0,18,894281.5,False,False,False
TWUMASI K & PARTNERS,supplier,1,0.0001890359168241966,0.0,3,107249.66,False,False,False
UCAS MEDIA,supplier,1,0.0001890359168241966,0.0,2,200000.0,False,False,False
UCL CONSULTANTS,supplier,1,0.0001890359168241966,0.0,7,575600.0,False,False,False
UCL PARTNERS,supplier,1,0.0001890359168241966,0.0,110,32417652.740000002,False,False,False
UK HEALTH SECURITY AGENCY,supplier,1,0.0001890359168241966,0.0,71,17241721.89,False,False,False
UK TRADE & INVESTMENT,supplier,1,0.0001890359168241966,0.0,12,3722756.85,False,False,False
UKHCDO,supplier,1,0.0001890359168241966,0.0,15,2194847.35,False,False,False
ULTIMATE SPEX LTD SIGHT TESTS ONLY,supplier,1,0.0001890359168241966,0.0,2,113293.95000000001,False,False,False
ULTIMATE SPEX LTD VOUCHERS ONLY,supplier,1,0.0001890359168241966,0.0,2,69721.79999999999,False,False,False
UNDERWOOD SURGERY L84003,supplier,1,0.0001890359168241966,0.0,2,181239.09999999998,False,False,False
UNI HOSPITAL SOUTHAMPTON NHS FT,supplier,1,0.0001890359168241966,0.0,1217,3149223900.19,False,True,True
UNICEF UK BABY FRIENDLY INITIATIVE,supplier,1,0.0001890359168241966,0.0,2,66296.0,False,False,False
UNITED HEALTHCARE DEVELOPMENTS,supplier,1,0.0001890359168241966,0.0,13,12201166.66,False,False,False
UNITY INSIGHTS,supplier,1,0.0001890359168241966,0.0,5,419935.01,False,False,False
UNIVERSITY COLLEGE BIRMINGHAM,supplier,1,0.0001890359168241966,0.0,6,357938.5,False,False,False
UNIVERSITY COLLEGE LONDON HOSPITALS CHARITY,supplier,1,0.0001890359168241966,0.0,2,101518.55,False,False,False
UNIVERSITY COLLEGE LONDON HOSPITALS NHS FOUNDATION TRUST,supplier,1,0.0001890359168241966,0.0,1851,3947773655.74,False,True,True
UNIVERSITY COLLEGE PLYMOUTH ST MARK & ST JOHN,supplier,1,0.0001890359168241966,0.0,4,158800.0,False,False,False
UNIVERSITY HEALTH CENTRE,supplier,1,0.0001890359168241966,0.0,6,228771.98,False,False,False
UNIVERSITY HEALTH SERVICE,supplier,1,0.0001890359168241966,0.0,5,162750.85,False,False,False
UNIVERSITY HOSPITALS BIRMINGHAM NHS FOUNDATION TRUST,supplier,1,0.0001890359168241966,0.0,1408,3484456379.39,False,True,True
UNIVERSITY HOSPITALS BRISTOL AND WESTON NHS FOUNDATION TRUST,supplier,2,0.0003780718336483932,0.00022823447630566636,1118,2316597007.53,True,True,True
UNIVERSITY HOSPITALS BRISTOL NHS FOUNDATION TRUST,supplier,1,0.0001890359168241966,0.0,166,435591497.45,False,False,False
UNIVERSITY HOSPITALS COVENTRY AND WARWICKSHIRE NHS TRUST,supplier,1,0.0001890359168241966,0.0,1180,1442395521.47,False,True,True
UNIVERSITY HOSPITALS DORSET NHS FOUNDATION TRUST,supplier,1,0.0001890359168241966,0.0,724,636336669.09,False,True,True
UNIVERSITY HOSPITALS OF DERBY & BURTON NHS FOUNDATION TRUST,supplier,1,0.0001890359168241966,0.0,850,1015534232.64,False,True,True
UNIVERSITY HOSPITALS OF LEICESTER NHS TRUST,supplier,1,0.0001890359168241966,0.0,905,2389300624.0099998,False,True,True
UNIVERSITY HOSPITALS OF MORECAMBE BAY NHS FOUNDATION TRUST,supplier,1,0.0001890359168241966,0.0,758,374062032.74,False,True,True
UNIVERSITY HOSPITALS OF NORTH MIDLANDS NHS TRUST,supplier,1,0.0001890359168241966,0.0,832,1647915660.81,False,True,True
UNIVERSITY HOSPITALS OF NORTH MIDLANS NHS TRUST,supplier,1,0.0001890359168241966,0.0,76,110517775.45,False,False,False
UNIVERSITY HOSPITALS PLYMOUTH NHS TRUST,supplier,1,0.0001890359168241966,0.0,847,1614971276.41,False,True,True
UNIVERSITY HOSPITALS SUSSEX NHS FOUNDATION TRUST,supplier,1,0.0001890359168241966,0.0,843,1434733218.47,False,True,True
UNIVERSITY MEDICAL CENTRE CANTERBURY,supplier,1,0.0001890359168241966,0.0,2,173244.2,False,False,False
UNIVERSITY OF BATH,supplier,1,0.0001890359168241966,0.0,11,6075771.0,False,False,False
UNIVERSITY OF BIRMINGHAM,supplier,1,0.0001890359168241966,0.0,100,25698489.87,False,False,False
UNIVERSITY OF BOLTON,supplier,1,0.0001890359168241966,0.0,25,1372670.4,False,False,False
UNIVERSITY OF BRIGHTON,supplier,1,0.0001890359168241966,0.0,17,2653056.38,False,False,False
UNIVERSITY OF BRISTOL,supplier,1,0.0001890359168241966,0.0,55,26848335.95,False,False,False
UNIVERSITY OF CAMBRIDGE,supplier,1,0.0001890359168241966,0.0,25,12012702.17,False,False,False
UNIVERSITY OF CENTRAL LANCASHIRE,supplier,1,0.0001890359168241966,0.0,46,5730135.85,False,False,False
UNIVERSITY OF CHESTER,supplier,1,0.0001890359168241966,0.0,33,3015628.4,False,False,False
UNIVERSITY OF CHICHESTER,supplier,1,0.0001890359168241966,0.0,6,497184.38,False,False,False
UNIVERSITY OF CUMBRIA,supplier,1,0.0001890359168241966,0.0,21,1592836.1400000001,False,False,False
UNIVERSITY OF DERBY,supplier,1,0.0001890359168241966,0.0,39,4036302.81,False,False,False
UNIVERSITY OF EAST ANGLIA,supplier,1,0.0001890359168241966,0.0,112,19205428.01,False,False,False
UNIVERSITY OF EAST LONDON,supplier,1,0.0001890359168241966,0.0,15,4859180.83,False,False,False
UNIVERSITY OF ESSEX,supplier,1,0.0001890359168241966,0.0,49,5586593.05,False,False,False
UNIVERSITY OF FLORIDA PROTON THERAPY INSTITUTE,supplier,1,0.0001890359168241966,0.0,117,7153867.799125193,False,False,False
UNIVERSITY OF GREENWICH,supplier,1,0.0001890359168241966,0.0,41,2880524.71,False,False,False
UNIVERSITY OF HERTFORDSHIRE,supplier,1,0.0001890359168241966,0.0,27,3933486.4699999997,False,False,False
UNIVERSITY OF HUDDERSFIELD HEC,supplier,1,0.0001890359168241966,0.0,14,2773681.54,False,False,False
UNIVERSITY OF HULL,supplier,1,0.0001890359168241966,0.0,23,5674731.51,False,False,False
UNIVERSITY OF KENT,supplier,1,0.0001890359168241966,0.0,18,8212042.68,False,False,False
UNIVERSITY OF LEICESTER,supplier,2,0.0003780718336483932,0.00026547282920475195,41,15036618.280000001,True,False,True
UNIVERSITY OF LINCOLN,supplier,1,0.0001890359168241966,0.0,31,2164623.32,False,False,False
UNIVERSITY OF LIVERPOOL,supplier,1,0.0001890359168241966,0.0,56,29006238.83,False,False,False
UNIVERSITY OF LONDON,supplier,1,0.0001890359168241966,0.0,2,73510.0,False,False,False
UNIVERSITY OF NORTHAMPTON,supplier,1,0.0001890359168241966,0.0,46,5450927.66,False,False,False
UNIVERSITY OF NORTHUMBRIA AT NEWCASTLE,supplier,1,0.0001890359168241966,0.0,18,2256236.38,False,False,False
UNIVERSITY OF NOTTINGHAM,supplier,1,0.0001890359168241966,0.0,87,23853878.83,False,False,False
UNIVERSITY OF NOTTINGHAM HEALTH SERVICE,supplier,1,0.0001890359168241966,0.0,16,673777.52,False,False,False
UNIVERSITY OF OXFORD,supplier,1,0.0001890359168241966,0.0,57,15336911.59,False,False,False
UNIVERSITY OF PLYMOUTH,supplier,1,0.0001890359168241966,0.0,40,12661114.82,False,False,False
UNIVERSITY OF PLYMOUTH ENTERPRISE,supplier,1,0.0001890359168241966,0.0,5,880300.0,False,False,False
UNIVERSITY OF PORTSMOUTH,supplier,1,0.0001890359168241966,0.0,9,977257.15,False,False,False
UNIVERSITY OF READING,supplier,1,0.0001890359168241966,0.0,24,6888929.45,False,False,False
UNIVERSITY OF SALFORD,supplier,1,0.0001890359168241966,0.0,19,1678901.97,False,False,False
UNIVERSITY OF SALFORD MANCHESTER,supplier,1,0.0001890359168241966,0.0,10,1025692.64,False,False,False
UNIVERSITY OF SHEFFIELD,supplier,1,0.0001890359168241966,0.0,45,28906105.71,False,False,False
UNIVERSITY OF SOUTHAMPTON,supplier,1,0.0001890359168241966,0.0,140,74571628.38,False,False,False
UNIVERSITY OF SUFFOLK,supplier,1,0.0001890359168241966,0.0,16,914554.9,False,False,False
UNIVERSITY OF SUNDERLAND,supplier,1,0.0001890359168241966,0.0,23,4122488.62,False,False,False
UNIVERSITY OF SURREY,supplier,1,0.0001890359168241966,0.0,21,12295173.16,False,False,False
UNIVERSITY OF SUSSEX,supplier,1,0.0001890359168241966,0.0,24,13824108.99,False,False,False
UNIVERSITY OF TEESSIDE,supplier,1,0.0001890359168241966,0.0,11,3407629.3,False,False,False
UNIVERSITY OF THE WEST OF ENGLAND,supplier,1,0.0001890359168241966,0.0,46,16237666.64,False,False,False
UNIVERSITY OF WARWICK,supplier,1,0.0001890359168241966,0.0,21,2874907.6,False,False,False
UNIVERSITY OF WEST LONDON,supplier,1,0.0001890359168241966,0.0,9,2256163.7800000003,False,False,False
UNIVERSITY OF WINCHESTER,supplier,1,0.0001890359168241966,0.0,8,614794.65,False,False,False
UNIVERSITY OF WOLVERHAMPTON,supplier,1,0.0001890359168241966,0.0,40,3042579.45,False,False,False
UNIVERSITY OF WORCESTER,supplier,1,0.0001890359168241966,0.0,39,2564893.96,False,False,False
UNIVERSITY SURGERY PORTSMOUTH,supplier,1,0.0001890359168241966,0.0,14,655226.8,False,False,False
UNWIN & PARTNERS,supplier,1,0.0001890359168241966,0.0,6,345331.89,False,False,False
UPPINGHAM SURGERY,supplier,1,0.0001890359168241966,0.0,5,170792.68,False,False,False
UPTON GROUP PRACTICE,supplier,1,0.0001890359168241966,0.0,29,1510021.75,False,False,False
UPTON SURGERY,supplier,1,0.0001890359168241966,0.0,11,524600.18,False,False,False
URGENT CARE 24,supplier,1,0.0001890359168241966,0.0,65,3129576.31,False,False,False
USER VOICE,supplier,1,0.0001890359168241966,0.0,24,1000529.59,False,False,False
V M BEARN,supplier,1,0.0001890359168241966,0.0,4,113855.8,False,False,False
VACCINATION UK,supplier,1,0.0001890359168241966,0.0,356,45565113.52,False,True,True
VALENCE MEDICAL CENTRE,supplier,1,0.0001890359168241966,0.0,3,79254.9,False,False,False
VALENS MEDICAL PARTNERSHIP A84036,supplier,1,0.0001890359168241966,0.0,2,87366.62,False,False,False
VALENTINE HEALTH PARTNERSHIP,supplier,1,0.0001890359168241966,0.0,8,339911.58,False,False,False
VALIANTYS,supplier,1,0.0001890359168241966,0.0,5,353398.8,False,False,False
VALLEY MEDICAL CENTRE,supplier,1,0.0001890359168241966,0.0,6,290907.4,False,False,False
VALLEYS MEDICAL PARTNERSHIP,supplier,1,0.0001890359168241966,0.0,13,399162.17,False,False,False
VAN DESSELL & PARTNERS,supplier,1,0.0001890359168241966,0.0,5,623406.68,False,False,False
VANBRUGH GROUP PRACTICE,supplier,1,0.0001890359168241966,0.0,3,101220.69,False,False,False
VANTAGE DIAGNOSTICS,supplier,1,0.0001890359168241966,0.0,81,3619508.67,False,False,False
VASSALL MEDICAL CENTRE,supplier,1,0.0001890359168241966,0.0,17,2831121.96,False,False,False
VEL SURGERY G82687,supplier,1,0.0001890359168241966,0.0,7,309056.16,False,False,False
VENTNOR MEDICAL CENTRE,supplier,1,0.0001890359168241966,0.0,3,85215.01000000001,False,False,False
VEOR SURGERY,supplier,1,0.0001890359168241966,0.0,33,2439585.76,False,False,False
VERNON J G & PARTNERS,supplier,1,0.0001890359168241966,0.0,2,60319.759999999995,False,False,False
VERNOVA HEALTHCARE CIC,supplier,1,0.0001890359168241966,0.0,13,862566.18,False,False,False
VERSUS ARTHRITIS,supplier,1,0.0001890359168241966,0.0,3,160853.56,False,False,False
VIADUCT CARE CIC,supplier,1,0.0001890359168241966,0.0,29,7663171.97,False,False,False
VIAPATH ANALYTICS,supplier,1,0.0001890359168241966,0.0,16,1191393.6,False,False,False
VICKERS & PARTNERS,supplier,1,0.0001890359168241966,0.0,7,291939.23,False,False,False
VICTORIA MEDICAL CENTRE GREEN STREET CLINIC,supplier,1,0.0001890359168241966,0.0,19,1250842.52,False,False,False
VICTORIA PARK MEDICAL CENTRE BRIDGWATER,supplier,1,0.0001890359168241966,0.0,3,95586.12,False,False,False
VIDA HEALTHCARE,supplier,1,0.0001890359168241966,0.0,17,730736.95,False,False,False
VIDEO INTERACTION GUIDANCE HK VIGHK,supplier,1,0.0001890359168241966,0.0,7,650429.0,False,False,False
VIJ VIJ RIKHI & MOHINDROO,supplier,1,0.0001890359168241966,0.0,11,811179.3,False,False,False
VILLAGE GREEN SURGERY,supplier,1,0.0001890359168241966,0.0,15,905992.46,False,False,False
VILLAGE HEALTH GROUP,supplier,1,0.0001890359168241966,0.0,13,525557.77,False,False,False
VILLAGE MEDICAL CENTRE WALLASEY,supplier,1,0.0001890359168241966,0.0,31,1411409.27,False,False,False
VILLAGE PRACTICE LONDON,supplier,1,0.0001890359168241966,0.0,2,98198.87,False,False,False
VILLAGE SURGERY CRAMLINGTON,supplier,1,0.0001890359168241966,0.0,37,2132833.11,False,False,False
VILLAGE SURGERY DERBY,supplier,1,0.0001890359168241966,0.0,2,57165.49,False,False,False
VILLAGE SURGERY HARPENDEN,supplier,1,0.0001890359168241966,0.0,3,95881.86,False,False,False
VIMEO,supplier,1,0.0001890359168241966,0.0,2,139138.06082638,False,False,False
VINE MEDICAL CENTRE,supplier,1,0.0001890359168241966,0.0,3,123424.34999999999,False,False,False
VINE MEDICAL GROUP,supplier,1,0.0001890359168241966,0.0,6,243268.86,False,False,False
VINE SURGERY HINDHAYES LANE STREET,supplier,1,0.0001890359168241966,0.0,5,353701.65,False,False,False
VIRGIN CARE,supplier,1,0.0001890359168241966,0.0,3,242227.5,False,False,False
VIRGIN CARE LEEDS,supplier,1,0.0001890359168241966,0.0,15,1103184.0,False,False,False
VIRGIN CARE SERVICES,supplier,1,0.0001890359168241966,0.0,208,34705877.28,False,True,True
VIRGIN CARE SERVICES LTD SILVER END SURGERY,supplier,1,0.0001890359168241966,0.0,27,1159727.64,False,False,False
VIRGIN CARE SERVICES LTD ST LAWRENCE MEDICAL CENTRE,supplier,1,0.0001890359168241966,0.0,33,3848809.65,False,False,False
VIRGIN CARE SERVICES LTD ST LUKES HEALTH CENTRE,supplier,1,0.0001890359168241966,0.0,3,1682460.1600000001,False,False,False
VISION CARE AT HOME NORTH WEST,supplier,1,0.0001890359168241966,0.0,2,91341.16,False,False,False
VISION EXPRESS,supplier,1,0.0001890359168241966,0.0,16,451053.3,False,False,False
VISION EXPRESS UK,supplier,1,0.0001890359168241966,0.0,4,125202.44,False,False,False
VISION SERVE,supplier,1,0.0001890359168241966,0.0,22,720559.95,False,False,False
VISIONABLE,supplier,1,0.0001890359168241966,0.0,2,580489.6,False,False,False
VISIONARY EYECARE UK,supplier,1,0.0001890359168241966,0.0,4,110920.81,False,False,False
VISIONCARE AT HOME NORTH WEST,supplier,1,0.0001890359168241966,0.0,30,953050.8099999999,False,False,False
VISIONCARE AT HOME NORTHWEST,supplier,1,0.0001890359168241966,0.0,10,324759.51,False,False,False
VITA HEALTH GROUP,supplier,1,0.0001890359168241966,0.0,12,3320556.17,False,False,False
VITALHUB UK,supplier,1,0.0001890359168241966,0.0,2,126250.0,False,False,False
VITALITY ENKI,supplier,1,0.0001890359168241966,0.0,10,520011.24,False,False,False
VITTY & PTNRS,supplier,1,0.0001890359168241966,0.0,10,592978.6599999999,False,False,False
VIZIENT,supplier,1,0.0001890359168241966,0.0,2,217481.32,False,False,False
VOCARE,supplier,1,0.0001890359168241966,0.0,34,32020460.32,False,False,False
VODAFONE,supplier,2,0.0003780718336483932,0.00022846293924491125,339,83096482.61999999,True,True,True
VOHKUS,supplier,1,0.0001890359168241966,0.0,3,272514.0,False,False,False
VOYAGER FAMILY HEALTH,supplier,1,0.0001890359168241966,0.0,2,81147.7,False,False,False
VPL HEALTHCARE,supplier,1,0.0001890359168241966,0.0,3,113125.0,False,False,False
W BRINDLE,supplier,1,0.0001890359168241966,0.0,2,83734.26999999999,False,False,False
WADEBRIDGE & CAMEL ESTUARY PRACTICE,supplier,1,0.0001890359168241966,0.0,16,817864.92,False,False,False
WAITE P E 1020,supplier,1,0.0001890359168241966,0.0,2,79825.45999999999,False,False,False
WAKEFIELD COUNCIL,supplier,1,0.0001890359168241966,0.0,37,17780129.17,False,False,False
WALDERSLADE VILLAGE,supplier,1,0.0001890359168241966,0.0,21,2679128.22,False,False,False
WALKING WITH THE WOUNDED,supplier,1,0.0001890359168241966,0.0,18,1260730.0,False,False,False
WALLINGBROOK HEALTH CENTRE,supplier,1,0.0001890359168241966,0.0,6,270186.78,False,False,False
WALLINGFORD MEDICAL PRACTICE,supplier,1,0.0001890359168241966,0.0,19,1097412.56,False,False,False
WALNUT TREE HEALTH CENTRE,supplier,1,0.0001890359168241966,0.0,9,507726.18,False,False,False
WALSALL HEALTHCARE NHS TRUST,supplier,1,0.0001890359168241966,0.0,450,217602758.01,False,True,True
WALSALL METROPOLITAN BOROUGH COUNCIL,supplier,1,0.0001890359168241966,0.0,3,135639.32,False,False,False
WALTON & PARTNERS,supplier,1,0.0001890359168241966,0.0,15,506769.45,False,False,False
WALTON CENTRE NHS FOUNDATION TRUST,supplier,1,0.0001890359168241966,0.0,354,596798640.08,False,True,True
WARDEN LODGE MEDICAL PRACTICE,supplier,1,0.0001890359168241966,0.0,2,63634.53999999999,False,False,False
WARDERS MEDICAL CENTRE,supplier,1,0.0001890359168241966,0.0,13,935253.44,False,False,False
WARRINGTON & HALTON HOSPITALS NHS FOUNDATION TRUST,supplier,1,0.0001890359168241966,0.0,480,164948788.81,False,True,True
WARRINGTON BOROUGH COUNCIL,supplier,1,0.0001890359168241966,0.0,16,6456521.43,False,False,False
WARWICK GATE FAMILY HEALTH CENTRE,supplier,1,0.0001890359168241966,0.0,4,413087.86,False,False,False
WARWICK HOUSE MEDICAL CENTRE TAUNTON,supplier,1,0.0001890359168241966,0.0,3,159785.13,False,False,False
WARWICKSHIRE LOC,supplier,1,0.0001890359168241966,0.0,4,123950.0,False,False,False
WARWICKSHIRE LPC,supplier,1,0.0001890359168241966,0.0,2,86241.0,False,False,False
WATERLOO HOUSE SURGERY,supplier,1,0.0001890359168241966,0.0,6,276772.6,False,False,False
WATERLOO MANOR,supplier,1,0.0001890359168241966,0.0,44,11566030.71,False,False,False
WATFORD HEALTH CENTRE,supplier,1,0.0001890359168241966,0.0,10,505604.94,False,False,False
WATLING STREET SURGERY,supplier,1,0.0001890359168241966,0.0,10,516939.58,False,False,False
WATNEY EYECARE,supplier,1,0.0001890359168241966,0.0,5,152350.09,False,False,False
WATTON MEDICAL PRACTICE D82063,supplier,1,0.0001890359168241966,0.0,2,140576.32,False,False,False
WAVEMAKER,supplier,1,0.0001890359168241966,0.0,22,1459957.6,False,False,False
WAVENET,supplier,1,0.0001890359168241966,0.0,113,17473285.59,False,False,False
WAYSIDE PRACTICE,supplier,1,0.0001890359168241966,0.0,17,983981.92,False,False,False
WE ARE SNOOK,supplier,1,0.0001890359168241966,0.0,2,82767.07999999999,False,False,False
WE ARE SURVIVORS,supplier,1,0.0001890359168241966,0.0,3,855833.0,False,False,False
WE ARE WITH YOU,supplier,1,0.0001890359168241966,0.0,61,7233396.79,False,False,False
WEALDEN RIDGE MEDICAL PARTNERSHIP,supplier,1,0.0001890359168241966,0.0,2,83817.96,False,False,False
WEAREWISER,supplier,1,0.0001890359168241966,0.0,3,190233.0,False,False,False
WEAVERS MEDICAL,supplier,1,0.0001890359168241966,0.0,47,4442692.54,False,False,False
WEEPING CROSS SURGERY,supplier,1,0.0001890359168241966,0.0,5,173469.56,False,False,False
WELLCLOSE SURGERY,supplier,1,0.0001890359168241966,0.0,29,2655791.41,False,False,False
WELLINGTON MEDICAL CENTRE,supplier,1,0.0001890359168241966,0.0,12,836629.42,False,False,False
WELLINGTON MEDICAL PRACTICE,supplier,1,0.0001890359168241966,0.0,11,547308.6,False,False,False
WELLINGTON ROAD SURGERY NEWPORT,supplier,1,0.0001890359168241966,0.0,5,153765.12,False,False,False
WELLS CITY PRACTICE,supplier,1,0.0001890359168241966,0.0,3,203719.28000000003,False,False,False
WELLS HEALTH CENTRE GLASTONBURY ROAD WELLS,supplier,1,0.0001890359168241966,0.0,8,794527.05,False,False,False
WELLSPRING SURGERY,supplier,1,0.0001890359168241966,0.0,16,1020052.62,False,False,False
WELLWAY MEDICAL GROUP,supplier,1,0.0001890359168241966,0.0,25,1517085.74,False,False,False
WELTON FAMILY HEALTH CENTRE,supplier,1,0.0001890359168241966,0.0,14,1197383.74,False,False,False
WEM & PREES MEDICAL PRACTICE,supplier,1,0.0001890359168241966,0.0,4,136327.16,False,False,False
WENTWORTH MEDICAL PRACTICE,supplier,1,0.0001890359168241966,0.0,11,2042486.88,False,False,False
WESSEX ACADEMIC HEALTH SCIENCE NETWORK,supplier,1,0.0001890359168241966,0.0,77,22386438.490000002,False,False,False
WESSEX CHILDRENS HOSPICE TRUST,supplier,1,0.0001890359168241966,0.0,5,3280032.0,False,False,False
WEST BAR SURGERY,supplier,1,0.0001890359168241966,0.0,31,1668172.37,False,False,False
WEST COKER SURGERY,supplier,1,0.0001890359168241966,0.0,2,54013.52,False,False,False
WEST COMMON LANE TEACHING PRACTICE,supplier,1,0.0001890359168241966,0.0,5,294287.72,False,False,False
WEST HERTFORDSHIRE HOSPITALS NHS TRUST,supplier,1,0.0001890359168241966,0.0,271,149987805.25,False,True,True
WEST HERTFORDSHIRE TEACHING HOSPITALS NHS TRUST,supplier,1,0.0001890359168241966,0.0,259,89041177.18,False,True,True
WEST HOE SURGERY PLYMOUTH WATERFRONT LCG,supplier,1,0.0001890359168241966,0.0,8,955869.64,False,False,False
WEST LONDON MEDICAL CENTRE,supplier,1,0.0001890359168241966,0.0,2,107528.0,False,False,False
WEST LONDON MENTAL HEALTH NHS TRUST,supplier,1,0.0001890359168241966,0.0,22,49986869.0,False,False,False
WEST LONDON NHS TRUST,supplier,1,0.0001890359168241966,0.0,573,739837297.72,False,True,True
WEST MERCIA POLICE & CRIME COMMISSIONER,supplier,1,0.0001890359168241966,0.0,8,2150290.0,False,False,False
WEST MIDLANDS AMBULANCE SERVICE NHS FOUNDATION TRUST,supplier,1,0.0001890359168241966,0.0,129,154362918.48,False,False,False
WEST MIDLANDS POLICE,supplier,1,0.0001890359168241966,0.0,7,522000.0,False,False,False
WEST MOORS GROUP PRACTICE,supplier,1,0.0001890359168241966,0.0,2,150619.94,False,False,False
WEST PARK SURGERY 1,supplier,1,0.0001890359168241966,0.0,6,313728.76,False,False,False
WEST RAINTON SURGERY,supplier,1,0.0001890359168241966,0.0,4,155074.0,False,False,False
WEST SOMERSET HEALTHCARE,supplier,1,0.0001890359168241966,0.0,3,94101.24,False,False,False
WEST STREET SURGERY,supplier,1,0.0001890359168241966,0.0,5,314129.26999999996,False,False,False
WEST SUFFOLK NHS FOUNDATION TRUST,supplier,1,0.0001890359168241966,0.0,425,198968394.42,False,True,True
WEST SUSSEX COUNTY COUNCIL,supplier,1,0.0001890359168241966,0.0,3,226106.0,False,False,False
WEST TIMPERLEY MEDICAL CENTRE,supplier,1,0.0001890359168241966,0.0,4,101842.78,False,False,False
WEST VIEW SURGERY,supplier,1,0.0001890359168241966,0.0,5,314939.8,False,False,False
WEST WALK SURGERY,supplier,1,0.0001890359168241966,0.0,27,1909864.12,False,False,False
WESTBANK PRACTICE STARCROSS,supplier,1,0.0001890359168241966,0.0,3,199103.40000000002,False,False,False
WESTBOURNE CENTRE BIRMINGHAM LTD THE,supplier,1,0.0001890359168241966,0.0,41,5087507.79,False,False,False
WESTBOURNE MEDICAL CENTRE BOURNEMOUTH,supplier,1,0.0001890359168241966,0.0,17,958162.7,False,False,False
WESTBROOK MEDICAL CENTRE N81122,supplier,1,0.0001890359168241966,0.0,2,134270.9,False,False,False
WESTBURY GROUP PRACTICE,supplier,1,0.0001890359168241966,0.0,14,927364.8,False,False,False
WESTBURYONTRYM SURGERY,supplier,1,0.0001890359168241966,0.0,11,359162.71,False,False,False
WESTCOURT MEDICAL CENTRE,supplier,1,0.0001890359168241966,0.0,4,118754.34,False,False,False
WESTCOURT SURGERY,supplier,1,0.0001890359168241966,0.0,8,560696.58,False,False,False
WESTCROFT HEALTH CENTRE,supplier,1,0.0001890359168241966,0.0,13,798697.04,False,False,False
WESTDEUTSCHES PROTONENTHERAPIEZENTRUM ESSEN WPE,supplier,1,0.0001890359168241966,0.0,70,3768724.484785679,False,False,False
WESTERN ELMS SURGERY,supplier,1,0.0001890359168241966,0.0,11,744566.43,False,False,False
WESTERN ROAD MEDICAL CENTRE,supplier,1,0.0001890359168241966,0.0,4,107341.07,False,False,False
WESTERN SUSSEX HOSPITALS NHS FOUNDATION TRUST,supplier,1,0.0001890359168241966,0.0,217,176525581.6,False,True,True
WESTGATE PRACTICE THE,supplier,1,0.0001890359168241966,0.0,19,773458.46,False,False,False
WESTGATE SURGERY,supplier,1,0.0001890359168241966,0.0,4,382457.74,False,False,False
WESTLAKE SURGERY DR SMITH,supplier,1,0.0001890359168241966,0.0,2,73514.92,False,False,False
WESTLANDS MEDICAL CENTRE,supplier,1,0.0001890359168241966,0.0,4,138617.94,False,False,False
WESTMINSTER DRUG PROJECT,supplier,1,0.0001890359168241966,0.0,3,334167.51,False,False,False
WESTMORELAND G P CENTRE,supplier,1,0.0001890359168241966,0.0,9,727958.58,False,False,False
WESTON AREA HEALTH NHS TRUST,supplier,1,0.0001890359168241966,0.0,35,11274216.69,False,False,False
WESTON FAVELL MEDICAL CENTRE,supplier,1,0.0001890359168241966,0.0,15,648508.56,False,False,False
WESTON HOSPICECARE,supplier,1,0.0001890359168241966,0.0,3,113714.5,False,False,False
WESTONGROVE PARTNERSHIP,supplier,1,0.0001890359168241966,0.0,6,307226.66,False,False,False
WESTOVER SURGERY,supplier,1,0.0001890359168241966,0.0,13,666576.43,False,False,False
WESTROP MEDICAL PRACTICE J83002,supplier,1,0.0001890359168241966,0.0,2,104467.66,False,False,False
WESTROP SURGERY,supplier,1,0.0001890359168241966,0.0,5,737223.28,False,False,False
WESTSIDE MEDICAL CENTRE,supplier,1,0.0001890359168241966,0.0,2,152646.88,False,False,False
WEXHAM ROAD DENTAL SURGERY,supplier,1,0.0001890359168241966,0.0,15,475170.0,False,False,False
WEYMOUTH STREET HOSPITAL,supplier,1,0.0001890359168241966,0.0,31,8068621.0,False,False,False
WF FEDERATED GP NETWORK,supplier,1,0.0001890359168241966,0.0,24,2903959.1799999997,False,False,False
WHADDON HEALTHCARE,supplier,1,0.0001890359168241966,0.0,17,926885.3,False,False,False
WHARTON BUSINESS CONSULTING,supplier,1,0.0001890359168241966,0.0,9,1139955.0,False,False,False
WHEATFIELD SURGERY,supplier,1,0.0001890359168241966,0.0,6,373237.02,False,False,False
WHETSTONE MEDICAL CENTRE,supplier,1,0.0001890359168241966,0.0,29,1610866.3599999999,False,False,False
WHIPTON SURGERY,supplier,1,0.0001890359168241966,0.0,3,86476.04999999999,False,False,False
WHITBY GROUP PRACTICE WHITBY,supplier,1,0.0001890359168241966,0.0,17,965553.34,False,False,False
WHITBY HEALTH PARTNERSHIP N81093,supplier,1,0.0001890359168241966,0.0,2,78963.42,False,False,False
WHITE & PARTNERS,supplier,1,0.0001890359168241966,0.0,6,223034.12,False,False,False
WHITE HORSE MEDICAL CENTRE,supplier,1,0.0001890359168241966,0.0,20,965955.27,False,False,False
WHITE HOUSE FARM MEDICAL CENTRE,supplier,1,0.0001890359168241966,0.0,4,182821.44,False,False,False
WHITE HOUSE SURGERY THE,supplier,1,0.0001890359168241966,0.0,2,109066.5,False,False,False
WHITE MEDICAL GROUP,supplier,1,0.0001890359168241966,0.0,2,64891.2,False,False,False
WHITECHAPEL SPECSAVERS,supplier,1,0.0001890359168241966,0.0,6,205200.78,False,False,False
WHITECLIFF GROUP PRACTICE,supplier,1,0.0001890359168241966,0.0,14,769156.04,False,False,False
WHITEHALL MEDICAL PRACTICE,supplier,1,0.0001890359168241966,0.0,7,254789.22999999998,False,False,False
WHITEMOOR MEDICAL CENTRE,supplier,1,0.0001890359168241966,0.0,6,368944.98,False,False,False
WHITEWATER HEALTH,supplier,1,0.0001890359168241966,0.0,2,54565.44,False,False,False
WHITSTABLE MEDICAL PRACTICE,supplier,1,0.0001890359168241966,0.0,13,876260.8200000001,False,False,False
WHITTINGTON HOSPITAL NHS TRUST THE,supplier,1,0.0001890359168241966,0.0,455,239476958.97,False,True,True
WIGHT DENTAL CARE,supplier,1,0.0001890359168241966,0.0,2,59085.78,False,False,False
WILDERNESS ROAD SURGERY,supplier,1,0.0001890359168241966,0.0,2,60208.42,False,False,False
WILLIAMS & PTNRS,supplier,1,0.0001890359168241966,0.0,6,216725.63999999998,False,False,False
WILLIAMS D A & PARTNERS,supplier,1,0.0001890359168241966,0.0,44,4238299.27,False,False,False
WILLIAMS RM & PARTNERS,supplier,1,0.0001890359168241966,0.0,29,1432505.33,False,False,False
WILLOW GREEN SURGERY,supplier,1,0.0001890359168241966,0.0,4,153941.72,False,False,False
WILLOW GROUP THE,supplier,1,0.0001890359168241966,0.0,15,994954.89,False,False,False
WILLOW PRACTICE,supplier,1,0.0001890359168241966,0.0,14,1430148.53,False,False,False
WILLOWS MEDICAL CENTRE,supplier,1,0.0001890359168241966,0.0,21,1302150.9,False,False,False
WILMINGTON,supplier,1,0.0001890359168241966,0.0,3,136080.0,False,False,False
WILMINGTON SHARED SERVICES,supplier,2,0.0003780718336483932,0.0,7,301866.82,True,False,True
WILSON DH & PARTNERS,supplier,1,0.0001890359168241966,0.0,2,95622.84,False,False,False
WILSON PRACTICE,supplier,1,0.0001890359168241966,0.0,3,96455.28,False,False,False
WILSON STREET SURGERY,supplier,1,0.0001890359168241966,0.0,15,4212895.51,False,False,False
WILTSHIRE HEALTH & CARE,supplier,1,0.0001890359168241966,0.0,11,3743110.6500000004,False,False,False
WINDMILL PRACTICE,supplier,1,0.0001890359168241966,0.0,4,149592.72,False,False,False
WINDMILL TRAINING,supplier,1,0.0001890359168241966,0.0,3,118987.5,False,False,False
WINDRUSH MEDICAL PRACTICE WITNEY,supplier,1,0.0001890359168241966,0.0,23,1663351.02,False,False,False
WINDSOR ROAD SURGERY,supplier,1,0.0001890359168241966,0.0,14,815430.8,False,False,False
WING SURGERY,supplier,1,0.0001890359168241966,0.0,3,154371.55,False,False,False
WINYATES HEALTH CENTRE,supplier,1,0.0001890359168241966,0.0,16,1191656.06,False,False,False
WIRRAL BOROUGH COUNCIL,supplier,1,0.0001890359168241966,0.0,6,453600.0,False,False,False
WIRRAL COMMUNITY NHS FT,supplier,1,0.0001890359168241966,0.0,94,16945272.19,False,False,False
WIRRAL COMMUNITY NHS TRUST,supplier,1,0.0001890359168241966,0.0,6,766869.25,False,False,False
WIRRAL UNIVERSITY TEACHING HOSPITAL NHS FOUNDATION TRUST,supplier,1,0.0001890359168241966,0.0,586,280251012.78,False,True,True
WISTARIA & MILFORD SURGERIES,supplier,1,0.0001890359168241966,0.0,4,128536.62,False,False,False
WITH YOU CONSULTANCY,supplier,1,0.0001890359168241966,0.0,13,868709.64,False,False,False
WMRSASC,supplier,1,0.0001890359168241966,0.0,3,106068.65,False,False,False
WOKINGHAM BOROUGH COUNCIL,supplier,1,0.0001890359168241966,0.0,2,62240.0,False,False,False
WOKINGHAM MEDICAL CENTRE,supplier,1,0.0001890359168241966,0.0,15,828270.0,False,False,False
WOLFE SOLUTIONS,supplier,1,0.0001890359168241966,0.0,12,480000.01,False,False,False
WOLSELEY MEDICAL CENTRE,supplier,1,0.0001890359168241966,0.0,2,62041.4,False,False,False
WOLVERHAMPTON CITY COUNCIL,supplier,1,0.0001890359168241966,0.0,7,416000.0,False,False,False
WOMANKIND,supplier,1,0.0001890359168241966,0.0,2,55000.0,False,False,False
WOMEN & GIRLS NETWORK,supplier,1,0.0001890359168241966,0.0,12,1492111.06,False,False,False
WOMEN IN PRISON,supplier,1,0.0001890359168241966,0.0,4,186667.0,False,False,False
WONFORD GREEN SURGERY EXETER,supplier,1,0.0001890359168241966,0.0,3,110182.01999999999,False,False,False
WOOD CROWLEY LENEHAN KOBAN MCKAY & PARTNERS,supplier,1,0.0001890359168241966,0.0,4,192626.21000000002,False,False,False
WOOD STREET HEALTH CENTRE,supplier,1,0.0001890359168241966,0.0,10,1497886.42,False,False,False
WOODA SURGERY,supplier,1,0.0001890359168241966,0.0,3,200047.08000000002,False,False,False
WOODBERRY PRACTICE,supplier,1,0.0001890359168241966,0.0,7,302720.78,False,False,False
WOODBROOK MEDICAL CENTRE,supplier,1,0.0001890359168241966,0.0,3,143129.76,False,False,False
WOODBURY SURGERY,supplier,1,0.0001890359168241966,0.0,3,88506.42,False,False,False
WOODHALL SPA NEW SURGERY,supplier,1,0.0001890359168241966,0.0,12,674085.0,False,False,False
WOODHOUSE HEALTH CENTRE,supplier,1,0.0001890359168241966,0.0,10,574736.12,False,False,False
WOODLAND PRACTICE,supplier,1,0.0001890359168241966,0.0,8,498204.64,False,False,False
WOODLAND SURGERY BANBURY,supplier,1,0.0001890359168241966,0.0,2,88000.0,False,False,False
WOODLAND SURGERY REDHILL,supplier,1,0.0001890359168241966,0.0,3,190077.87,False,False,False
WOODLANDS CLERKLANDS PARTNERSHIP,supplier,1,0.0001890359168241966,0.0,18,1660131.3699999999,False,False,False
WOODLANDS FAMILY PRACTICE,supplier,1,0.0001890359168241966,0.0,9,380826.89,False,False,False
WOODLANDS HEALTH CENTRE LONDON,supplier,1,0.0001890359168241966,0.0,5,237913.53999999998,False,False,False
WOODLANDS HEALTH CENTRE PADDOCK WOOD,supplier,1,0.0001890359168241966,0.0,2,79054.58,False,False,False
WOODLANDS MEDICAL PRACTICE,supplier,1,0.0001890359168241966,0.0,10,1149995.27,False,False,False
WOODLANDS SURGERY AT EDEN HOUSE,supplier,1,0.0001890359168241966,0.0,3,92421.66,False,False,False
WOODNEWTON ASSOCIATES,supplier,1,0.0001890359168241966,0.0,3,133800.0,False,False,False
WOODVIEW MEDICAL CENTRE,supplier,1,0.0001890359168241966,0.0,20,1352049.86,False,False,False
WOODWARD ASSOCIATES UK,supplier,1,0.0001890359168241966,0.0,17,748557.0,False,False,False
WOOLFORD RANPURA AHYOW & MILTON,supplier,1,0.0001890359168241966,0.0,13,915020.84,False,False,False
WOOLPIT HEALTH CENTRE,supplier,1,0.0001890359168241966,0.0,28,1703504.4,False,False,False
WOOLSTONE MEDICAL CENTRE,supplier,1,0.0001890359168241966,0.0,8,611360.97,False,False,False
WOOLTERTON M C & PARTNERS,supplier,1,0.0001890359168241966,0.0,29,2134231.28,False,False,False
WOOSEHILL MEDICAL CENTRE,supplier,1,0.0001890359168241966,0.0,3,103962.16,False,False,False
WOOTTON MEDICAL CENTRE,supplier,1,0.0001890359168241966,0.0,15,650534.49,False,False,False
WORCESTERSHIRE ACUTE HOSPITALS NHS TRUST,supplier,2,0.0003780718336483932,0.0002657385677725245,630,579236153.17,True,True,True
WORCESTERSHIRE COUNTY COUNCIL,supplier,1,0.0001890359168241966,0.0,8,285053.4,False,False,False
WORCESTERSHIRE HEALTH & CARE NHS TRUST,supplier,1,0.0001890359168241966,0.0,37,13137263.32,False,False,False
WORCESTERSHIRE LOCAL OPTOMETRIC COMMITTEE,supplier,1,0.0001890359168241966,0.0,4,123950.0,False,False,False
WORDEN MEDICAL CENTRE,supplier,1,0.0001890359168241966,0.0,8,534974.92,False,False,False
WORDEN TW,supplier,1,0.0001890359168241966,0.0,7,1275189.04,False,False,False
WORK PSYCHOLOGY,supplier,1,0.0001890359168241966,0.0,7,973506.0,False,False,False
WORK PSYCHOLOGY GROUP,supplier,1,0.0001890359168241966,0.0,3,522330.0,False,False,False
WORKING TIME SOLUTIONS,supplier,1,0.0001890359168241966,0.0,4,316585.2,False,False,False
WORKSPACE SCOTLAND,supplier,1,0.0001890359168241966,0.0,5,856531.69,False,False,False
WORTHING MEDICAL GROUP,supplier,1,0.0001890359168241966,0.0,6,211280.44,False,False,False
WRIGHT & PARTNERS,supplier,1,0.0001890359168241966,0.0,16,783990.79,False,False,False
WRIGHT COTTRELL,supplier,1,0.0001890359168241966,0.0,3,155107.5,False,False,False
WRIGHTINGTON WIGAN & LEIGH NHS FOUNDATION TRUST,supplier,1,0.0001890359168241966,0.0,178,98079301.65,False,False,False
WRIGHTINGTON WIGAN AND LEIGH TEACHING HOSPITALS NHS FOUNDATION TRUST,supplier,1,0.0001890359168241966,0.0,445,130778774.35,False,True,True
WW GBR,supplier,1,0.0001890359168241966,0.0,39,2264475.22,False,False,False
WYCHBURY MEDICAL GROUP,supplier,1,0.0001890359168241966,0.0,6,218704.40000000002,False,False,False
WYCLIFFE SURGERY PLYMOUTH WATERFRONT LCG,supplier,1,0.0001890359168241966,0.0,4,230032.22,False,False,False
WYE SURGERY,supplier,1,0.0001890359168241966,0.0,3,105309.0,False,False,False
WYE VALLEY NHS TRUST,supplier,1,0.0001890359168241966,0.0,448,139075901.58,False,True,True
WYKE REGIS MEDICAL PRACTICE,supplier,1,0.0001890359168241966,0.0,2,74172.38,False,False,False
WYMONDHAM MEDICAL PARTNERSHIP D82045,supplier,1,0.0001890359168241966,0.0,2,67157.95999999999,False,False,False
WYNCROFT SURGERY,supplier,1,0.0001890359168241966,0.0,2,120494.82,False,False,False
WYNDHAM HOUSE SURGERY SILVERTON,supplier,1,0.0001890359168241966,0.0,3,85190.1,False,False,False
WYRE FOREST HEALTH PARTNERSHIP,supplier,1,0.0001890359168241966,0.0,35,1472384.88,False,False,False
XEROX UK,supplier,1,0.0001890359168241966,0.0,85,59914496.29,False,False,False
XYTAL HEALTH MANAGEMENT,supplier,1,0.0001890359168241966,0.0,35,1288434.99,False,False,False
YADAVA N & PARTNER,supplier,1,0.0001890359168241966,0.0,31,1166017.06,False,False,False
YARM MEDICAL CENTRE,supplier,1,0.0001890359168241966,0.0,3,85852.04000000001,False,False,False
YASIN S A,supplier,1,0.0001890359168241966,0.0,27,743958.24,False,False,False
YEALM MEDICAL CENTRE PLYMOUTH,supplier,1,0.0001890359168241966,0.0,3,134617.08000000002,False,False,False
YELLOW DOOR,supplier,1,0.0001890359168241966,0.0,4,247803.0,False,False,False
YEOVIL DISTRICT HOSPITAL NHS FOUNDATION TRUST,supplier,1,0.0001890359168241966,0.0,282,98312360.69,False,True,True
YOR LOCAL MEDICAL COMMITTEE,supplier,1,0.0001890359168241966,0.0,6,379377.03,False,False,False
YORK 1 DOMICILIARY SPECSAVERS,supplier,1,0.0001890359168241966,0.0,3,81132.37,False,False,False
YORK AND SCARBOROUGH TEACHING HOSPITALS NHS FOUNDATION TRUST,supplier,1,0.0001890359168241966,0.0,455,270787195.86,False,True,True
YORK HOUSE MEDICAL CENTRE,supplier,1,0.0001890359168241966,0.0,11,1016107.8,False,False,False
YORK MEDICAL GROUP,supplier,1,0.0001890359168241966,0.0,50,4543715.79,False,False,False
YORK MEDICAL PRACTICE,supplier,1,0.0001890359168241966,0.0,8,356567.95999999996,False,False,False
YORK ST JOHN UNIVERSITY,supplier,1,0.0001890359168241966,0.0,3,405098.1,False,False,False
YORKSHIRE AMBULANCE SERVICE NHS TRUST,supplier,1,0.0001890359168241966,0.0,79,34918421.43,False,False,False
YORKSHIRE HEALTH PARTNERS,supplier,1,0.0001890359168241966,0.0,2,80000.0,False,False,False
YORLMC,supplier,1,0.0001890359168241966,0.0,2,133906.6,False,False,False
YOUGOV,supplier,1,0.0001890359168241966,0.0,2,82348.0,False,False,False
YOUNG PERSONS ADVISORY SERVICE,supplier,1,0.0001890359168241966,0.0,3,204233.3,False,False,False
YOUR HEALTH PARTNERSHIP M88004,supplier,1,0.0001890359168241966,0.0,2,63093.32,False,False,False
YOUR HEALTHCARE CIC,supplier,1,0.0001890359168241966,0.0,89,12736187.82,False,False,False
YOUR HOUSING GROUP,supplier,1,0.0001890359168241966,0.0,2,129326.70999999999,False,False,False
YPG PROJECT,supplier,1,0.0001890359168241966,0.0,19,570000.0,False,False,False
ZAIDI S H H & PARTNERS,supplier,1,0.0001890359168241966,0.0,3,459719.14,False,False,False
ZOES PLACE BABY HOSPICE,supplier,1,0.0001890359168241966,0.0,9,2544758.0,False,False,False
ZOES PLACE TRUST,supplier,1,0.0001890359168241966,0.0,2,453871.0,False,False,False
ZUHLKE ENGINEERING,supplier,1,0.0001890359168241966,0.0,2,115000.0,False,False,False
ADAM HTT LTD TA ADAM,supplier,1,0.0001890359168241966,0.0,28,1191980.8,False,False,False
AIMES MANAGEMENT SERVICES,supplier,1,0.0001890359168241966,0.0,5,259042.91999999998,False,False,False
APHA CIC,supplier,1,0.0001890359168241966,0.0,3,126000.0,False,False,False
BEYONDTRUST CORPORATION,supplier,1,0.0001890359168241966,0.0,5,201238.16,False,False,False
BMG RESEARCH,supplier,1,0.0001890359168241966,0.0,2,79705.0,False,False,False
BRAVO SOLUTION UK,supplier,1,0.0001890359168241966,0.0,5,320000.0,False,False,False
CERTERO,supplier,1,0.0001890359168241966,0.0,4,214565.7,False,False,False
CHANNEL 3 CONSULTING,supplier,1,0.0001890359168241966,0.0,2,93100.0,False,False,False
CHS HEALTHCARE,supplier,2,0.0003780718336483932,7.365057038255565e-06,22,2738578.74,True,False,True
CITIZEN COMMUNICATIONS,supplier,1,0.0001890359168241966,0.0,2,103870.0,False,False,False
COMMERCE DECISIONS,supplier,1,0.0001890359168241966,0.0,2,109296.0,False,False,False
CSA WAVERLEY,supplier,1,0.0001890359168241966,0.0,2,89412.88,False,False,False
D T COMMISSIONING AND CONSULTANCY SERVICES,supplier,1,0.0001890359168241966,0.0,6,266360.0,False,False,False
DIGITAL SPACE CLOUD SERVICES,supplier,1,0.0001890359168241966,0.0,5,264762.0,False,False,False
FELBER CONSULTING,supplier,1,0.0001890359168241966,0.0,2,428962.56,False,False,False
HOOPLE,supplier,1,0.0001890359168241966,0.0,10,585068.75,False,False,False
ISEER,supplier,1,0.0001890359168241966,0.0,6,192606.0,False,False,False
IT WORKS HEALTH,supplier,1,0.0001890359168241966,0.0,7,248640.0,False,False,False
JUMPING RIVERS,supplier,1,0.0001890359168241966,0.0,3,152371.27,False,False,False
OXFORD CENTRE FOR TRIPLE VALUE HEALTHCARE,supplier,1,0.0001890359168241966,0.0,3,151900.0,False,False,False
PATHFINDER HEALTHCARE DEVELOPMENTS CIC,supplier,1,0.0001890359168241966,0.0,2,50000.0,False,False,False
PI,supplier,1,0.0001890359168241966,0.0,9,364759.25,False,False,False
POPULO CONSULTING,supplier,1,0.0001890359168241966,0.0,2,60075.0,False,False,False
SIERRA NORTH CONSULTING,supplier,1,0.0001890359168241966,0.0,2,100000.0,False,False,False
THORNBURY NURSING SERVICES,supplier,1,0.0001890359168241966,0.0,6,730024.08,False,False,False
TP HEALTH,supplier,1,0.0001890359168241966,0.0,6,332927.70999999996,False,False,False
TWIN TECHNOLOGY,supplier,1,0.0001890359168241966,0.0,62,2288357.0,False,False,False
UB HEALTHCARE,supplier,1,0.0001890359168241966,0.0,3,229998.4,False,False,False
ULYSSES 2000,supplier,1,0.0001890359168241966,0.0,2,84152.76000000001,False,False,False
VODAFONE CORPORATE,supplier,1,0.0001890359168241966,0.0,49,1509250.3800000001,False,False,False
WOTTABYTE,supplier,1,0.0001890359168241966,0.0,4,188000.0,False,False,False
ASPIRE TECHNOLOGY SOLUTIONS,supplier,1,0.0001890359168241966,0.0,6,186771.69,False,False,False
BENCHMARK MANAGEMENT CONSULTING,supplier,1,0.0001890359168241966,0.0,225,19764074.13,False,True,True
BLUE PRISM,supplier,1,0.0001890359168241966,0.0,2,140360.0,False,False,False
CATALYST BI,supplier,1,0.0001890359168241966,0.0,2,258922.0,False,False,False
DURHAM COUNTY COUNCIL,supplier,1,0.0001890359168241966,0.0,17,3972868.0,False,False,False
EMIS HEALTH,supplier,1,0.0001890359168241966,0.0,5,393755.53,False,False,False
EVOLUTION RECRUITMENT SOLUTIONS,supplier,1,0.0001890359168241966,0.0,2,128000.0,False,False,False
GATESHEAD COUNCIL,supplier,1,0.0001890359168241966,0.0,2,485000.0,False,False,False
HALO SERVICE SOLUTIONS,supplier,1,0.0001890359168241966,0.0,3,110899.2,False,False,False
HYGEIAN CONSULTING,supplier,1,0.0001890359168241966,0.0,40,3149398.12,False,False,False
INCREMENTAL GROUP,supplier,1,0.0001890359168241966,0.0,12,635460.07,False,False,False
INSOURCE SELECT,supplier,1,0.0001890359168241966,0.0,47,4753888.88,False,False,False
INSTITUTE OF DIRECTORS,supplier,1,0.0001890359168241966,0.0,2,130000.0,False,False,False
IT PROFESSIONAL SERVICES,supplier,1,0.0001890359168241966,0.0,69,10165368.47,False,False,False
MBI HEALTHCARE TECHNOLOGIES,supplier,1,0.0001890359168241966,0.0,4,1064096.0,False,False,False
MIDDLESBROUGH & STOCKON MIND,supplier,1,0.0001890359168241966,0.0,2,77750.0,False,False,False
NINTEX UK,supplier,1,0.0001890359168241966,0.0,5,536552.83,False,False,False
PERFECT IMAGE,supplier,1,0.0001890359168241966,0.0,6,690136.69,False,False,False
PULSANT,supplier,1,0.0001890359168241966,0.0,10,1624646.01,False,False,False
SELLICK PARTNERSHIP GROUP,supplier,1,0.0001890359168241966,0.0,2,597650.0,False,False,False
SOURCECODE UK,supplier,1,0.0001890359168241966,0.0,10,681477.0,False,False,False
SOUTH TYNESIDE COUNCIL,supplier,1,0.0001890359168241966,0.0,3,945000.0,False,False,False
TELEFONICA TECH NORTHERN IRELAND,supplier,1,0.0001890359168241966,0.0,3,204308.6,False,False,False
WATERSTONS,supplier,1,0.0001890359168241966,0.0,4,205581.0,False,False,False
1SPATIAL GROUP,supplier,1,0.0001890359168241966,0.0,2,78559.2,False,False,False
ACUMA SOLUTIONS,supplier,1,0.0001890359168241966,0.0,13,550092.5,False,False,False
APPIAN SOFTWARE INTERNATIONAL LLC,supplier,1,0.0001890359168241966,0.0,10,2275005.29,False,False,False
APPRILIS,supplier,1,0.0001890359168241966,0.0,9,292465.02,False,False,False
BISTECH,supplier,1,0.0001890359168241966,0.0,10,327879.01,False,False,False
BRIAN JOHNSTON&CO INSURANCE BROKERS,supplier,1,0.0001890359168241966,0.0,2,73988.88,False,False,False
BRITISH ISLAMIC MEDICAL ASSOCIATION,supplier,1,0.0001890359168241966,0.0,8,287500.01,False,False,False
BURGES SALMON,supplier,1,0.0001890359168241966,0.0,6,184174.83000000002,False,False,False
CLARITY CONSULTING ASSOCIATES,supplier,1,0.0001890359168241966,0.0,25,1449294.22,False,False,False
CLOUD BOOKING,supplier,1,0.0001890359168241966,0.0,2,61632.0,False,False,False
COMPAREX UK,supplier,1,0.0001890359168241966,0.0,3,305354.20999999996,False,False,False
CONCEPT INFORMATION TECHNOLOGY,supplier,1,0.0001890359168241966,0.0,2,142200.0,False,False,False
DACOLL,supplier,1,0.0001890359168241966,0.0,18,605807.41,False,False,False
DAISY CORPORATE SERVICES TRADING,supplier,1,0.0001890359168241966,0.0,3,115300.14,False,False,False
ETHICAL HEALTHCARE,supplier,1,0.0001890359168241966,0.0,5,190722.5,False,False,False
GREEN CLOUD HOSTING,supplier,1,0.0001890359168241966,0.0,12,495651.27999999997,False,False,False
GRESHAM OFFICE FURNITURE,supplier,1,0.0001890359168241966,0.0,6,266875.6,False,False,False
HARTLEPOOL BOROUGH COUNCIL,supplier,1,0.0001890359168241966,0.0,2,100000.0,False,False,False
HAYS SPECIALIST RECRUITMENT,supplier,1,0.0001890359168241966,0.0,52,2189260.26,False,False,False
HEALTHCARE COMPUTING,supplier,1,0.0001890359168241966,0.0,65,2754363.01,False,False,False
HUNTER HEALTHCARE RESOURCING,supplier,2,0.0003780718336483932,2.910940970279078e-05,13,402230.0,True,False,True
ICE CREATES,supplier,1,0.0001890359168241966,0.0,7,302050.0,False,False,False
IDEAL HEALTH CONSULTANTS,supplier,1,0.0001890359168241966,0.0,2,86250.0,False,False,False
IFF RESEARCH,supplier,1,0.0001890359168241966,0.0,4,169167.72,False,False,False
IMPACT ADVISORY,supplier,1,0.0001890359168241966,0.0,10,415390.0,False,False,False
INTEGRATED PATIENT CARE,supplier,1,0.0001890359168241966,0.0,3,139680.8,False,False,False
INTERQUEST GROUP UK,supplier,1,0.0001890359168241966,0.0,2,131760.0,False,False,False
IT BUS,supplier,1,0.0001890359168241966,0.0,3,118800.0,False,False,False
LINKEDIN,supplier,1,0.0001890359168241966,0.0,2,50136.0,False,False,False
MEDIA REACH ADVERTISING,supplier,1,0.0001890359168241966,0.0,3,117400.0,False,False,False
MOBIUS WORKS,supplier,1,0.0001890359168241966,0.0,2,79373.04,False,False,False
MONSTARLAB UK,supplier,1,0.0001890359168241966,0.0,2,205000.0,False,False,False
PEOPLE SOURCE CONSULTING,supplier,1,0.0001890359168241966,0.0,17,788001.91,False,False,False
POWERON PLATFORMS,supplier,1,0.0001890359168241966,0.0,6,219046.0,False,False,False
REDFERN TRAVEL,supplier,1,0.0001890359168241966,0.0,4,175208.88,False,False,False
RELATIONS GROUP,supplier,1,0.0001890359168241966,0.0,4,173200.0,False,False,False
RUBICON HEALTH CONSULTING,supplier,1,0.0001890359168241966,0.0,7,273976.61,False,False,False
SOCIETE GENERALE EQUIPMENT FINANCE,supplier,1,0.0001890359168241966,0.0,2,62159.6,False,False,False
TMI SYSTEMS,supplier,1,0.0001890359168241966,0.0,7,220642.0,False,False,False
TRUSTCO,supplier,1,0.0001890359168241966,0.0,2,246699.0,False,False,False
TRUSTED TECHNOLOGY PARTNERSHIP,supplier,1,0.0001890359168241966,0.0,12,469359.0,False,False,False
UDEMY,supplier,1,0.0001890359168241966,0.0,2,75999.70173110001,False,False,False
VL DIGITAL,supplier,1,0.0001890359168241966,0.0,2,114000.0,False,False,False
WHITE KNIGHT RECRUITMENT,supplier,1,0.0001890359168241966,0.0,117,6626198.0200000005,False,False,False
AAH HOSPITAL SERVICE,supplier,1,0.0001890359168241966,0.0,39,1703399.99,False,False,False
ALTODIGITAL NETWORKS,supplier,1,0.0001890359168241966,0.0,3,237072.0,False,False,False
AMVALE MEDICAL TRANSPORT,supplier,1,0.0001890359168241966,0.0,8,699254.88,False,False,False
ANGLIAN WATER BUSINESS NATIONAL,supplier,1,0.0001890359168241966,0.0,13,521447.51,False,False,False
ARJO UK,supplier,1,0.0001890359168241966,0.0,7,580415.8200000001,False,False,False
BASSAIRE CLEANROOMS,supplier,1,0.0001890359168241966,0.0,5,815517.41,False,False,False
BERENDSEN HEALTHCARE,supplier,1,0.0001890359168241966,0.0,25,1146228.77,False,False,False
BIGHAND,supplier,1,0.0001890359168241966,0.0,2,283331.71,False,False,False
BIOTEST UK,supplier,1,0.0001890359168241966,0.0,4,136820.0,False,False,False
BOSTON BOROUGH COUNCIL BUSINESS RATES,supplier,1,0.0001890359168241966,0.0,2,903936.0,False,False,False
BRISTOL MYERS SQUIBB PHARMACEUTICALS,supplier,1,0.0001890359168241966,0.0,3,85477.5,False,False,False
DELL COMPUTER CORPORATION,supplier,1,0.0001890359168241966,0.0,17,687694.97,False,False,False
DSSR CONSULTING ENGINEERS,supplier,1,0.0001890359168241966,0.0,2,56000.0,False,False,False
EAST KIRKBY ENGINEERING CO,supplier,1,0.0001890359168241966,0.0,2,50563.49,False,False,False
EDF ENERGY 1,supplier,1,0.0001890359168241966,0.0,34,2234104.57,False,False,False
ENVIRONTEC,supplier,1,0.0001890359168241966,0.0,2,53007.17999999999,False,False,False
FIDELITI,supplier,1,0.0001890359168241966,0.0,5,153620.11000000002,False,False,False
FOCUS CONSULTANTS 2010,supplier,1,0.0001890359168241966,0.0,11,379313.24,False,False,False
FUJIFILM UK,supplier,1,0.0001890359168241966,0.0,3,151788.6,False,False,False
GELDER,supplier,1,0.0001890359168241966,0.0,15,1226632.11,False,False,False
GENZYME THERAPEUTICS,supplier,1,0.0001890359168241966,0.0,2,101448.0,False,False,False
GEO HOULTON & SONS,supplier,1,0.0001890359168241966,0.0,3,429175.28,False,False,False
GROUP 24 LTD TA NURSING 24,supplier,1,0.0001890359168241966,0.0,5,445575.0,False,False,False
HARMONY FIRE,supplier,1,0.0001890359168241966,0.0,4,605940.06,False,False,False
ID MEDICAL GROUP,supplier,1,0.0001890359168241966,0.0,9,423540.1,False,False,False
INDUSTRIAL ENERGY SERVICES,supplier,1,0.0001890359168241966,0.0,15,538103.81,False,False,False
INTERACT MEDICAL LTD TA INTERACT NURSING,supplier,1,0.0001890359168241966,0.0,5,115870.43000000001,False,False,False
INTRINSIC TECHNOLOGY,supplier,1,0.0001890359168241966,0.0,3,34174.06,False,False,False
IP INTEGRATION,supplier,1,0.0001890359168241966,0.0,4,536059.0900000001,False,False,False
JANSSENCILAG,supplier,1,0.0001890359168241966,0.0,6,181699.87,False,False,False
LINCOLNSHIRE COMMUNITY HEALTH SERVICES,supplier,1,0.0001890359168241966,0.0,12,998485.43,False,False,False
LINCOLNSHIRE PARTNERSHIP NHS TRUST,supplier,1,0.0001890359168241966,0.0,4,144436.11,False,False,False
LINDUM GROUP,supplier,1,0.0001890359168241966,0.0,11,1037169.03,False,False,False
MAQUET,supplier,1,0.0001890359168241966,0.0,5,323871.89,False,False,False
MAYDAY HEALTHCARE,supplier,1,0.0001890359168241966,0.0,3,82935.64,False,False,False
MEDICA GROUP,supplier,1,0.0001890359168241966,0.0,16,515880.95,False,False,False
MEDICAL 24,supplier,1,0.0001890359168241966,0.0,19,611676.09,False,False,False
MIDWEST ELECTRICAL SERVICES,supplier,1,0.0001890359168241966,0.0,3,211967.49,False,False,False
MLL TELECOM,supplier,1,0.0001890359168241966,0.0,4,160509.0,False,False,False
MSL HEALTHCARE,supplier,1,0.0001890359168241966,0.0,9,206578.62,False,False,False
NEOPOST POSTAGE TOP UP ONLY POSTROOM,supplier,1,0.0001890359168241966,0.0,5,230000.0,False,False,False
NEUROPHYSIOLOGY EXPERTS,supplier,1,0.0001890359168241966,0.0,8,232455.0,False,False,False
NHS BUSINESS SERVICES AUTHORITY FP10,supplier,1,0.0001890359168241966,0.0,2,52403.67,False,False,False
NHS PENSION SCHEME,supplier,1,0.0001890359168241966,0.0,2,25382.33,False,False,False
NHS SUPPLY CHAIN PRODUCT SALES,supplier,1,0.0001890359168241966,0.0,5,1057535.3900000001,False,False,False
NORTHERN LINCOLNSHIRE & GOOLE HOSPITALS,supplier,1,0.0001890359168241966,0.0,14,10427852.64,False,False,False
NOTTINGHAM UNIVERSITY HOSPITALS NHS TRUS,supplier,1,0.0001890359168241966,0.0,3,65721.34,False,False,False
NOVARTIS PHARMACEUTICALS,supplier,1,0.0001890359168241966,0.0,2,52215.119999999995,False,False,False
NOVUS PROPERTY SOLUTIONS,supplier,1,0.0001890359168241966,0.0,9,1191579.36,False,False,False
NUTRIX PERSONNEL,supplier,1,0.0001890359168241966,0.0,8,328885.13,False,False,False
QUADIENT UK,supplier,1,0.0001890359168241966,0.0,3,90000.0,False,False,False
R G CARTER BUILDING,supplier,1,0.0001890359168241966,0.0,20,6299334.0,False,False,False
RESMED,supplier,1,0.0001890359168241966,0.0,3,95200.0,False,False,False
RESTORE PLC WAS MAGNUM,supplier,1,0.0001890359168241966,0.0,8,311960.85,False,False,False
RON GALE & SONS,supplier,1,0.0001890359168241966,0.0,7,282824.82,False,False,False
SCCL NHS SUPPLY CHAIN CAPITAL,supplier,1,0.0001890359168241966,0.0,4,196502.72,False,False,False
SCCL NHS SUPPLY CHAIN MAINTENANCE,supplier,1,0.0001890359168241966,0.0,11,657144.56,False,False,False
SCCL NHS SUPPLY CHAIN PRODUCT SALES,supplier,1,0.0001890359168241966,0.0,26,7895760.0600000005,False,False,False
SEYMOUR & CASTLE,supplier,1,0.0001890359168241966,0.0,2,58459.08,False,False,False
ST HELENS & KNOWSLEY TEACHING,supplier,1,0.0001890359168241966,0.0,16,1906254.88,False,False,False
SYNERGY HEALTH UK,supplier,1,0.0001890359168241966,0.0,8,2312247.69,False,False,False
SYSMEX UK,supplier,1,0.0001890359168241966,0.0,2,76868.64,False,False,False
THE SNORING DISORDERS CENTRE,supplier,1,0.0001890359168241966,0.0,32,1319269.45,False,False,False
THORLUX LIGHTING,supplier,1,0.0001890359168241966,0.0,2,109653.01000000001,False,False,False
VEOLIA ENERGY & UTILITY SERVICES UK,supplier,1,0.0001890359168241966,0.0,20,1256497.65,False,False,False
VEOLIA ES RESOURCE EFFICIENCY,supplier,1,0.0001890359168241966,0.0,4,3046776.0,False,False,False
