supplier,total_transactions,total_spend,mean_transaction_amount,ml_anomaly_rate,mean_ml_anomaly_score,rule_flag_rate,is_network_hub,composite_risk_score,risk_tier,community_id,community_size
GREATER LONDON AUTHORITY,5,1850000.0,370000.0,0.6,0.0069829493449643,1.0,False,99.82156635802468,Critical,,
VAN DESSELL & PARTNERS,5,623406.68,124681.336,0.4,-0.024658911523455,0.4,False,97.8732638888889,Critical,,
EAST COAST COMMUNITY HEALTHCARE CIC,6,1457922.7999999998,242987.1333333333,0.1666666666666666,-0.0215015618644739,0.5,False,97.8684413580247,Critical,,
STAFFORDSHIRE COUNTY COUNCIL,5,4817538.39,963507.678,0.2,-0.0326949461458463,0.4,False,97.16435185185183,Critical,,
KENT COUNTY COUNCIL (EXCH SEC MAIDSTONE),16,14727768.23,920485.514375,0.375,-0.0490173563584104,0.4375,False,96.96180555555554,Critical,,
GREATER MANCHESTER COMBINED AUTHORITY (GMCA),12,5810184.49,484182.0408333333,0.1666666666666666,-0.0544242484299294,0.6666666666666666,False,96.460262345679,Critical,,
GUYS & ST THOMAS HOSPITAL NHS FOUNDATION TRUST,2477,4622934392.34,1866344.1228663707,0.1631005248284214,-0.0338286861545255,0.3605167541380703,True,95.6597222222222,Critical,0.0,590.0
DRAYTON MEDICAL PRACTICE,6,702355.74,117059.29,0.1666666666666666,-0.026169536294173,0.3333333333333333,False,95.654899691358,Critical,8.0,61.0
LGBT FOUNDATION LTD,6,662603.0,110433.83333333331,0.1666666666666666,-0.0283086411176026,0.3333333333333333,False,95.59702932098764,Critical,,
CITY OF STOKE ON TRENT,7,7301056.0,1043008.0,0.1428571428571428,-0.0557812625972726,0.4285714285714285,False,95.34625771604938,Critical,,
LONDON COUNCILS,7,247000.0,35285.71428571428,0.1428571428571428,-0.0559010326922876,0.4285714285714285,False,95.32696759259258,Critical,,
UNITED HEALTHCARE DEVELOPMENTS LTD,13,12201166.66,938551.2815384616,0.2307692307692307,-0.0774399296904383,0.5384615384615384,False,94.98456790123456,Critical,,
INOVEM LTD,10,5285185.84,528518.584,0.3,-0.0359832350381332,0.3,False,94.9170524691358,Critical,,
ASSURA HC LTD,6,5535783.66,922630.61,0.3333333333333333,-0.0614855605837512,0.3333333333333333,False,94.43479938271604,Critical,,
ICF CONSULTING SERVICES LTD,7,583655.23,83379.31857142856,0.1428571428571428,0.0062672169104356,0.2857142857142857,False,94.42997685185183,Critical,,
GENOMICS ENGLAND LTD,29,82465973.34,2843654.2531034485,0.2413793103448276,-0.0561187089431483,0.3103448275862069,False,93.91396604938272,Critical,,
BARTON SURGERY (DAWLISH),8,497597.44,62199.68,0.25,-0.076406265575833,0.375,False,93.89467592592592,Critical,,
CPGM HEALTHCARE LTD CHL,6,1579114.28,263185.7133333333,0.1666666666666666,-0.0664102294113248,0.3333333333333333,False,93.3304398148148,Critical,,
UNIVERSITY COLLEGE LONDON HOSPITALS NHS FOUNDATION TRUST,1852,3947803655.74,2131643.44262419,0.0998920086393088,-0.0460439724540186,0.3255939524838013,True,93.24845679012346,Critical,2.0,317.0
MCKINSEY & CO,15,13151689.34,876779.2893333334,0.2,-0.0870583030953067,0.4666666666666667,True,92.9639274691358,Critical,0.0,590.0
MILTON KEYNES COUNCIL,9,4509500.0,501055.5555555556,0.1111111111111111,-0.0804613660055695,0.4444444444444444,False,92.76138117283948,Critical,7.0,67.0
OPEN HEALTH CARE UK,7,247120.0,35302.857142857145,0.1428571428571428,-0.0477423208402001,0.2857142857142857,True,92.59741512345678,Critical,1.0,552.0
HEATHFIELD SURGERY,5,279593.3,55918.66,0.4,0.0112832216807284,0.2,False,92.43827160493828,Critical,,
SHEFFIELD TEACHING HOSPITALS NHS FOUNDATION TRUST,1415,3169790376.76,2240134.541879859,0.0734982332155477,-0.0663954235727483,0.3710247349823322,True,92.40933641975307,Critical,0.0,590.0
MONITOR,5,8323595.2,1664719.04,0.6,-0.0087254468115171,0.2,False,92.26466049382717,Critical,1.0,552.0
KING`S COLLEGE HOSPITAL NHS FOUNDATION TRUST,1740,3628036576.94,2085078.492494253,0.0896551724137931,-0.0548374471101662,0.314367816091954,False,92.26466049382717,Critical,,
MANCHESTER CENTRAL CONVENTION COMPLEX,10,15068250.05,1506825.005,0.3,0.0017672215951164,0.2,False,92.211612654321,Critical,1.0,552.0
FOREST HALL HEALTH CENTRE,5,222212.76,44442.552,0.2,-0.0079434351021662,0.2,False,91.7872299382716,Critical,8.0,61.0
UNIVERSITY HOSPITALS BIRMINGHAM NHS FOUNDATION TRUST,1409,3484491379.39,2473024.399850958,0.0816181689141234,-0.0633666426986433,0.3264726756564939,True,91.73418209876544,Critical,5.0,91.0
OUTCOMES BASED HEALTHCARE LTD,27,20764376.770000003,769050.9914814816,0.037037037037037,-0.0714778620269497,0.5185185185185185,False,91.67631172839504,Critical,,
OXFORD UNIVERSITY HOSPITALS NHS FOUNDATION TRUST,1683,3584074227.16,2129574.70419489,0.0730837789661319,-0.0611515911105542,0.3137254901960784,True,91.3628472222222,Critical,1.0,552.0
HEALTH FOUNDATION (THE),15,4370192.88,291346.192,0.1333333333333333,-0.0800415708875079,0.3333333333333333,False,91.34355709876544,Critical,,
NOTTINGHAM UNIVERSITY HOSPITALS NHS TRUST,1515,3222575926.92,2127112.823049505,0.0679867986798679,-0.0650432374838618,0.3287128712871287,True,91.32908950617283,Critical,2.0,317.0
EAST SUSSEX COUNTY COUNCIL,8,442308.26,55288.5325,0.125,-0.0451079665246818,0.25,False,91.29050925925924,Critical,,
NEWCASTLE UPON TYNE HOSPITALS NHS FOUNDATION TRUST,1245,3691344425.04,2964935.2811566265,0.0690763052208835,-0.0701560431902315,0.3365461847389558,True,91.28086419753086,Critical,2.0,317.0
MANCHESTER UNIVERSITY NHS FOUNDATION TRUST,2157,3847134768.11,1783558.0751553085,0.0760315252665739,-0.046623739221726,0.2841910060268892,True,91.26157407407408,Critical,5.0,91.0
CAMBRIDGE UNIVERSITY HOSPITALS NHS FOUNDATION TRUST,1326,3038810110.99,2291711.9992383104,0.059577677224736,-0.0683991401076573,0.3446455505279034,True,91.18441358024693,Critical,2.0,317.0
FRESENIUS KABI LTD,11,358062.46,32551.13272727273,0.1818181818181818,-0.0940196865997516,0.4545454545454545,False,91.06867283950616,Critical,,
UNIVERSAL AV SERVICES LTD,8,36645.6,4580.7,0.125,-0.0865716809757872,0.375,False,91.00115740740742,Critical,,
UNI HOSPITAL SOUTHAMPTON NHS FT,1217,3149223900.19,2587694.2483073133,0.0583401807723911,-0.070812394565593,0.3557929334428923,True,90.97222222222224,Critical,2.0,317.0
BARTS HEALTH NHS TRUST,1504,4433698992.83,2947938.16012633,0.0764627659574468,-0.0595982175647625,0.293218085106383,True,90.82754629629628,Critical,2.0,317.0
HERTFORDSHIRE COUNTY COUNCIL,6,572418.0,95403.0,0.1666666666666666,-0.0860972567043119,0.3333333333333333,False,90.79378858024693,Critical,0.0,590.0
EMPLOYEE PULSECHECK LTD,6,2155385.16,359230.86000000004,0.5,-0.0039784764868951,0.1666666666666666,False,90.73591820987652,Critical,,
ROYAL FREE LONDON NHS FOUNDATION TRUST,1540,2868713374.88,1862800.8927792208,0.0558441558441558,-0.0680205953936063,0.3168831168831169,True,90.4128086419753,Critical,0.0,590.0
DR MTC HIGGINS & PARTNERS,8,1114809.58,139351.1975,0.125,-0.0608187267004757,0.25,False,90.28742283950616,Critical,,
HOSPICE UK,20,223099506.5,11154975.325,0.2,-0.0458731969982203,0.2,False,90.27295524691358,Critical,0.0,590.0
DR D G BRODIE & PARTNERS,10,709456.46,70945.646,0.1,-0.076773869341038,0.3,False,90.2391975308642,Critical,,
UNIVERSITY HOSPITALS BRISTOL AND WESTON NHS FOUNDATION TRUST,1118,2316597007.53,2072090.3466279071,0.0438282647584973,-0.0780038169708202,0.3738819320214669,True,90.09452160493828,Critical,1.0,552.0
FLITWICK SURGERY,9,473993.29,52665.92111111111,0.1111111111111111,-0.0860803158887839,0.3333333333333333,False,90.0221836419753,Critical,,
ST GEORGES UNIVERSITY HOSPITALS NHS FOUNDATION TRUST,1416,2258154067.92,1594741.5733898303,0.0494350282485875,-0.0693440053363144,0.3248587570621469,True,90.0173611111111,Critical,2.0,317.0
NORTH BRISTOL NHS TRUST,1180,1765578526.65,1496252.9886864407,0.0406779661016949,-0.0775615982805537,0.3720338983050847,True,89.91126543209876,Critical,2.0,317.0
MARUS BRIDGE PRACTICE,6,6304041.14,1050673.5233333332,0.3333333333333333,-0.0334430381437042,0.1666666666666666,False,89.72800925925925,Critical,,
WARRINGTON BOROUGH COUNCIL,16,6456521.43,403532.589375,0.0625,-0.092435369733134,0.6875,False,89.65567129629629,Critical,,
DANEBRIDGE MEDICAL PRACTICE,6,284095.16000000003,47349.193333333336,0.1666666666666666,-0.0169855035966954,0.1666666666666666,False,89.53993055555554,Critical,,
HONITON GROUP PRACTICE,6,296981.6,49496.93333333333,0.1666666666666666,-0.0196239997459554,0.1666666666666666,False,89.48206018518518,Critical,,
LEEDS TEACHING HOSPITALS NHS TRUST,1508,4530280443.36,3004164.7502387264,0.0729442970822281,-0.0709024557402375,0.2805039787798408,True,89.38078703703704,Critical,0.0,590.0
MEDALLIA INC,10,522000.0,52200.0,0.1,-0.0944452827454381,0.4,False,89.23611111111111,Critical,,
RADNOR HOUSE SURGERY & ASCOT MEDICAL CENTRE,5,2889942.99,577988.598,0.2,-0.0653497518213249,0.2,False,88.99016203703704,Critical,,
OPCC FOR LEICESTERSHIRE,17,2423784.24,142575.54352941178,0.0588235294117647,-0.0856603340725534,0.3529411764705882,False,88.97087191358024,Critical,,
NORTHWOOD GROUP PRACTICE,11,3278589.88,298053.6254545454,0.0909090909090909,-0.0792304628780726,0.2727272727272727,False,88.67669753086419,Critical,,
BEECHWOOD SURGERY,10,987076.48,98707.648,0.1,-0.0485255340330808,0.2,False,88.671875,Critical,,
IMPERIAL COLLEGE HEALTHCARE NHS TRUST,1520,3226992100.77,2123021.1189276315,0.0539473684210526,-0.0633103130531663,0.2664473684210526,True,88.64776234567901,Critical,0.0,590.0
GREAT ORMOND STREET HOSPITAL FOR CHILDREN NHS FOUNDATION TRUST,1403,2599183340.58,1852589.6939272983,0.037063435495367,-0.0680416576893638,0.285816108339273,True,88.50308641975307,Critical,2.0,317.0
BIRMINGHAM WOMENS AND CHILDRENS NHS FOUNDATION TRUST,936,1957166766.01,2090990.1346260684,0.0277777777777777,-0.084517363794936,0.3856837606837607,True,88.42592592592592,Critical,0.0,590.0
INTEGRATED CARE PARTNERSHIP,17,1394973.36,82057.25647058823,0.1176470588235294,-0.0887413201969789,0.2941176470588235,False,88.34394290123456,Critical,,
NHS PROFESSIONALS LTD,19,24325178.4,1280272.547368421,0.0526315789473684,-0.0924635100279029,0.3684210526315789,False,87.53375771604938,Critical,,
BRISTOL CITY COUNCIL,13,938401.07,72184.6976923077,0.0769230769230769,-0.1015923061041144,0.4615384615384615,False,87.52411265432099,Critical,7.0,67.0
BURNHAM HEALTH CENTRE,6,364768.64,60794.77333333334,0.1666666666666666,-0.0578796074607829,0.1666666666666666,False,87.4855324074074,Critical,,
BARWELL & HOLLYCROFT MEDICAL CENTRE,7,537664.4,76809.2,0.1428571428571428,-0.0350408975630449,0.1428571428571428,False,87.3022762345679,Critical,,
UNIVERSITY HOSPITALS OF LEICESTER NHS TRUST,906,2389335688.5,2637235.859271523,0.0441501103752759,-0.0820454145299657,0.2880794701986754,True,87.14313271604938,Critical,2.0,317.0
FORESTSIDE MEDICAL PRACTICE WALSALL,13,4297661.92,330589.37846153846,0.1538461538461538,-0.0857327799657965,0.2307692307692307,False,87.12866512345678,Critical,,
NHS COUNTY DURHAM CCG,13,6842069.24,526313.0184615385,0.0769230769230769,-0.0787809466988093,0.2307692307692307,True,86.98398919753086,Critical,2.0,317.0
ROTHERHAM METROPOLITAN BOROUGH COUNCIL,6,8760378.46,1460063.076666667,0.1666666666666666,-0.0682648428530035,0.1666666666666666,False,86.79108796296296,Critical,3.0,221.0
THE CHRISTIE NHS FOUNDATION TRUST,704,1606020150.7,2281278.623153409,0.018465909090909,-0.0894747224582895,0.3693181818181818,True,86.77662037037037,Critical,,
METROPOLITAN POLICE,12,1563882.5,130323.54166666669,0.0833333333333333,-0.1060664804521903,0.75,False,86.77179783950618,Critical,,
LANCASHIRE TEACHING HOSPITALS NHS FOUNDATION TRUST,905,1250932812.63,1382246.2018011052,0.0198895027624309,-0.0924523612135852,0.3889502762430939,True,86.49691358024691,Critical,1.0,552.0
WORCESTERSHIRE COUNTY COUNCIL,8,285053.4,35631.675,0.125,-0.0244550856665156,0.125,False,86.48244598765432,Critical,7.0,67.0
MEDWAY COUNCIL,22,11582167.57,526462.1622727272,0.0909090909090909,-0.0669842114600818,0.1818181818181818,True,86.48244598765432,Critical,1.0,552.0
GAUMARD SCIENTIFIC CO INC,5,45618.03955774399,9123.6079115488,0.2,-0.1093917279505919,0.4,False,86.42939814814815,Critical,,
CORPORATE DOCUMENT SERVICES,6,1467373.3,244562.21666666667,0.1666666666666666,-0.0712641617179798,0.1666666666666666,False,86.42457561728395,Critical,1.0,552.0
CIRCLE HEALTH HOLDINGS LTD,54,498047759.53,9223106.657962965,0.1296296296296296,-0.0180388507077151,0.1111111111111111,False,86.06288580246913,Critical,,
UNIVERSITY HOSPITALS OF NORTH MIDLANDS NHS TRUST,832,1647915660.81,1980667.8615504808,0.0300480769230769,-0.0890785225542312,0.3137019230769231,True,85.99537037037037,Critical,,
GROSVENOR CONTRACTS (LONDON) LTD,7,69090.0,9870.0,0.1428571428571428,-0.0984339414768128,0.2857142857142857,False,85.98090277777777,Critical,,
NHS NOTTINGHAM AND NOTTINGHAMSHIRE CCG,16,11915400.21,744712.513125,0.0625,-0.1053356941171998,0.5,False,85.91820987654322,Critical,2.0,317.0
HULL UNIVERSITY TEACHING HOSPITAL NHS TRUST,1105,1525190363.92,1380262.7727782803,0.0334841628959276,-0.082217884325954,0.2687782805429864,True,85.87962962962962,Critical,8.0,61.0
UNIVERSITY HOSPITALS COVENTRY AND WARWICKSHIRE NHS TRUST,1181,1442695521.47,1221588.0791447926,0.0304826418289585,-0.080462621366636,0.2633361558001693,True,85.83140432098764,Critical,9.0,23.0
CENTRAL & NORTH WEST LONDON NHS FOUNDATION TRUST,1353,682401920.03,504362.0990613452,0.0103473762010347,-0.0799259791932306,0.2801182557280118,True,85.36844135802468,Critical,5.0,91.0
LONDON NORTH WEST HEALTHCARE NHS TRUST,1125,873035315.57,776031.3916177779,0.0088888888888888,-0.0873397046247333,0.3164444444444444,True,85.27199074074073,Critical,2.0,317.0
NOTTINGHAMSHIRE HEALTHCARE NHS FOUNDATION TRUST,966,1584698412.71,1640474.5473188406,0.036231884057971,-0.0899388615242897,0.2826086956521739,True,85.01157407407408,Critical,5.0,91.0
SOUTH TEES HOSPITALS NHS FOUNDATION TRUST,882,1533717733.05,1738908.994387755,0.0249433106575963,-0.0899728092528321,0.2970521541950113,True,84.9729938271605,Critical,0.0,590.0
OMNICELL LTD,10,421874.32,42187.432,0.1,-0.0862178761427187,0.2,False,84.9681712962963,Critical,,
SHEFFIELD CHILDRENS NHS FOUNDATION TRUST,954,943673382.87,989175.4537421383,0.0073375262054507,-0.09218849138688,0.3438155136268344,True,84.84760802469135,Critical,1.0,552.0
CHELSEA AND WESTMINSTER HOSPITAL NHS FOUNDATION TRUST,1084,1114881301.96,1028488.2859409596,0.011070110701107,-0.0857732364051222,0.2887453874538745,True,84.7608024691358,Critical,2.0,317.0
HOPE FARM MEDICAL CENTRE,9,560297.34,62255.26,0.1111111111111111,-0.0419924981781035,0.1111111111111111,False,84.7559799382716,Critical,,
SOUTH DOC SERVICES MY HEALTHCARE LTD,5,844766.14,168953.228,0.2,-0.0935145291216238,0.2,False,84.71739969135803,Critical,,
ST GILES TRUST,13,1591835.0,122448.84615384616,0.0769230769230769,-0.091020009918051,0.2307692307692307,False,84.66917438271605,Critical,0.0,590.0
INTUITIVE SURGICAL LTD,38,728416.6,19168.85789473684,0.0263157894736842,-0.0909378624808064,0.2894736842105263,False,84.59683641975309,Critical,,
UNIVERSITY HOSPITALS PLYMOUTH NHS TRUST,847,1614971276.41,1906695.721853601,0.0354191263282172,-0.0898933342904682,0.2715466351829988,True,84.5679012345679,Critical,1.0,552.0
HCA INTERNATIONAL LTD,22,153802029.35999998,6991001.334545454,0.0454545454545454,-0.0320166880794699,0.1363636363636363,False,84.5582561728395,Critical,,
EAST OF ENGLAND AMBULANCE SERVICE NHS TRUST,44,80191539.44,1822534.9872727275,0.0227272727272727,-0.0984692119130365,0.3636363636363636,False,84.52932098765432,Critical,,
LEICESTERSHIRE & RUTLAND LOC OPTICARE,7,468500.0,66928.57142857143,0.1428571428571428,-0.0754677517775387,0.1428571428571428,False,84.37982253086419,Critical,,
MILLS & REEVE LLP,7,1201173.41,171596.20142857145,0.1428571428571428,-0.0771907543696424,0.1428571428571428,False,84.22550154320987,Critical,,
CLATTERBRIDGE CANCER CENTRE NHS FT,362,1092734276.19,3018602.9729005527,0.011049723756906,-0.0914836832912084,0.3093922651933701,True,84.21103395061729,Critical,0.0,590.0
DR F W MOUJAES & DR M A MANNAN,16,1182504.14,73906.50875,0.0625,-0.0934713314628678,0.25,False,84.1579861111111,Critical,,
MID AND SOUTH ESSEX FOUNDATION TRUST,665,1333478847.48,2005231.349593985,0.0105263157894736,-0.0931159637066616,0.3172932330827068,True,84.10493827160494,Critical,2.0,317.0
FRIMLEY HEALTH NHS FOUNDATION TRUST,1319,995066596.02,754409.852934041,0.0113722517058377,-0.0786561612020113,0.2335102350265352,True,84.07600308641975,Critical,5.0,91.0
LIVERPOOL UNIVERSITY HOSPITALS NHS FOUNDATION TRUST,978,1120738855.69,1145949.750194274,0.0214723926380368,-0.0879474789103364,0.261758691206544,True,84.01813271604938,Critical,0.0,590.0
ROYAL SURREY COUNTY HOSPITAL NHS FOUNDATION TRUST,1104,1019386915.7,923357.7134963768,0.0144927536231884,-0.0857172849812253,0.2581521739130434,True,83.9795524691358,Critical,1.0,552.0
HEALTHCARE QUALITY IMPROVEMENT PARTNERSHIP,128,104710616.53,818051.691640625,0.015625,-0.1013508485628837,0.3828125,False,83.94579475308642,Critical,0.0,590.0
RAMSAY HEALTH CARE UK OPERATIONS LTD,77,393549850.13,5111037.014675325,0.0519480519480519,-0.0814312102331428,0.1948051948051948,False,83.76736111111111,Critical,,
COLLEGE SURGERY PARTNERSHIP,18,1082319.48,60128.86,0.1111111111111111,-0.0858389585182012,0.1666666666666666,False,83.64679783950616,Critical,,
CAPITA BUSINESS SERVICES LTD,1251,390866302.12,312443.087226219,0.0111910471622701,-0.0863677270536283,0.2525979216626698,False,83.44907407407408,Critical,,
ROYAL PAPWORTH HOSPITAL NHS FOUNDATION TRUST,446,1064371584.94,2386483.374304933,0.0044843049327354,-0.097546600762935,0.3520179372197309,True,83.36226851851852,Critical,,
HOLOGIC LTD,15,277956.0,18530.4,0.0666666666666666,-0.0897777442964692,0.2,False,83.27546296296296,Critical,,
FAERESTRAND H I & PARTNERS,8,1202071.24,150258.905,0.125,-0.0752235649396566,0.125,False,83.1934799382716,Critical,,
NHS TRUST DEVELOPMENT AUTHORITY,40,31385063.74,784626.5935000001,0.075,-0.1130743188603327,0.425,True,83.04398148148147,Critical,1.0,552.0
NORTHLANDS SURGERY,12,590171.82,49180.98499999999,0.0833333333333333,-0.0862315322796206,0.1666666666666666,False,82.9909336419753,Critical,,
NORFOLK & NORWICH UNIVERSITY HOSPITALS NHS FOUNDATION TRUST,902,1223639453.29,1356584.759745011,0.0110864745011086,-0.0891699493521634,0.253880266075388,True,82.95717592592592,Critical,,
DENMEAD DOCTORS SURGERY,23,2700561.1,117415.7,0.0434782608695652,-0.1034684133494621,0.3043478260869565,False,82.72087191358024,Critical,,
PORTSMOUTH HOSPITALS NHS TRUST,919,1123408602.53,1222425.0299564744,0.0141458106637649,-0.0911174665119081,0.2557127312295973,True,82.71604938271604,Critical,,
UK TRADE & INVESTMENT,12,3722756.85,310229.7375,0.1666666666666666,-0.0617692979735805,0.0833333333333333,False,82.3832947530864,Critical,,
UNIVERSITY HOSPITALS OF DERBY & BURTON NHS FOUNDATION TRUST,850,1015534232.64,1194746.1560470588,0.0105882352941176,-0.0953141631301183,0.2823529411764706,True,82.25308641975309,Critical,2.0,317.0
BLACKPOOL TEACHING HOSPITALS NHS FOUNDATION TRUST,889,778465624.21,875664.3691901013,0.0067491563554555,-0.0965041983219345,0.2924634420697413,True,82.15663580246914,Critical,1.0,552.0
SHROPSHIRE COUNCIL,12,3022240.72,251853.3933333333,0.0833333333333333,-0.1042190753015259,0.25,False,82.10358796296296,Critical,9.0,23.0
UNIVERSITY HOSPITALS SUSSEX NHS FOUNDATION TRUST,843,1434733218.47,1701937.3884578885,0.0308422301304863,-0.0930386449374625,0.225385527876631,True,82.06983024691357,Critical,3.0,221.0
SOUTH WESTERN AMBULANCE SERVICE NHS FOUNDATION TRUST,43,52152518.94,1212849.2776744186,0.0232558139534883,-0.1086337079937747,0.3720930232558139,False,81.92515432098764,Critical,3.0,221.0
GLOUCESTERSHIRE HOSPITALS NHS FOUNDATION TRUST,945,1063753027.3,1125664.579153439,0.0179894179894179,-0.0928262704685459,0.2359788359788359,True,81.83834876543209,Critical,1.0,552.0
ISLINGTON COUNCIL,9,4719750.0,524416.6666666666,0.1111111111111111,-0.0791883442852698,0.1111111111111111,False,81.78530092592592,Critical,7.0,67.0
ROYAL CORNWALL HOSPITALS NHS TRUST,877,780087256.11,889495.1609007982,0.0068415051311288,-0.0955971511608807,0.2782212086659065,True,81.78047839506172,Critical,,
TMP (UK) LTD,26,21840769.09,840029.5803846153,0.0384615384615384,-0.1094370555056802,0.3461538461538461,False,81.76118827160494,Critical,,
PARK SURGERY HORSHAM,17,1714299.12,100841.12470588236,0.0588235294117647,-0.090867188383259,0.1764705882352941,False,81.67920524691358,Critical,,
EAST KENT HOSPITALS UNIVERSITY NHS FOUNDATION TRUST,823,1008047008.24,1224844.4814580802,0.0133657351154313,-0.0954191044191935,0.2515188335358445,True,81.50077160493827,Critical,,
NHS BUSINESS SERVICES AUTHORITY,381,912005093.65,2393714.15656168,0.0131233595800524,-0.104210550874606,0.3228346456692913,True,81.49112654320987,Critical,0.0,590.0
ROYAL WOLVERHAMPTON HOSPITALS NHS TRUST (THE),755,959537713.74,1270910.879125828,0.0026490066225165,-0.0979610500779087,0.2927152317880794,False,81.49112654320987,Critical,,
INIVOS LTD,12,376836.0,31403.0,0.0833333333333333,-0.0931647657805415,0.1666666666666666,False,81.47665895061728,Critical,,
OXFORD HEALTH NHS FOUNDATION TRUST,554,811961882.97,1465635.1678158846,0.0126353790613718,-0.1108713666618582,0.4169675090252707,True,81.2403549382716,Critical,0.0,590.0
NORTHERN CARE ALLIANCE NHS FOUNDATION TRUST,697,1114994154.61,1599704.6694548065,0.018651362984218,-0.1068906840945388,0.3285509325681492,True,81.18248456790123,Critical,0.0,590.0
SOMERSET NHS FOUNDATION TRUST,830,667110801.38,803747.9534698795,0.0048192771084337,-0.0982095685519026,0.2795180722891566,True,81.11496913580245,Critical,0.0,590.0
CHEVIN MEDICAL PRACTICE,16,1013352.58,63334.53625,0.0625,-0.0800226423360518,0.125,False,81.02816358024691,Critical,,
PALANTIR TECHNOLOGIES UK LTD,99,133996141.17,1353496.3754545455,0.0404040404040404,-0.116880673356076,0.6060606060606061,False,81.00887345679013,Critical,,
BIRMINGHAM & SOLIHULL MENTAL HEALTH NHS FOUNDATION TRUST,626,979993400.04,1565484.664600639,0.0191693290734824,-0.1101933905703534,0.3690095846645367,True,80.99922839506172,Critical,,
CITY WALLS MEDICAL CENTRE,10,450556.54,45055.654,0.1,-0.0785623253647671,0.1,False,80.92689043209876,Critical,,
MOATFIELD SURGERY,10,1019386.5,101938.65,0.1,-0.0790644862431923,0.1,False,80.8400848765432,Critical,,
LIVERPOOL HEART & CHEST NHS FOUNDATION TRUST,424,675659488.46,1593536.5293867926,0.0023584905660377,-0.1076380903263483,0.3726415094339622,True,80.81597222222221,Critical,,
ROYAL BROMPTON & HAREFIELD NHS FOUNDATION TRUST,114,720001671.99,6315804.140263158,0.0350877192982456,-0.1123790020664741,0.3684210526315789,False,80.76774691358025,Critical,,
ALDER HEY CHILDRENS NHS FOUNDATION TRUST,645,1078190479.66,1671613.14675969,0.0093023255813953,-0.103690128078037,0.3007751937984496,True,80.74363425925927,Critical,0.0,590.0
CYGNET HEALTHCARE LTD,245,379049848.41,1547142.2384081632,0.0122448979591836,-0.1106636995397132,0.3755102040816326,False,80.67129629629629,Critical,,
EAST SUFFOLK AND NORTH ESSEX NHS FOUNDATION TRUST,848,843248862.4,994397.2433962264,0.0047169811320754,-0.0987626309808719,0.2724056603773584,True,80.65200617283949,Critical,2.0,317.0
DR M C SMITH & PARTNERS,18,2204158.56,122453.25333333334,0.0555555555555555,-0.1026121378127885,0.2222222222222222,False,80.61342592592592,Critical,,
NHS LEICESTER LEICESTERSHIRE AND RUTLAND ICB,24,11837182.08,493215.92,0.0833333333333333,-0.1126671693758555,0.2916666666666667,False,80.60378086419753,Critical,3.0,221.0
BEVAN HEALTHCARE CIC,6,406457.58,67742.93000000001,0.1666666666666666,-0.1025090095900101,0.1666666666666666,False,80.52179783950616,Critical,,
GREATER MANCHESTER MENTAL HEALTH NHS FOUNDATION TRUST,811,668288671.57,824030.4211713934,0.002466091245376,-0.103664325488974,0.3094944512946979,True,80.46875,Critical,1.0,552.0
SPIRE HEALTHCARE LTD,140,481205421.43,3437181.5816428573,0.0285714285714285,-0.1148347696860794,0.4,False,80.20833333333334,Critical,,
ROYAL MARSDEN NHS FOUNDATION TRUST (THE),894,1276228485.89,1427548.6419351231,0.0067114093959731,-0.0887055497551205,0.192393736017897,False,80.13117283950616,Critical,,
WILTSHIRE HEALTH & CARE LLP,11,3743110.65,340282.7863636364,0.0909090909090909,-0.0784409927635563,0.0909090909090909,False,80.0588348765432,Critical,,
SUMMERTOWN HEALTH CENTRE,8,404900.11,50612.51375,0.125,-0.0932337453184677,0.125,False,79.97202932098764,Critical,,
SUPPLY CHAIN COORDINATION LIMITED,851,1699759096.37,1997366.7407403053,0.0505287896592244,-0.1089846233180208,0.2679200940070505,False,79.96720679012346,Critical,,
NATIONAL AUDIT OFFICE,26,3860000.0,148461.53846153847,0.0384615384615384,-0.1195532993332809,0.5769230769230769,False,79.94791666666666,Critical,0.0,590.0
NORTHAM SURGERY BIDEFORD,15,2113914.77,140927.65133333334,0.1333333333333333,-0.0954533983775466,0.1333333333333333,False,79.91898148148147,Critical,,
GE MEDICAL SYSTEMS LTD,10,650670.85,65067.085,0.1,-0.0855912300625407,0.1,False,79.74054783950618,Critical,,
BUPA CROMWELL HOSPITAL,23,34661450.33,1507019.5795652173,0.0434782608695652,-0.103186590492257,0.217391304347826,False,79.71161265432099,Critical,,
PRACTICE PLUS GROUP HEALTH & REHABILITATION SERVICES LTD,2384,887653378.29,372337.8264639262,0.0964765100671141,-0.0352688181352765,0.0356543624161073,False,79.6778549382716,Critical,,
COYLE PERSONNEL PLC,409,402641.2,984.4528117359414,0.0048899755501222,-0.073432313046693,0.1418092909535452,False,79.64891975308642,Critical,,
CIVICA UK LTD,18,1213816.35,67434.24166666667,0.0555555555555555,-0.082530800622119,0.1111111111111111,False,79.54764660493827,Critical,,
GREEN LANES SURGERY,16,1111712.38,69482.02375,0.0625,-0.1018384118112453,0.1875,False,79.50906635802468,Critical,,
NHS STAFFORD AND SURROUNDS CCG,24,9649807.08,402075.295,0.0416666666666666,-0.1194322067212651,0.4166666666666667,False,79.46084104938271,Critical,2.0,317.0
HOOTSUITE MEDIA INC,6,239999.84,39999.973333333335,0.0,-0.0113150768108816,0.6666666666666666,False,79.4511959876543,Critical,,
NORTHUMBRIA HEALTHCARE NHS FOUNDATION TRUST,1028,446904955.7,434732.4471789883,0.0029182879377431,-0.0998722135666708,0.245136186770428,True,79.32098765432099,Critical,0.0,590.0
PORTCHESTER PRACTICE,10,792787.58,79278.758,0.1,-0.0878119787844715,0.1,False,79.31616512345678,Critical,,
SPECSAVERS OPTICIANS,7219,242845675.16,33639.79431500208,0.0818672946391467,-0.0142372320639398,0.0006926167059149,True,79.26311728395062,Critical,4.0,136.0
INTEROPEN COMMUNITY INTEREST COMPANY,5,241005.0,48201.0,0.0,-0.0216799512358569,0.8,False,79.24382716049381,Critical,1.0,552.0
OLYMPUS KEYMED,17,1442182.6,84834.27058823529,0.0588235294117647,-0.101061873853332,0.1764705882352941,True,79.16184413580247,Critical,6.0,81.0
RDP GROUP UK LTD,18,2024257.8,112458.76666666666,0.1666666666666666,-0.1135530197236455,0.2222222222222222,False,79.14737654320987,Critical,,
COVENTRY CITY COUNCIL,6,290000.0,48333.333333333336,0.0,-0.0302408726950394,1.0,False,79.11361882716048,High,,
MANCHESTER CITY COUNCIL,12,2990604.79,249217.06583333333,0.1666666666666666,-0.1069752287982732,0.1666666666666666,False,79.10397376543209,High,7.0,67.0
OASIS RESTORE TRUST,5,5000000.0,1000000.0,0.0,-0.0332295347188493,1.0,False,78.96894290123456,High,,
DEVON PARTNERSHIP NHS TRUST,622,799425516.78,1285250.026977492,0.017684887459807,-0.1116617937786759,0.3135048231511254,True,78.96412037037038,High,0.0,590.0
SELSEY MEDICAL PRACTICE,13,855442.26,65803.25076923077,0.0769230769230769,-0.0775257453034361,0.0769230769230769,False,78.9110725308642,High,,
ROYAL UNITED HOSPITALS BATH NHS FOUNDATION TRUST,758,579475316.33,764479.3091424803,0.0026385224274406,-0.1026737980917653,0.2506596306068601,True,78.90625,High,,
OXLEAS NHS FOUNDATION TRUST,795,901839082.23,1134388.782679245,0.0075471698113207,-0.0939794147942643,0.1911949685534591,True,78.85802469135803,High,,
MAIDSTONE AND TUNBRIDGE WELLS NHS TRUST,660,749587521.51,1135738.6689545454,0.0045454545454545,-0.1061729918547066,0.2787878787878788,True,78.81944444444444,High,,
TWENTY FOUR SEVEN RECRUITMENT YORKS LTD,60,81373.09,1356.2181666666663,0.0333333333333333,-0.0829498707965082,0.1166666666666666,False,78.80497685185185,High,,
FRENCH WEIR HEALTH CENTRE TAUNTON,12,737343.2,61445.26666666666,0.0833333333333333,-0.0822980916871553,0.0833333333333333,False,78.79533179012346,High,,
BUCKINGHAMSHIRE HEALTHCARE NHS TRUST,1062,591024264.04,556520.0226365348,0.0018832391713747,-0.0954692119779526,0.2015065913370998,True,78.78086419753086,High,3.0,221.0
SUSSEX PARTNERSHIP NHS FOUNDATION TRUST,484,740400605.49,1529753.3171280993,0.0165289256198347,-0.1177443028171732,0.4008264462809917,True,78.76157407407408,High,1.0,552.0
TIMBER HILL HEALTH CENTRE,26,4375266.71,168279.48884615384,0.0769230769230769,-0.1007110891246103,0.1538461538461538,False,78.7133487654321,High,,
GOLLINGS & PARTNERS,19,1369117.12,72058.79578947368,0.0526315789473684,-0.1071787810412561,0.2105263157894736,False,78.66512345679013,High,,
HEREFORDSHIRE & WORCESTERSHIRE LPC,5,555648.0,111129.6,0.0,-0.0375494454535769,0.8,False,78.64583333333331,High,0.0,590.0
CARIBBEAN & AFRICAN HEALTH NETWORK,5,524199.86,104839.972,0.0,-0.0079802700446554,0.4,False,78.56385030864197,High,3.0,221.0
BOC LTD,8,1773302.1700000002,221662.77125,0.125,-0.0987955231207195,0.125,False,78.56385030864197,High,,
SYSTEM C HEALTHCARE LTD,100,70003868.97,700038.6897,0.02,-0.0926651816753495,0.16,False,78.5011574074074,High,,
NHS BRADFORD DISTRICTS CCG,12,3356904.0,279742.0,0.0833333333333333,-0.1144318867232368,0.25,True,78.47704475308642,High,2.0,317.0
HM REVENUE AND CUSTOMS,16,756203.9,47262.74375,0.0625,-0.0662856709577221,0.0625,True,78.46257716049382,High,1.0,552.0
EAST LANCASHIRE HOSPITALS NHS TRUST,842,519269543.06,616709.6710926365,0.002375296912114,-0.1044090125737413,0.2577197149643705,True,78.45293209876542,High,1.0,552.0
BARKING HAVERING AND REDBRIDGE HOSPITALS NHS TRUST,631,857208696.21,1358492.3870206024,0.0047543581616481,-0.1060617704246898,0.2646592709984152,True,78.37577160493827,High,2.0,317.0
ONE VISION GROUP LTD TA PREMIER VISION,8,299500.7,37437.5875,0.125,-0.1000539655976582,0.125,False,78.3034336419753,High,4.0,136.0
UNIVERSITY OF PLYMOUTH ENTERPRISE LTD,5,880300.0,176060.0,0.0,-0.0449058621377423,1.0,False,78.29378858024691,High,,
CUMBRIA NORTHUMBERLAND TYNE AND WEAR NHS FOUNDATION TRUST,635,689953510.53,1086540.9614645669,0.0078740157480314,-0.106981477946752,0.262992125984252,True,78.27932098765432,High,2.0,317.0
WEST MERCIA POLICE & CRIME COMMISSIONER,8,2150290.0,268786.25,0.0,-0.0442978095890048,0.875,False,78.26003086419752,High,,
NHS NORTH HAMPSHIRE CCG,23,10822119.57,470526.9378260869,0.0434782608695652,-0.1237743500173096,0.4347826086956521,False,78.13464506172839,High,2.0,317.0
INTERWORKS EUROPE LTD,37,11022110.44,297894.87675675674,0.027027027027027,-0.1084434763744153,0.2432432432432432,False,78.13464506172839,High,,
SOUTH TYNESIDE & SUNDERLAND NHS FOUNDATION TRUST,677,520155341.01,768323.9896750369,0.0029542097488921,-0.111641628487222,0.3161004431314623,True,78.125,High,0.0,590.0
BARNSLEY HEALTHCARE FEDERATION,32,7207436.32,225232.385,0.03125,-0.1101914630785066,0.25,False,78.02854938271604,High,8.0,61.0
CARITAS GENERAL PRACTICE PARTNERSHIP,10,603546.14,60354.614,0.1,-0.0934042124036052,0.1,False,78.00443672839506,High,,
SPECTRUM COMMUNITY HEALTH CIC,869,348404786.85,400926.10684695054,0.0057537399309551,-0.0971608360601938,0.194476409666283,True,77.99961419753086,High,2.0,317.0
NHS NATIONAL SERVICES SCOTLAND,5,1636105.0,327221.0,0.0,-0.0298795061076982,0.4,False,77.93692129629629,High,,
MERSEY CARE NHS FOUNDATION TRUST,635,875452410.54,1378665.2134488188,0.0094488188976377,-0.1098382146291248,0.2787401574803149,True,77.9224537037037,High,0.0,590.0
HAMPSHIRE HOSPITALS NHS FOUNDATION TRUST,750,611134111.36,814845.4818133333,0.0013333333333333,-0.1056889541522647,0.252,True,77.76813271604938,High,,
PLYMOUTH CITY COUNCIL,9,1399208.5,155467.61111111112,0.0,-0.0426126021487758,0.4444444444444444,False,77.7295524691358,High,,
SOUTH LONDON AND MAUDSLEY NHS FOUNDATION TRUST,660,496481704.75,752245.0071969697,0.0015151515151515,-0.1105866389531128,0.296969696969697,True,77.63310185185185,High,0.0,590.0
SOUTH VIEW LODGE DR WILLATT HEATHCOTE,13,1494066.5,114928.19230769233,0.0769230769230769,-0.1045379311115027,0.1538461538461538,False,77.57523148148148,High,,
NHS GREATER GLASGOW AND CLYDE,12,1239703.0,103308.58333333331,0.0833333333333333,-0.0895104595732891,0.0833333333333333,False,77.49324845679013,High,3.0,221.0
TORBAY AND SOUTH DEVON NHS FOUNDATION TRUST,645,399965181.49,620101.0565736435,0.0015503875968992,-0.1132952521840367,0.3302325581395349,True,77.48842592592592,High,,
LEWISHAM & GREENWICH NHS TRUST,629,543866538.34,864652.6841653419,0.0015898251192368,-0.1109254799001777,0.2925278219395866,True,77.46913580246914,High,2.0,317.0
WILSON STREET SURGERY,15,4212895.51,280859.7006666667,0.0666666666666666,-0.0995724767355846,0.1333333333333333,False,77.44502314814815,High,,
APPIAN SOFTWARE INTERNATIONAL LLC,10,2275005.29,227500.529,0.1,-0.0955386714234618,0.1,False,77.41608796296296,High,0.0,590.0
ELYSIUM HEALTHCARE LTD,679,507245761.56,747048.2497201767,0.0088365243004418,-0.1040702431073622,0.2091310751104565,False,77.41126543209876,High,,
MINISTRY OF DEFENCE,28,26019536.16,929269.1485714286,0.0357142857142857,-0.1036663184321245,0.1785714285714285,False,77.39679783950618,High,,
PREVENTX LTD,5,1569784.0,313956.8,0.0,-0.0571409020370598,0.8,False,77.37268518518518,High,,
NORTH SOMERSET COUNCIL,9,4384250.0,487138.8888888889,0.0,-0.0485218514888661,0.4444444444444444,False,77.32445987654322,High,,
ALLIANCE MEDICAL LTD,448,618721523.41,1381074.8290401786,0.0513392857142857,-0.1121050947117503,0.2299107142857142,False,77.3244598765432,High,,
NOTTINGHAMSHIRE POLICE & CRIME COMMISSIONER,8,1750579.0,218822.375,0.0,-0.0535852611987037,0.5,False,77.28105709876543,High,,
POSITIVE EAST,10,305871.4,30587.140000000003,0.1,-0.0966214209411988,0.1,False,77.19425154320987,High,10.0,16.0
BARNET ENFIELD AND HARINGEY MENTAL HEALTH NHS TRUST,402,894335415.77,2224714.96460199,0.0149253731343283,-0.1171455101338893,0.3308457711442786,True,77.17978395061726,High,,
DEPARTMENT OF HEALTH & SOCIAL CARE,175,114821241.73,656121.3813142857,0.0114285714285714,-0.1125766294318336,0.2857142857142857,True,77.17013888888889,High,1.0,552.0
CROYDON HEALTH SERVICES NHS TRUST,565,268394133.9,475033.86530973454,0.0053097345132743,-0.1197603768924328,0.4,True,77.12673611111111,High,2.0,317.0
UNITED LINCOLNSHIRE HOSPITALS NHS TRUST,701,670390022.59,956333.8410699002,0.0028530670470756,-0.1072237461243198,0.2439372325249643,True,77.12191358024691,High,2.0,317.0
PCC DEVON & CORNWALL,11,1596945.0,145176.81818181818,0.0,-0.0553327877348727,0.4545454545454545,False,77.01581790123456,High,,
ETHOS LTD,5,303169.63,60633.926,0.0,-0.0474194314567584,0.4,False,76.953125,High,,
PETERLOO MEDICAL CENTRE,7,901431.24,128775.89142857144,0.0,-0.0520703278100882,0.4285714285714285,False,76.9483024691358,High,,
QA LTD,12,1058386.43,88198.86916666666,0.0,-0.0534787784377656,0.4166666666666667,False,76.77469135802468,High,,
EPSOM & ST HELIER UNIVERSITY HOSPITALS NHS TRUST,670,455584837.27,679977.3690597015,0.0014925373134328,-0.1138246293461915,0.3119402985074627,True,76.74575617283949,High,2.0,317.0
UNIVERSITY HOSPITALS DORSET NHS FOUNDATION TRUST,724,636336669.09,878918.0512292818,0.0069060773480662,-0.1057988109916166,0.2071823204419889,True,76.72646604938271,High,,
NHS MORECAMBE BAY CCG,35,12401245.88,354321.31085714285,0.0285714285714285,-0.1136926155201233,0.2571428571428571,True,76.70717592592592,High,2.0,317.0
BECCLES MEDICAL CENTRE,15,970032.18,64668.812,0.0666666666666666,-0.0840682632303914,0.0666666666666666,False,76.70235339506172,High,,
WELLINGTON MEDICAL PRACTICE,11,547308.6,49755.32727272727,0.0909090909090909,-0.0951119956576538,0.0909090909090909,False,76.67341820987654,High,,
CACI LTD,16,1905832.8,119114.55,0.0625,-0.0816989556937593,0.0625,False,76.66859567901234,High,,
STRYKER UK LTD,15,542716.27,36181.08466666667,0.0666666666666666,-0.0843002728525322,0.0666666666666666,False,76.65412808641975,High,,
FAIRLANDS MEDICAL PRACTICE,16,3726243.1,232890.19375,0.0625,-0.0818023345772122,0.0625,False,76.63966049382717,High,,
NORTH WEST ANGLIA NHS FOUNDATION TRUST,833,455821633.03,547204.841572629,0.0012004801920768,-0.1090558343545937,0.2533013205282113,True,76.63966049382717,High,,
DR DCM EVANS & PARTNERS,10,2515394.05,251539.405,0.1,-0.098981393016014,0.1,False,76.61554783950618,High,,
QUEENS NURSING INSTITUTE,6,404500.0,67416.66666666667,0.0,-0.0646866003920321,0.5,False,76.5673225308642,High,0.0,590.0
LANCASHIRE & SOUTH CUMBRIA NHS FOUNDATION TRUST,546,418999809.38,767398.9182783882,0.0018315018315018,-0.1174188079896736,0.3424908424908425,True,76.46604938271605,High,1.0,552.0
PORTSMOUTH HOSPITALS UNIVERSITY NHS TRUST,18,15017952.01,834330.6672222222,0.0555555555555555,-0.114384764868164,0.2222222222222222,False,76.45640432098764,High,,
EAST LONDON NHS FOUNDATION TRUST,529,404447390.41,764550.8325330813,0.0037807183364839,-0.1187795139407598,0.3534971644612476,True,76.42746913580247,High,1.0,552.0
BLACKTHORN HEALTH CENTRE,17,1068364.78,62844.98705882353,0.0588235294117647,-0.0991827296432931,0.1176470588235294,False,76.40817901234567,High,,
FEDERATED 4 HEALTH LTD,5,401024.21,80204.842,0.0,-0.0565759056986666,0.4,False,76.34548611111111,High,,
OMBERSLEY MEDICAL CENTRE,23,2115531.05,91979.6108695652,0.0434782608695652,-0.1077628233501765,0.1739130434782608,False,76.31655092592592,High,,
SOUTH MOLTON MEDICAL CENTRE,5,423794.97,84758.994,0.0,-0.0572899545046329,0.4,False,76.29726080246914,High,,
B SOL LPC,5,366543.1,73308.62,0.0,-0.0582211757300471,0.4,False,76.23939043209876,High,0.0,590.0
GREAT WESTERN HOSPITALS NHS FOUNDATION TRUST,727,411453642.39,565960.9936588721,0.0013755158184319,-0.1108866807983811,0.2585969738651995,True,76.22492283950616,High,5.0,91.0
BAPIO TRAINING ACADEMY LTD,5,1140000.0,228000.0,0.0,-0.0592426432452824,0.4,False,76.19116512345678,High,,
WIRRAL BOROUGH COUNCIL,6,453600.0,75600.0,0.0,-0.0694048726856038,0.5,False,76.15258487654322,High,5.0,91.0
SHREWSBURY&TELFORD HOSPITAL NHS TRUST,669,503319168.14,752345.5428101644,0.0014947683109118,-0.1096701764292142,0.249626307922272,True,76.14776234567901,High,,
STUBLEY MEDICAL CENTRE,34,5920522.17,174133.005,0.0294117647058823,-0.1133219292652216,0.2352941176470588,False,76.09471450617283,High,,
CLINICAL SKILLS TRAINING LTD,6,2421405.26,403567.5433333333,0.0,-0.0705143727626587,0.5,False,76.04648919753086,High,,
WEST LONDON NHS TRUST,573,739837297.72,1291164.5684467717,0.0052356020942408,-0.1150478487409149,0.2879581151832461,True,76.02237654320987,High,,
ROYAL DEVON UNIVERSITY HEALTHCARE NHS FOUNDATION TRUST,707,683984488.86,967446.2360113156,0.0113154172560113,-0.1126637175214299,0.2503536067892503,True,76.00308641975309,High,3.0,221.0
BIRMINGHAM CITY COUNCIL,5,677586.46,135517.292,0.0,-0.0732157193263179,0.6,False,75.94521604938271,High,,
WEST MIDLANDS POLICE,7,522000.0,74571.42857142857,0.0,-0.0752213616302693,0.8571428571428571,False,75.91145833333333,High,,
DR Y M BOWEN & PARTNERS,15,1513576.53,100905.102,0.0666666666666666,-0.0890359525993482,0.0666666666666666,False,75.82465277777777,High,,
BRAMPTON MEDICAL PRACTICE,14,698233.33,49873.80928571429,0.0714285714285714,-0.0913588944232832,0.0714285714285714,False,75.79089506172838,High,,
MIDLANDS PARTNERSHIP NHS FOUNDATION TRUST,829,353845290.36,426833.8846320869,0.0012062726176115,-0.1069092804742078,0.2050663449939686,True,75.63657407407408,High,5.0,91.0
HELP AND CARE,8,525000.0,65625.0,0.0,-0.0620477951361144,0.375,False,75.60763888888889,High,0.0,590.0
PARK ROYAL MEDICAL PRACTICE,25,3790815.17,151632.6068,0.04,-0.1166377045137675,0.24,False,75.59799382716048,High,,
CHANGING MINDS LTD,8,1320000.0,165000.0,0.0,-0.0802081429520295,1.0,False,75.33275462962962,High,,
STAFFORDSHIRE POLICE,10,545000.0,54500.0,0.0,-0.0797316360377959,0.7,False,75.27006172839506,High,,
WALTON CENTRE NHS FOUNDATION TRUST,354,596798640.08,1685871.8646327686,0.0028248587570621,-0.1173494968057128,0.2966101694915254,True,75.24112654320987,High,,
DA LANGUAGES LTD,5,396674.19,79334.838,0.0,-0.0710482145217656,0.4,False,75.23630401234567,High,,
NORTH STAFFS & STOKE PHARMACY COMMITTEE,7,652729.65,93247.09285714288,0.0,-0.0791377426464164,0.5714285714285714,False,75.21701388888889,High,,
NORTHAMPTONSHIRE HEALTHCARE NHS FOUNDATION TRUST,941,388807680.15,413185.6324654623,0.002125398512221,-0.1044392587629745,0.1806588735387885,True,75.1929012345679,High,5.0,91.0
BERRY LANE MEDICAL CENTRE,7,909711.12,129958.73142857142,0.0,-0.0792129767865361,0.5714285714285714,False,75.1784336419753,High,,
SALISBURY NHS FOUNDATION TRUST,784,379311860.58,483816.1486989796,0.0012755102040816,-0.1105864189383279,0.2295918367346938,True,75.17361111111111,High,,
WORCESTERSHIRE ACUTE HOSPITALS NHS TRUST,630,579236153.17,919422.4653492062,0.0047619047619047,-0.1096318043931076,0.2047619047619047,True,75.1543209876543,High,5.0,91.0
GLEBE SURGERY,21,3029195.64,144247.41142857145,0.0476190476190476,-0.1066704983998919,0.1428571428571428,False,75.14467592592592,High,,
CEGEDIMRX PHARMACY HEALTH SOLUTIONS,5,660000.0,132000.0,0.0,-0.0816409449805568,1.0,False,75.13985339506172,High,0.0,590.0
TRUST PRIMARY CARE LTD,25,3934934.61,157397.38439999998,0.04,-0.122224734021479,0.28,False,75.07716049382717,High,,
LONDON AMBULANCE SERVICE NHS TRUST,138,164769145.59,1193979.3158695654,0.0144927536231884,-0.127364881300492,0.3840579710144927,False,74.88425925925925,High,3.0,221.0
QUIQSOLUTIONS LTD,13,1674247.62,128788.27846153847,0.0,-0.073187270805454,0.3846153846153846,False,74.7974537037037,High,,
LEICESTER CITY COUNCIL,11,3514458.6,319496.2363636364,0.0,-0.0799300081319592,0.4545454545454545,False,74.7685185185185,High,5.0,91.0
HORFIELD HEALTH CENTRE PROPERTY PARTNERSHIP,11,531457.44,48314.31272727272,0.0909090909090909,-0.1031735620191805,0.0909090909090909,False,74.64795524691357,High,,
ILFORD MEDICAL CENTRE,29,4291223.48,147973.22344827585,0.0344827586206896,-0.1188153609010829,0.2413793103448276,False,74.59972993827161,High,3.0,221.0
PHOENIX SOFTWARE LTD,78,8447955.71,108307.12448717948,0.0128205128205128,-0.1103229266866963,0.1923076923076923,False,74.58526234567901,High,,
ECONOMIST GROUP LTD (THE),5,290000.0,58000.0,0.0,-0.0850421848328139,1.0,False,74.56114969135803,High,,
CALDERDALE & HUDDERSFIELD NHS FOUNDATION TRUST,615,339645926.09,552269.7985203252,0.0032520325203252,-0.1157681312484782,0.256910569105691,True,74.55632716049382,High,0.0,590.0
THINK AHEAD ORGANISATION (THE),5,747166.8,149433.36000000002,0.0,-0.0836028266332488,0.6,False,74.51774691358024,High,,
TRICORDANT LTD,7,387250.0,55321.42857142857,0.0,-0.0806158808939101,0.4285714285714285,False,74.43094135802468,High,,
INDEPENDENT LIVES,5,253555.0,50711.0,0.0,-0.0788679304885114,0.4,False,74.4261188271605,High,,
TRINITY COURT SURGERY,6,214952.02,35825.33666666666,0.5,0.0232969160261729,0.0,False,74.37307098765432,High,,
DR SIVAKUMAR & PARTNERS,7,401359.77,57337.11,0.0,-0.0424856490649465,0.2857142857142857,False,74.34413580246914,High,,
FARNHAM DENE MEDICAL PRACTICE,21,1899324.8,90444.0380952381,0.0476190476190476,-0.109283899072307,0.1428571428571428,False,74.29591049382717,High,,
STUBBINGTON MEDICAL PRACTICE,5,139763.58000000002,27952.716000000004,0.4,0.0226375217186459,0.0,False,74.29108796296296,High,,
CHRISTMAS MALTINGS & CLEMENTS PRACTICE,12,3251870.24,270989.1866666667,0.0,-0.0809737203319627,0.4166666666666667,False,74.25733024691358,High,,
SOUTH WEST YORKSHIRE PARTNERSHIP NHS FOUNDATION TRUST,400,445966513.82,1114916.28455,0.0075,-0.1225425767083742,0.31,True,74.24768518518519,High,0.0,590.0
OLD FIRE STATION SURGERY (BEVERLEY),5,153810.91,30762.182,0.4,0.0121388608396316,0.0,False,74.24286265432099,High,,
PRIMARY CARE DONCASTER LTD,18,2997981.69,166554.53833333333,0.0555555555555555,-0.1206046936741392,0.2222222222222222,False,74.22839506172839,High,,
ACORNS CHILDRENS HOSPICE TRUST,5,7835386.0,1567077.2,0.8,-0.0026406098139053,0.0,False,74.1849922839506,High,7.0,67.0
HAUGHTON THORNLEY MEDICAL CENTRES,20,2476383.66,123819.183,0.05,-0.1022039724547277,0.1,False,74.12712191358024,High,,
DR LEE AV & PARTNERS,23,1990296.87,86534.64652173914,0.0434782608695652,-0.1190753641210725,0.217391304347826,False,74.10783179012346,High,2.0,317.0
UPPINGHAM SURGERY,5,170792.68,34158.536,0.6,-0.0085943244406371,0.0,False,74.06925154320987,High,,
GLASTONBURY SURGERY,13,870198.31,66938.33153846154,0.0769230769230769,-0.1010098873001416,0.0769230769230769,False,74.0403163580247,High,2.0,317.0
ROYAL CRESCENT&PRESTON ROAD PRACTICE,6,215165.84,35860.973333333335,0.3333333333333333,0.0008070204346202,0.0,False,74.0210262345679,High,,
WEST MIDLANDS AMBULANCE SERVICE NHS FOUNDATION TRUST,129,154362918.48,1196611.7711627907,0.0077519379844961,-0.1274931294386999,0.3643410852713178,False,73.98726851851852,High,3.0,221.0
DEMELZA HOSPICE CARE FOR CHILDREN,5,5667669.0,1133533.8,0.4,-0.0082353048034326,0.0,False,73.98244598765432,High,7.0,67.0
CHILDRENS HOSPICE SOUTH WEST,5,5710162.0,1142032.4,0.4,-0.0115089698714204,0.0,False,73.87635030864197,High,7.0,67.0
DR A KELSHIKER & PARTNER,14,1351107.44,96507.67428571428,0.0714285714285714,-0.0991537509342342,0.0714285714285714,False,73.85223765432099,High,,
ISLAND HEALTH,12,1421695.78,118474.64833333332,0.0833333333333333,-0.1174291384686132,0.1666666666666666,False,73.84741512345678,High,,
MEMORIAL MEDICAL CENTRE,5,140229.34,28045.868,0.2,0.0170170223056563,0.0,False,73.8425925925926,High,,
VALIANTYS LTD,5,353398.8,70679.76,0.2,0.014442430311714,0.0,False,73.8233024691358,High,,
SEXUAL TRAUMA & RECOVERY SERVICES-DORSET RAPE CRISIS,13,649546.1,49965.08461538461,0.0,-0.0809026395645547,0.3846153846153846,False,73.8136574074074,High,,
PARKWOOD SURGERY,5,160711.34,32142.268,0.2,0.0101449758666547,0.0,False,73.79436728395062,High,,
DR S RYLEY & PARTNERS,9,1748597.52,194288.6133333333,0.1111111111111111,-0.1269529114471518,0.2222222222222222,False,73.78472222222221,High,2.0,317.0
MAYFLOWER MEDICAL GROUP,5,211444.46,42288.892,0.2,0.0086600517144084,0.0,False,73.77507716049382,High,,
NHS COVENTRY & WARWICKSHIRE CCG,13,6052216.11,465555.0853846154,0.0769230769230769,-0.132532326560141,0.3076923076923077,False,73.75096450617283,High,,
EAST ANGLIAS CHILDRENS HOSPICES,6,5605885.32,934314.22,0.3333333333333333,-0.0139224527858703,0.0,False,73.74131944444444,High,7.0,67.0
MEDILINK CONSULTING LTD,43,57340.7,1333.5046511627909,0.0465116279069767,-0.1014915133136699,0.0930232558139534,False,73.72685185185185,High,,
DR DOUGLAS & PARTNERS,22,1615849.45,73447.70227272727,0.0454545454545454,-0.109509112546927,0.1363636363636363,False,73.69791666666666,High,,
WELLINGTON ROAD SURGERY NEWPORT,5,153765.12,30753.024,0.4,-0.0197066930182792,0.0,False,73.69309413580247,High,,
AIREDALE NHS FOUNDATION TRUST,677,141755236.79,209387.35124076807,0.001477104874446,-0.1235180330188256,0.3220088626292466,True,73.65933641975309,High,0.0,590.0
CLINIGEN HEALTHCARE LTD,5,2323120.0,464624.0,0.2,-0.1454247818797038,0.4,False,73.6304012345679,High,,
NHS SHARED BUSINESS SERVICES LTD,352,178200752.45,506252.1376420455,0.002840909090909,-0.1270198877546635,0.3579545454545454,False,73.61111111111111,High,,
PRESCQIPP CIC,9,840629.6,93403.28888888888,0.0,0.0001196607779602,0.2222222222222222,True,73.51948302469135,High,1.0,552.0
DERBY 1 DOMICILIARY SPECSAVERS LTD TA SPECSAVERS HEALTHCALL,9,369050.42,41005.602222222224,0.1111111111111111,-0.1117907268186591,0.1111111111111111,False,73.50983796296296,High,4.0,136.0
COMBE COASTAL PRACTICE,9,697227.68,77469.74222222222,0.0,-0.0752004388864101,0.3333333333333333,False,73.49537037037037,High,,
ODONNELL J & PARTNERS,15,986844.92,65789.66133333334,0.0666666666666666,-0.0984668362293108,0.0666666666666666,False,73.49054783950618,High,,
SABDEN & WHALLEY MEDICAL GROUP,5,231682.7,46336.54,0.2,-0.0099879276944395,0.0,False,73.48572530864197,High,,
WYCHBURY MEDICAL GROUP,6,218704.4,36450.73333333334,0.1666666666666666,0.0189566392017951,0.0,False,73.44714506172839,High,,
EASTWOOD PRIMARY CARE CENTRE,5,220501.58,44100.316000000006,0.2,-0.0125223238230676,0.0,False,73.42785493827161,High,,
STONYHILL MEDICAL PRACTICE,5,179928.92,35985.784,0.2,-0.013980815482041,0.0,False,73.38927469135803,High,,
DR A BORTHWICK & PARTNERS,6,680379.1000000001,113396.51666666668,0.0,-0.0760406324477439,0.3333333333333333,False,73.38927469135803,High,,
HADLEIGH PRACTICE,8,261091.8,32636.475,0.25,-0.024706473015466,0.0,False,73.34587191358024,High,,
SALTAIRE & WINDHILL MEDICAL PARTNERSHIP,8,265531.5,33191.4375,0.25,-0.025000490643578,0.0,False,73.33622685185185,High,,
SHERWOOD MEDICAL PARTNERSHIP,6,173571.62,28928.603333333333,0.1666666666666666,0.0010735601181607,0.0,False,73.28317901234567,High,,
MEDICAL DATA SOLUTIONS & SERVICES LTD,11,1653549.44,150322.67636363636,0.0,-0.0812408474245932,0.3636363636363636,False,73.26388888888889,High,,
NHS CITY AND HACKNEY CCG,12,3759277.66,313273.13833333337,0.0833333333333333,-0.1191788413640455,0.1666666666666666,True,73.2590663580247,High,2.0,317.0
MANOR HOUSE SURGERY GLOSSOP,5,150126.96,30025.392,0.2,-0.0198194122319418,0.0,False,73.24459876543209,High,,
DR GAVRILOVIC & PTRS,5,165997.94,33199.588,0.2,-0.0198398524890426,0.0,False,73.23495370370371,High,8.0,61.0
ESSEX PARTNERSHIP UNIVERSITY NHS FT,509,549285111.68,1079145.6025147347,0.0098231827111984,-0.1176612913329402,0.2298624754420432,True,73.2349537037037,High,1.0,552.0
BRAVO SOLUTION UK,5,320000.0,64000.0,0.0,-0.0900873322415134,0.6,False,73.2253086419753,High,1.0,552.0
BRANDS & PEOPLE LTD TA FOREVER AGENCY,5,212257.16,42451.432,0.4,-0.0334404780325647,0.0,False,73.21084104938272,High,,
SNAITH & RAWCLIFFE MEDICAL GROUP,6,196914.06,32819.01,0.1666666666666666,-0.0079861858564205,0.0,False,73.15779320987654,High,2.0,317.0
UNIVERSITY HOSPITAL BIRMINGHAM NHS FOUNDATION TRUST,5,551401.0,110280.2,0.0,-0.0864053282893184,0.4,True,73.07581018518519,High,1.0,552.0
MARTIN HOUSE,5,3531674.0,706334.8,0.2,-0.0256710453611993,0.0,False,73.0613425925926,High,7.0,67.0
ROYAL NATIONAL ORTHOPAEDIC HOSPITAL NHS TRUST,725,469501095.64,647587.718124138,0.0013793103448275,-0.1118289626505004,0.1972413793103448,True,73.0324074074074,High,0.0,590.0
LIBRARY HOUSE SURGERY,6,272810.8,45468.46666666667,0.3333333333333333,-0.0356266477360473,0.0,False,73.00829475308642,High,,
AXMINSTER MEDICAL PRACTICE,17,916176.6,53892.74117647059,0.0588235294117647,-0.0968850221624689,0.0588235294117647,False,72.99382716049382,High,,
FRANCIS HOUSE,5,3009802.0,601960.4,0.2,-0.0289650253383026,0.0,False,72.97453703703704,High,7.0,67.0
GLENROYD MEDICAL CENTRE,6,256153.18,42692.19666666666,0.1666666666666666,-0.015437299152154,0.0,False,72.95524691358024,High,,
ISSA MEDICAL CENTRE,23,2092243.82,90967.12260869566,0.0434782608695652,-0.1224081233363132,0.217391304347826,False,72.94077932098764,High,,
NHS DERBY AND DERBYSHIRE ICB,38,13565503.91,356986.945,0.0263157894736842,-0.1330540521227392,0.3684210526315789,True,72.92631172839506,High,3.0,221.0
DR JE IRWIN & PARTNERS,9,549096.81,61010.75666666668,0.1111111111111111,-0.1132289606223854,0.1111111111111111,False,72.91184413580247,High,,
ROTAMAP LTD,5,81614.14,16322.828,0.2,-0.0309357887066356,0.0,False,72.90702160493827,High,,
TUCKER P & PARTNERS,14,1921986.32,137284.73714285714,0.0,-0.0823802864145985,0.3571428571428571,False,72.90702160493827,High,,
NEOPOST (POSTAGE TOP UP ONLY) POSTROOM,5,230000.0,46000.0,0.0,-0.0930732509334123,1.0,False,72.82503858024691,High,,
MID SUSSEX HEALTH CARE HURSTPIERPOINT,6,221786.22,36964.37,0.1666666666666666,-0.0203953866108182,0.0,False,72.82021604938271,High,,
HELEN & DOUGLAS HOUSE,5,2241750.0,448350.0,0.2,-0.0329004654870906,0.0,False,72.81057098765432,High,7.0,67.0
SHAWBIRCH MEDICAL CENTRE,9,916985.11,101887.23444444445,0.0,-0.0802703789178724,0.3333333333333333,False,72.80092592592592,High,,
AVISON YOUNG (UK) LTD,5,127781.5,25556.3,0.4,-0.0412556952999956,0.0,False,72.79610339506173,High,,
PFIZER LTD,10,22254720.0,2225472.0,0.2,-0.0342706647812651,0.0,False,72.75270061728395,High,,
IMPROVEMENT AND DEVELOPMENT AGENCY FOR LOCAL GOVERNMENT,36,6666376.2,185177.11666666667,0.0277777777777777,-0.129285814734417,0.3055555555555556,False,72.73823302469135,High,0.0,590.0
WEST HOE SURGERY PLYMOUTH WATERFRONT LCG,8,955869.64,119483.705,0.125,-0.1165316778256742,0.125,False,72.71894290123457,High,,
CHS HEALTHCARE,23,2822578.74,122720.81478260872,0.0434782608695652,-0.1277988833246651,0.2608695652173913,True,72.62731481481481,High,9.0,23.0
WELLCLOSE SURGERY,29,2655791.41,91579.01413793104,0.0689655172413793,-0.1257942083677547,0.2068965517241379,False,72.58873456790124,High,,
DR C THORMAN & PARTNERS,7,219516.29,31359.47,0.1428571428571428,-0.0170258745040645,0.0,False,72.57908950617283,High,,
NEWHAM HEALTH COLLABORATIVE LTD,7,478233.97,68319.13857142857,0.0,-0.0904864849539845,0.4285714285714285,False,72.55979938271605,High,,
DORSET ORTHOPAEDIC CO LTD,17,769195.65,45246.80294117647,0.0588235294117647,-0.0989677829037519,0.0588235294117647,False,72.51157407407408,High,,
ST HELENS AND KNOWSLEY HOSPITALS NHS TRUST,439,278427208.51,634230.5433029613,0.0022779043280182,-0.1296760112019826,0.3644646924829157,True,72.50192901234567,High,1.0,552.0
DR RJ ADAMS & PARTNERS,18,1028579.88,57143.32666666667,0.0555555555555555,-0.1104190744435767,0.1111111111111111,False,72.48746141975309,High,,
NHS NORTH WEST LONDON ICB,44,26156932.05,594475.7284090909,0.0227272727272727,-0.1267377226223649,0.2727272727272727,False,72.48746141975309,High,3.0,221.0
WOLVERHAMPTON CITY COUNCIL,7,416000.0,59428.57142857143,0.0,-0.0697377259281691,0.2857142857142857,False,72.4633487654321,High,7.0,67.0
CENTRAL SURREY HEALTH LTD,49,15583064.88,318021.732244898,0.0408163265306122,-0.1281104088132131,0.2653061224489796,False,72.44405864197532,High,,
BARNARDOS,11,1881256.0,171023.27272727274,0.0,-0.0921437867721887,0.4545454545454545,False,72.4440586419753,High,0.0,590.0
NORTH HOUSE SURGERY CROOK,15,723214.56,48214.304,0.0666666666666666,-0.1028093673400012,0.0666666666666666,False,72.39101080246914,High,,
TMI SYSTEMS LTD,8,305782.0,38222.75,0.125,-0.0150086576006534,0.0,False,72.39101080246913,High,,
BRITISH THORACIC SOCIETY,9,408000.0,45333.333333333336,0.0,-0.0828420959163267,0.3333333333333333,False,72.38618827160494,High,7.0,67.0
YPG PROJECT LTD,19,570000.0,30000.0,0.0,-0.094706495240808,1.0,False,72.38136574074073,High,,
CAMBRIDGE PRACTICE (THE),6,246661.7,41110.28333333333,0.1666666666666666,-0.0343136846636515,0.0,False,72.33796296296296,High,,
WHADDON HEALTHCARE,17,926885.3,54522.66470588236,0.0588235294117647,-0.1119300459848524,0.1176470588235294,False,72.31867283950616,High,,
TELEPERFORMANCE LTD,156,120332622.53,771362.9649358975,0.0128205128205128,-0.1277875578261188,0.2948717948717949,False,72.31385030864197,High,,
SUFFOLK COUNTY COUNCIL,15,3438845.7800000003,229256.3853333333,0.0,-0.0901270592045482,0.4,False,72.30420524691358,High,,
STATES OF JERSEY HEALTH & SOCIAL SERVICES,5,2799975.44,559995.088,0.2,-0.0423468150463252,0.0,False,72.28973765432099,High,,
FACULTY SCIENCE LTD,28,6552960.0,234034.2857142857,0.0357142857142857,-0.1408830553536227,0.5357142857142857,False,72.2608024691358,High,,
CARDINAL MEDICAL PRACTICE (D83050),7,271756.3,38822.32857142857,0.2857142857142857,-0.047137811633332,0.0,False,72.2608024691358,High,,
DUKINFIELD MEDICAL PRACTICE,12,836117.3400000001,69676.445,0.0,-0.0837330272902248,0.3333333333333333,False,72.24151234567901,High,3.0,221.0
AVENUE SURGERY(THE),7,268761.22000000003,38394.46000000001,0.1428571428571428,-0.0286185494555724,0.0,False,72.24151234567901,High,,
LGC LTD,34,13783553.04,405398.6188235295,0.0294117647058823,-0.108929234712035,0.1176470588235294,False,72.2270447530864,High,,
MEADOWHEAD GROUP PRACTICE,18,963058.2,53503.23333333333,0.1111111111111111,-0.1046314087787168,0.0555555555555555,False,72.19810956790123,High,,
LIVERPOOL VETERANS HQ,5,356075.0,71215.0,0.0,-0.0167554279572135,0.2,False,72.19328703703704,High,,
BREAKING BARRIERS INNOVATIONS LTD,8,430599.0,53824.875,0.0,-0.0563131374126028,0.25,False,72.18364197530863,High,,
DORSET COUNTY HOSPITAL NHS FOUNDATION TRUST,562,284084940.7,505489.2183274021,0.0017793594306049,-0.1227159941195636,0.2669039145907473,True,72.16435185185185,High,,
CASTLE GARDENS MEDICAL CENTRE,18,1074661.69,59703.42722222222,0.0555555555555555,-0.1112358559968839,0.1111111111111111,False,72.15952932098764,High,3.0,221.0
HOMEWELL PRACTICE,7,487801.6,69685.94285714286,0.0,-0.0725924927972211,0.2857142857142857,False,72.14506172839506,High,,
UIPATH SRL,5,836864.06,167372.812,0.0,-0.0194359772780025,0.2,True,72.13541666666667,High,1.0,552.0
KEYSTREAM HEALTHCARE RESOURCES LTD,14,718415.51,51315.39357142857,0.0714285714285714,-0.127852292430557,0.2142857142857142,False,72.13541666666666,High,,
SALFORD ROYAL NHS FOUNDATION TRUST,240,730940406.17,3045585.025708333,0.0125,-0.129755800030603,0.3166666666666666,True,72.10165895061726,High,5.0,91.0
ALTON STREET SURGERY,6,192587.69,32097.948333333334,0.1666666666666666,-0.0388801619136895,0.0,False,72.0679012345679,High,,
TUNSTALL PRIMARY CARE,6,207894.89,34649.14833333334,0.1666666666666666,-0.0390170837821043,0.0,False,72.0582561728395,High,,
RUSHALL MEDICAL CENTRE,7,246221.39,35174.48428571429,0.1428571428571428,-0.0331999908577801,0.0,False,72.0582561728395,High,,
EAST HULL FAMILY PRACTICE,21,1110938.58,52901.83714285715,0.0476190476190476,-0.1074444145184538,0.0952380952380952,False,72.04378858024691,High,,
PENINSULA DENTAL SOCIAL ENTERPRISE CIC,14,18424779.05,1316055.6464285715,0.2142857142857142,-0.0488165937751203,0.0,False,72.04378858024691,High,,
ASSOCIATION OF AMBULANCE CHIEF EXECUTIVES,6,270666.94,45111.15666666667,0.1666666666666666,-0.0399537942290856,0.0,False,72.02932098765432,High,0.0,590.0
DR RAICHURA V K & PARTNERS,5,145594.44,29118.888,0.2,-0.0476833298931909,0.0,False,71.94251543209876,High,,
SOMERSET COUNTY COUNCIL,20,1980233.23,99011.6615,0.0,-0.0938179433244221,0.45,True,71.94251543209876,High,,
PARK SURGERY & ST FRANCIS SURGERY,13,663915.54,51070.42615384616,0.0769230769230769,-0.108025380378399,0.0769230769230769,False,71.89911265432099,High,,
GREENGATES MEDICAL GROUP,7,235334.54,33619.22,0.1428571428571428,-0.0364805790452201,0.0,False,71.89429012345678,High,,
ACADEMY FOR HEALTHCARE SCIENCE,16,2057698.0,128606.125,0.0,-0.0902488176227511,0.375,False,71.8653549382716,High,0.0,590.0
STOCKPORT NHS FOUNDATION TRUST,374,158911440.63,424896.9000802139,0.0026737967914438,-0.1306382621776223,0.3502673796791444,True,71.84606481481481,High,,
NATIONAL VOICES,9,460390.0,51154.444444444445,0.0,-0.0861460721795049,0.3333333333333333,True,71.83641975308642,High,0.0,590.0
QUIDEL IRELAND LTD,5,229200.0,45840.0,0.2,-0.0494700521041137,0.0,False,71.82677469135803,High,,
BRAMBLYS GRANGE MEDICAL PRACTICE,44,7170472.82,162965.29136363638,0.0227272727272727,-0.1284101543273356,0.2727272727272727,False,71.79301697530865,High,8.0,61.0
IMPACT ADVISORY LTD,10,415390.0,41539.0,0.0,-0.0800943666087737,0.3,False,71.78337191358025,High,,
SHIONOGI BV,9,14616000.0,1624000.0,0.1111111111111111,-0.0295097702717281,0.0,False,71.76890432098764,High,3.0,221.0
WHITEHALL MEDICAL PRACTICE,7,254789.23,36398.46142857143,0.1428571428571428,-0.0385672737795244,0.0,False,71.75925925925925,High,,
LITTLE COMMON SURGERY,8,321606.23,40200.77875,0.125,-0.0344545419842149,0.0,False,71.75443672839506,High,,
STOCKBRIDGE SURGERY,19,1132908.41,59626.75842105263,0.0526315789473684,-0.1111234133553726,0.1052631578947368,False,71.73032407407408,High,,
CARE UNBOUND LTD,5,335910.0,67182.0,0.0,-0.0324417320602441,0.2,False,71.6917438271605,High,,
COLLEGE WAY SURGERY,8,428668.79,53583.59875,0.25,-0.055770744417121,0.0,False,71.68692129629629,High,,
DR KARNEY & PTRS,6,172250.26,28708.376666666667,0.1666666666666666,-0.0454234989246644,0.0,False,71.6820987654321,High,,
OVERDALE MEDICAL PRACTICE,5,163985.83,32797.166,0.2,-0.0521485975273587,0.0,False,71.62422839506172,High,,
DR C S JONES & PARTNERS,6,267944.04000000004,44657.34,0.1666666666666666,-0.0467080884117631,0.0,False,71.60493827160494,High,,
NOAH`S ARK CHILDREN`S HOSPICE,5,1942154.0,388430.8,0.0,-0.0350847945642368,0.2,False,71.55671296296296,High,,
HEALTH EDUCATION ENGLAND,113,204728946.23,1811760.5861061949,0.0088495575221238,-0.1351397717922514,0.3805309734513274,False,71.53742283950616,High,0.0,590.0
CHARLTON HILL SURGERY,6,198753.18,33125.53,0.1666666666666666,-0.0477336746497765,0.0,False,71.52777777777777,High,,
EMSWORTH PRACTICE,6,183372.3,30562.05,0.1666666666666666,-0.0482174762204892,0.0,False,71.49884259259258,High,,
YORK TEACHING HOSPITAL NHS FOUNDATION TRUST,400,298021370.2,745053.4255,0.0025,-0.1260824741084049,0.2775,True,71.4891975308642,High,0.0,590.0
SILSDENT OPTICS T/A SILSDEN OPTICIANS,9,556607.0,61845.22222222222,0.2222222222222222,-0.0588176274164125,0.0,False,71.43614969135803,High,,
ST BARNABAS HOSPICE,8,2719167.0,339895.875,0.125,-0.041419437993654,0.0,False,71.37827932098766,High,7.0,67.0
NATIONAL OFFENDER MANAGEMENT SERVICE,1351,96357540.75,71323.12416728349,0.002220577350111,-0.0961538856655674,0.0740192450037009,True,71.19984567901234,High,,
LODDON HALL ROAD SURGERY,6,266798.48,44466.41333333333,0.1666666666666666,-0.0526672838068201,0.0,False,71.19020061728395,High,,
SOUTH STREET SURGERY,12,1460461.22,121705.10166666668,0.0,-0.0700817682840564,0.25,False,71.17091049382715,High,3.0,221.0
DICKENS L A & PARTNERS,5,304888.2,60977.64,0.0,-0.0420610641430436,0.2,False,71.16126543209876,High,,
ACCESS DENTAL LTD,6,757422.94,126237.15666666666,0.1666666666666666,-0.0535924553461864,0.0,False,71.14197530864197,High,,
BEAUFORT ROAD SURGERY,13,1057056.09,81312.00692307691,0.0769230769230769,-0.1101675075675532,0.0769230769230769,False,71.12750771604938,High,,
DIGIBETE CIC,12,1310530.0,109210.83333333331,0.0,-0.0707521861593985,0.25,False,71.10339506172839,High,0.0,590.0
CLAREMONT MEDICAL PRACTICE,24,2567649.61,106985.40041666666,0.0416666666666666,-0.1073507744978101,0.0833333333333333,False,71.06963734567901,High,,
WESTMORELAND G P CENTRE,9,727958.58,80884.28666666667,0.0,-0.0899824359324976,0.3333333333333333,False,71.02623456790123,High,,
SUNQUEST INFORMATION SYSTEMS (EUROPE) LTD,16,98860.8,6178.799999999999,0.0625,-0.1058319223616638,0.0625,False,70.98765432098764,High,,
HEALTHCARE SOFTWARE SOLUTIONS LTD,7,267180.0,38168.57142857143,0.4285714285714285,-0.0689191766175428,0.0,False,70.98283179012346,High,,
LEE-ON-THE-SOLENT MEDICAL PRACTICE,16,1073934.86,67120.92875,0.0625,-0.1169673745149822,0.125,False,70.96836419753086,High,,
NHS SOUTH EAST LONDON CCG,61,31855316.58,522218.3045901639,0.0163934426229508,-0.1346611078748598,0.3278688524590163,True,70.96354166666666,High,2.0,317.0
FIRSTPOINT HEALTHCARE LTD,19,130705.1,6879.215789473685,0.0,-0.0932788003433179,0.3684210526315789,False,70.94907407407408,High,,
KINGSFIELD COMPUTER PRODUCTS LTD,7,1189066.0,169866.57142857142,0.0,-0.0820712437056151,0.2857142857142857,False,70.93942901234567,High,,
SHROPSHIRE LOC,5,267050.0,53410.0,0.0,-0.0456656608689172,0.2,False,70.92978395061729,High,,
PEMBROKE HOUSE SURGERY PAIGNTON,44,6710801.9,152518.225,0.0227272727272727,-0.1172028110836799,0.1590909090909091,False,70.91531635802468,High,,
CHIPPING NORTON HEALTH CENTRE,26,1492494.95,57403.65192307692,0.0769230769230769,-0.12334154440726,0.1538461538461538,False,70.9104938271605,High,,
NORTH WEST SURREY INTEGRATED CARE SERVICES (NICS) LTD,5,358441.98,71688.396,0.0,-0.0461082888257795,0.2,False,70.9008487654321,High,,
CLARENDON LODGE,21,1278746.19,60892.67571428571,0.0476190476190476,-0.1005200547555909,0.0476190476190476,False,70.84297839506172,High,,
LAKE ROAD PRACTICE,12,624650.21,52054.184166666666,0.0833333333333333,-0.112291829326509,0.0833333333333333,False,70.80922067901234,High,,
ROWLANDS PHARMACY,52,16420652.72,315781.7830769231,0.0192307692307692,-0.0903694459935942,0.0192307692307692,False,70.80922067901234,High,0.0,590.0
NOTTINGHAMSHIRE 2 DOMICILIARY SPECSAVERS LTD,5,172322.91,34464.582,0.2,-0.0658404864939112,0.0,False,70.75617283950618,High,,
HASLEMERE HEALTH CENTRE,7,244821.12,34974.44571428571,0.1428571428571428,-0.0553057361192099,0.0,False,70.73688271604938,High,,
LODGE GROUP,18,1756830.54,97601.69666666668,0.0,-0.081718098319137,0.2777777777777778,False,70.71277006172838,High,,
PARKGATE SURGERY DARLINGTON,15,1676121.97,111741.46466666668,0.0666666666666666,-0.136253343718386,0.2666666666666666,False,70.67418981481481,High,,
OFFICE FOR NATIONAL STATISTICS,9,1812553.81,201394.86777777775,0.0,-0.0650690727695425,0.2222222222222222,True,70.65489969135803,High,0.0,590.0
ENNOGEN HEALTHCARE LTD,5,3924428.52,784885.704,0.0,-0.0501506410971942,0.2,False,70.65007716049382,High,,
OLD ROAD WEST,5,206850.0,41370.0,0.2,-0.0677108824776681,0.0,False,70.64043209876543,High,,
MEDWAY COMMUNITY HEALTHCARE CIC,10,3484417.0,348441.7,0.0,-0.0504250512138032,0.2,False,70.62114197530865,High,,
DERBYSHIRE COUNTY COUNCIL,5,375082.5,75016.5,0.0,-0.0504636804007493,0.2,False,70.61149691358025,High,5.0,91.0
NOMENSA LTD,5,311244.0,62248.8,0.0,-0.0510456634261674,0.2,False,70.57291666666667,High,,
KAMDAR MK & PARTNERS,6,352345.22000000003,58724.20333333334,0.1666666666666666,-0.0632691238100028,0.0,False,70.52469135802468,High,,
UNIVERSITY OF HERTFORDSHIRE,27,3933486.47,145684.68407407406,0.037037037037037,-0.1399499528688115,0.3333333333333333,False,70.46682098765432,High,,
MORRIS HOUSE GROUP PRACTICE,6,314810.0,52468.333333333336,0.1666666666666666,-0.0641344114601916,0.0,False,70.46682098765432,High,,
UNIVERSITY OF HULL,23,5674731.51,246727.45695652167,0.0434782608695652,-0.1292427211040318,0.217391304347826,False,70.41377314814815,High,,
EAST KENT RAPE CRISIS CENTRE,7,491407.0,70201.0,0.0,-0.0994875578554394,0.4285714285714285,False,70.37037037037037,High,,
NHS HULL CCG,18,4830941.88,268385.66,0.0,-0.1001165732826895,0.4444444444444444,False,70.37037037037037,High,2.0,317.0
NHS SURREY DOWNS CCG,13,4032371.68,310182.4369230769,0.0769230769230769,-0.14907731993344,0.3846153846153846,False,70.34625771604938,High,2.0,317.0
JULIAS HOUSE LTD,6,1960558.0,326759.6666666667,0.1666666666666666,-0.0670855970822572,0.0,False,70.27391975308642,High,,
ST LUKES PRIMARY CARE CENTRE,41,3217874.47,78484.7431707317,0.024390243902439,-0.1408089438340325,0.3658536585365853,False,70.25462962962963,High,2.0,317.0
NUFFIELD HEALTH CENTRE,5,200017.57,40003.514,0.0,-0.0561364041155746,0.2,False,70.23533950617283,High,,
INVESTING IN PEOPLE & CULTURE,6,347384.0,57897.333333333336,0.0,-0.1016831082555925,0.5,False,70.22087191358025,High,,
DR P GLENNON & PARTNERS,18,3738921.36,207717.85333333333,0.0555555555555555,-0.1058648664065894,0.0555555555555555,False,70.18229166666666,High,,
JAMES STREET GROUP PRACTICE,6,864555.9800000001,144092.66333333336,0.0,-0.0318365122512163,0.1666666666666666,False,70.13888888888889,High,3.0,221.0
SUNDERLAND GP ALLIANCE,45,8446733.54,187705.18977777776,0.0222222222222222,-0.1281058893201813,0.2222222222222222,True,70.09066358024691,High,3.0,221.0
NHS SOUTH WEST LONDON CCG,38,22739896.11,598418.3186842105,0.0263157894736842,-0.1278151623955613,0.2105263157894736,False,70.05690586419753,High,2.0,317.0
DR RIGG & PARTNERS,11,400367.09,36397.008181818186,0.0909090909090909,-0.0523579081612207,0.0,False,70.02314814814814,High,8.0,61.0
IPROOV LTD,8,2999244.49,374905.56125,0.0,-0.0799347060641143,0.25,False,70.02314814814814,High,,
WHITEMOOR MEDICAL CENTRE,6,368944.98,61490.83,0.1666666666666666,-0.0696916708665241,0.0,False,70.00385802469135,High,,
EGTON MEDICAL INFORMATION SYSTEMS LTD,197,63036007.96,319979.73583756346,0.0101522842639593,-0.1400060644208201,0.3756345177664975,False,69.99421296296296,High,,
HOUSTON B R M & PARTNERS,10,1112244.58,111224.458,0.0,-0.090004642114979,0.3,False,69.96045524691358,High,,
BDO LLP,5,351251.73,70250.34599999999,0.0,-0.0619082093393846,0.2,False,69.88811728395062,High,,
SHIL UK LTD,19,816145.0,42955.0,0.0526315789473684,-0.1158215426422114,0.1052631578947368,False,69.86882716049384,High,,
AGE UK LEEDS,6,185996.54,30999.423333333336,0.1666666666666666,-0.0709045517783284,0.0,False,69.85918209876543,High,24.0,2.0
NHS EAST SUSSEX CCG,12,5730975.76,477581.3133333333,0.0,-0.0378589765178706,0.1666666666666666,True,69.81095679012346,High,2.0,317.0
UNIVERSITY OF WEST LONDON,9,2256163.7800000003,250684.86444444448,0.0,-0.0739529223220927,0.2222222222222222,False,69.78684413580247,High,,
LONDON BOROUGH OF BEXLEY,5,357813.5,71562.7,0.2,-0.0758752262551331,0.0,False,69.75308641975309,High,7.0,67.0
UNIVERSITY OF THE WEST OF ENGLAND,46,16237666.64,352992.7530434783,0.0434782608695652,-0.1437656169803714,0.3478260869565217,False,69.75308641975309,High,0.0,590.0
NHS BIRMINGHAM & SOLIHULL CCG,66,35218647.28,533615.8678787879,0.0151515151515151,-0.1405465876549596,0.3636363636363636,False,69.7337962962963,High,2.0,317.0
MAGPIE,7,209858.15,29979.735714285714,0.1428571428571428,-0.0692304591710837,0.0,False,69.7145061728395,High,1.0,552.0
ANAPLAN LTD,15,2217340.01,147822.66733333332,0.0,-0.1009580635326429,0.4,False,69.7096836419753,High,,
VALLEYS MEDICAL PARTNERSHIP,13,399162.17,30704.782307692305,0.0769230769230769,-0.0513979236109876,0.0,False,69.70486111111111,High,8.0,61.0
HIGHCLIFFE MEDICAL CENTRE,9,292410.06,32490.006666666668,0.1111111111111111,-0.0637696151590074,0.0,False,69.69521604938271,High,,
WOODLANDS MEDICAL PRACTICE,10,1149995.27,114999.527,0.0,-0.1010296956646305,0.4,False,69.69039351851852,High,,
FOUR EYES INSIGHT LTD,9,957290.0,106365.55555555556,0.0,-0.1027498072570143,0.4444444444444444,False,69.65663580246914,High,,
TOWER HAMLETS GP CARE GROUP CIC,5,854529.3300000001,170905.866,0.0,-0.1010620526157048,0.4,False,69.65181327160494,High,,
DR LAWTON & PARTNERS,6,652550.36,108758.39333333333,0.1666666666666666,-0.0733998611521003,0.0,False,69.60841049382715,High,,
ASTON UNIVERSITY,22,5912415.07,268746.1395454546,0.0454545454545454,-0.150062976637259,0.4545454545454545,False,69.59876543209876,High,,
MOUNT VIEW PRACTICE,5,242247.0,48449.4,0.0,-0.0668416461568252,0.2,False,69.56018518518519,High,,
NHS PROVIDERS,25,2996928.6,119877.144,0.0,-0.0942742029872241,0.32,True,69.55536265432099,High,0.0,590.0
DR D PRIMORAC,10,564098.11,56409.811,0.0,-0.0669390456874549,0.2,False,69.55054012345678,High,3.0,221.0
KPMG LLP,208,123911106.64,595726.4742307692,0.0096153846153846,-0.1319323199321128,0.2692307692307692,False,69.53124999999999,High,,
SIEMENS HEALTHCARE LTD,9,868066.65,96451.85,0.0,-0.076870045384682,0.2222222222222222,False,69.5167824074074,High,,
COLLEGE PRACTICE,14,705059.64,50361.40285714286,0.1428571428571428,-0.0710549372636804,0.0,False,69.49266975308642,High,,
ST MARTINS MEDICAL CENTRE,25,5013338.14,200533.5256,0.04,-0.1237281946783194,0.16,False,69.47820216049382,High,,
PROVIDENCE SURGERY,9,654776.48,72752.94222222222,0.0,-0.0772658253395219,0.2222222222222222,False,69.46855709876543,High,,
PICKERING MEDICAL PRACTICE,21,1355410.74,64543.36857142857,0.0476190476190476,-0.1141748519006306,0.0952380952380952,False,69.45891203703704,High,,
SAXMUNDHAM HEALTH GROUP,10,357957.54,35795.754,0.1,-0.0650351681515938,0.0,False,69.43479938271605,High,,
BECHTLE DIRECT LTD,11,1364609.82,124055.4381818182,0.0,-0.0879526962020769,0.2727272727272727,False,69.42997685185185,High,,
ROXTON PRACTICE,23,1817794.7,79034.55217391303,0.0434782608695652,-0.1270110920044496,0.1739130434782608,False,69.42033179012346,High,,
YOUR WORLD NURSING LTD,797,1209172.26,1517.154654956085,0.0539523212045169,-0.041567223781013,0.0,False,69.40104166666667,High,,
ROYAL COLLEGE OF NURSING,5,481039.0,96207.8,0.0,-0.0683304213096786,0.2,False,69.39621913580247,High,2.0,317.0
OUTSIDE CLINIC LTD,18,6396186.01,355343.6672222222,0.0555555555555555,-0.0433571852028372,0.0,False,69.37692901234568,High,,
QUEEN SQUARE MEDICAL PRACTICE LANCASTER,7,430993.67,61570.52428571428,0.2857142857142857,-0.0808586078248082,0.0,False,69.36728395061728,High,,
CAMBRIDGESHIRE COMMUNITY SERVICES,298,110597799.24,371133.5544966443,0.0100671140939597,-0.1399419872677997,0.3523489932885906,True,69.36728395061728,High,5.0,91.0
CM MONITOR LTD T/A BRITAINTHINKS,15,1353154.06,90210.27066666666,0.0,-0.096833679724031,0.3333333333333333,False,69.3190586419753,High,,
BRAMBLE HUB LTD,13,2810748.64,216211.43384615384,0.0,-0.0345961470060002,0.1538461538461538,False,69.2949459876543,High,,
MAYBUSH MEDICAL CENTRE,6,417861.36,69643.56,0.1666666666666666,-0.0764388578565418,0.0,False,69.29012345679011,High,8.0,61.0
PEER POWER YOUTH,23,839947.0,36519.434782608696,0.0,-0.1017728260536592,0.391304347826087,False,69.26601080246914,High,,
THREE VILLAGES MEDICAL PRACTICE,6,897452.45,149575.40833333333,0.0,-0.0469882633755828,0.1666666666666666,False,69.25154320987654,High,2.0,317.0
CORBIN AVENUE SURGERY,15,1737927.28,115861.81866666667,0.0,-0.0879676837008261,0.2666666666666666,False,69.18885030864197,High,,
HF TRUST LTD,6,350743.0,58457.16666666666,0.1666666666666666,-0.0777713996067483,0.0,False,69.14544753086419,Medium,,
UNIVERSITY OF OXFORD,57,15336911.59,269068.6243859649,0.0175438596491228,-0.1474009980596028,0.4561403508771929,False,69.140625,Medium,0.0,590.0
LOVEMEAD GROUP PRACTICE,7,528982.86,75568.98,0.1428571428571428,-0.0751566017480037,0.0,False,69.10686728395062,Medium,,
BRIGHTON AND SUSSEX UNIVERSITY HOSPITALS NHS TRUST,282,538746797.74,1910449.6373758863,0.0177304964539007,-0.1370924727562813,0.2872340425531915,True,69.07793209876543,Medium,,
DERWENT PRACTICE,25,1443072.88,57722.9152,0.04,-0.1117951920947004,0.08,False,69.07793209876543,Medium,,
BUCKINGHAMSHIRE COUNTY COUNCIL,5,300559.71,60111.942,0.0,-0.1061346717320819,0.6,False,69.04899691358024,Medium,7.0,67.0
HAMPSHIRE COUNTY COUNCIL,13,817238.98,62864.53692307692,0.0,-0.0820088721849248,0.2307692307692307,False,69.04899691358024,Medium,,
CAEN MEDICAL CENTRE,8,499728.36,62466.045,0.125,-0.0733124874547447,0.0,False,69.04417438271605,Medium,,
CARE QUALITY COMMISSION,39,6668503.0200000005,170987.25692307693,0.0256410256410256,-0.109777148895412,0.0769230769230769,True,69.03452932098766,Medium,0.0,590.0
BRITISH RED CROSS SOCIETY,47,16689737.67,355100.8014893617,0.0212765957446808,-0.1385025908477266,0.2978723404255319,False,69.00077160493827,Medium,,
LONDON CLINIC,21,25549000.0,1216619.0476190476,0.0,-0.107384171379484,0.8571428571428571,False,68.86091820987653,Medium,,
BAY MEDICAL PRACTICE (THE),21,1167785.26,55608.82190476191,0.0476190476190476,-0.1073931489363495,0.0476190476190476,False,68.77893518518519,Medium,,
ADVISEINC LTD,13,1785696.0,137361.23076923078,0.0,-0.0435700949978742,0.1538461538461538,False,68.76446759259258,Medium,,
DR J P NAGLE & PARTNERS,16,746094.71,46630.919375,0.0625,-0.1118440154252488,0.0625,False,68.75964506172839,Medium,,
SAMARITAN ENTERPRISES LTD (THE),9,2826977.0,314108.5555555556,0.1111111111111111,-0.0745588269326977,0.0,False,68.72106481481481,Medium,,
NHS NOTTINGHAM AND NOTTINGHAMSHIRE ICB,40,13107222.22,327680.5555,0.05,-0.1441734382274449,0.3,False,68.57638888888889,Medium,3.0,221.0
THREE CHEQUERS MEDICAL PRACTICE,11,471321.17,42847.3790909091,0.0909090909090909,-0.0722811820956427,0.0,False,68.5570987654321,Medium,,
BOLTON GP PARTNERSHIP LTD,43,5365965.46,124789.89441860466,0.0232558139534883,-0.1409114819072063,0.3023255813953488,False,68.5522762345679,Medium,,
DR KEDWARD & PARTNERS,20,2318070.57,115903.5285,0.0,-0.0955660342317393,0.3,False,68.5522762345679,Medium,,
PARTNERSHIPS IN CARE LTD,395,266007509.84,673436.7337721519,0.0075949367088607,-0.1291018308846108,0.2126582278481012,False,68.49922839506172,Medium,,
NHS ENGLAND,7,319060.33,45580.04714285715,0.0,-0.0386717872666193,0.1428571428571428,True,68.47029320987654,Medium,12.0,9.0
BOWLING HIGHFIELD MEDICAL PRACTICE,6,552728.87,92121.47833333332,0.0,-0.0595484740899141,0.1666666666666666,False,68.44135802469135,Medium,,
PCC FOR AVON & SOMERSET,7,766155.0,109450.71428571428,0.0,-0.0396808150616098,0.1428571428571428,False,68.42206790123457,Medium,,
TAYSIDE NHS BOARD,10,946076.0,94607.6,0.0,-0.077573032051314,0.2,False,68.41242283950618,Medium,,
DR M N PATEL & PARTNERS,26,3414958.81,131344.56961538462,0.0384615384615384,-0.1128025193702761,0.0769230769230769,False,68.38348765432099,Medium,,
CORNWALL COUNTY COUNCIL,15,1774051.67,118270.11133333332,0.0,-0.1053769984780171,0.4,False,68.34972993827161,Medium,,
UNITY INSIGHTS LTD,5,419935.01,83987.00200000001,0.0,-0.07831578974452,0.2,False,68.3449074074074,Medium,,
BIRMINGHAM LDC,6,200000.0,33333.333333333336,0.0,-0.1013307174081182,0.3333333333333333,False,68.28703703703704,Medium,5.0,91.0
CHIME SOCIAL ENTERPRISE,8,881048.38,110131.0475,0.0,-0.0896159980491721,0.25,False,68.27739197530863,Medium,,
PARKBURY HOUSE,13,660388.54,50799.11846153846,0.0,-0.0518828344418079,0.1538461538461538,False,68.21469907407408,Medium,,
DRS B BANSAL & DW READE,13,2251001.94,173153.99538461538,0.0,-0.0982191920491781,0.3076923076923077,False,68.20987654320987,Medium,,
NHS STAFFORDSHIRE AND STOKE ON TRENT ICB,33,12450584.41,377290.43666666665,0.0303030303030303,-0.1292355214566745,0.1818181818181818,False,68.19540895061729,Medium,3.0,221.0
DOROTHY HOUSE FOUNDATION LTD,5,772433.36,154486.672,0.0,-0.0792009234073249,0.2,False,68.19058641975309,Medium,,
SYDENHAM HOUSE MEDICAL CENTRE,7,165241.62,23605.945714285717,0.1428571428571428,-0.0823468161225429,0.0,False,68.06520061728395,Medium,,
NATIONAL INSTITUTE FOR HEALTH AND CARE EXCELLENCE,18,7860236.31,436679.795,0.0,-0.1090479618895782,0.5555555555555556,False,68.06037808641975,Medium,0.0,590.0
CEDARS MEDICAL GROUP,27,2470149.02,91487.00074074074,0.037037037037037,-0.120121486672642,0.1111111111111111,False,67.99768518518518,Medium,,
CAPPFINITY LTD,5,706250.0,141250.0,0.0,-0.0808022818693498,0.2,False,67.93981481481481,Medium,,
NEWTON EUROPE LTD,8,2807808.72,350976.09,0.0,-0.0911146219313364,0.25,False,67.92052469135803,Medium,,
NHS TEES VALLEY CCG,13,6809776.93,523828.9946153846,0.0,-0.0885244814123524,0.2307692307692307,True,67.89158950617283,Medium,2.0,317.0
MARKET & OPINION RESEARCH INTERNATIONAL LTD,28,18272108.41,652575.3003571428,0.0,-0.1041292468054944,0.3571428571428571,False,67.86265432098764,Medium,,
HILLSIDE PRACTICE,11,750791.65,68253.78636363636,0.0909090909090909,-0.0788622389263831,0.0,False,67.85300925925925,Medium,,
LONDON INTERNATIONAL EXHIBITION CENTRE PLC,12,1856075.26,154672.93833333332,0.0833333333333333,-0.1344022164305068,0.1666666666666666,False,67.79996141975309,Medium,,
CASTLE MEDICAL GROUP,10,436570.02,43657.002,0.1,-0.0801175971914523,0.0,False,67.7854938271605,Medium,3.0,221.0
CISILION LTD,6,535264.12,89210.68666666666,0.0,-0.0687422078432455,0.1666666666666666,False,67.7758487654321,Medium,,
SYNERTEC LTD,175,78262427.37,447213.8706857143,0.0057142857142857,-0.1289862473262448,0.2,False,67.72762345679013,Medium,,
LITCHDON MEDICAL CENTRE BARNSTAPLE,6,422719.28,70453.21333333333,0.1666666666666666,-0.0863231259240835,0.0,False,67.72762345679011,Medium,,
NORTHAMPTONSHIRE COUNTY COUNCIL,6,469278.0,78213.0,0.0,-0.0695863784793262,0.1666666666666666,False,67.67939814814815,Medium,5.0,91.0
DURHAM COUNTY COUNCIL,18,3997868.0,222103.77777777775,0.0555555555555555,-0.1587550666476088,0.5555555555555556,False,67.66975308641975,Medium,5.0,91.0
HEALTHWORKS VENTURES LTD,8,327658.37,40957.29625,0.0,-0.0923238098033464,0.25,False,67.66010802469135,Medium,,
HH ASSOCIATES LTD,33,8017229.75,242946.35606060605,0.0303030303030303,-0.126899400565617,0.1515151515151515,False,67.60223765432099,Medium,,
WESTROP SURGERY,5,737223.28,147444.65600000002,0.0,-0.0828656930218654,0.2,False,67.5733024691358,Medium,2.0,317.0
DR A W SHERWOOD & PARTNERS,18,968104.05,53783.55833333333,0.0555555555555555,-0.1237553894669813,0.1111111111111111,False,67.55883487654322,Medium,,
NORTH NORTHAMPTONSHIRE COUNCIL,5,414000.0,82800.0,0.0,-0.0831325730332679,0.2,False,67.53472222222223,Medium,5.0,91.0
DR LAWRENCE N W & PTNRS,7,333573.23,47653.31857142857,0.0,-0.054646967851771,0.1428571428571428,False,67.49614197530863,Medium,,
SHERBURN GROUP PRACTICE,12,1121019.24,93418.27,0.0833333333333333,-0.1215809660645902,0.0833333333333333,False,67.49131944444443,Medium,3.0,221.0
LONDON ROAD HEALTH CENTRE,9,436576.19,48508.46555555556,0.1111111111111111,-0.0831405479043713,0.0,False,67.48649691358024,Medium,2.0,317.0
BOXXE LTD,31,3794724.71,122410.47451612903,0.032258064516129,-0.0570718310257397,0.0,False,67.44791666666667,Medium,,
NHS PENSIONS AGENCY,5,735557.81,147111.562,0.0,-0.0836766125006406,0.2,False,67.44791666666667,Medium,1.0,552.0
TRUST HOUSE READING,7,663991.0,94855.85714285714,0.0,-0.0553585241470273,0.1428571428571428,False,67.43827160493827,Medium,,
SID VALLEY PRACTICE,14,583194.22,41656.73,0.0714285714285714,-0.0773656373566054,0.0,False,67.41415895061728,Medium,,
DR TAYLOR & PARTNERS,11,434114.75,39464.97727272727,0.0909090909090909,-0.0813812728424231,0.0,False,67.40933641975309,Medium,3.0,221.0
DR CROSFIELD C E & PARTNERS,5,305533.02,61106.60400000001,0.0,-0.0839865534087168,0.2,False,67.3804012345679,Medium,,
POLICE & CRIME COMMISSIONER NORTHUMBRIA,12,2128282.16,177356.84666666668,0.0,-0.0724503059909465,0.1666666666666666,False,67.36111111111111,Medium,,
GROVE MEDICAL CENTRE,27,1904156.96,70524.33185185185,0.037037037037037,-0.1149166167982347,0.074074074074074,False,67.3611111111111,Medium,,
IPLATO HEALTHCARE LTD,15,3454213.51,230280.90066666665,0.0666666666666666,-0.0763545541053346,0.0,False,67.34664351851852,Medium,,
UNIVERSITY HOSPITALS OF NORTH MIDLANS NHS TRUST,76,110517775.45,1454181.2559210528,0.0131578947368421,-0.1441385486590838,0.3157894736842105,False,67.32735339506172,Medium,,
FALCO UK LTD,6,112704.0,18784.0,0.1666666666666666,-0.0885735908561525,0.0,False,67.32253086419753,Medium,,
HEALTHCARE FINANCIAL MANAGEMENT ASSOCIATION,11,2733067.6,248460.6909090909,0.0,-0.1063287832876913,0.3636363636363636,False,67.29359567901234,Medium,0.0,590.0
NHS NORTHAMPTONSHIRE ICB,35,9929941.74,283712.6211428571,0.0285714285714285,-0.1261928391209832,0.1428571428571428,True,67.27912808641975,Medium,3.0,221.0
CALCOT SPECSAVERS LTD,5,157117.84,31423.568,0.2,-0.090290949482955,0.0,False,67.27430555555556,Medium,,
BRUNEL MEDICAL PRACTICE BABBACOMBE TORQUAY,5,434988.45,86997.69,0.2,-0.0904192183665645,0.0,False,67.25501543209876,Medium,,
NAPC SERVICES LTD,10,1660462.2,166046.22,0.0,-0.0849516425994517,0.2,False,67.24537037037037,Medium,,
GARTNER UK LTD,25,2706126.67,108245.0668,0.04,-0.0665996582364053,0.0,False,67.19714506172839,Medium,,
CLEVELEYS GROUP PRACTICE,13,937393.34,72107.18,0.0,-0.0681851678234786,0.1538461538461538,False,67.17303240740739,Medium,,
BADGERSWOOD SURGERY,8,356844.92000000004,44605.615000000005,0.0,-0.0447568296090683,0.125,False,67.12480709876543,Medium,,
NHS GRAMPIAN,7,1430009.0,204287.0,0.0,-0.0996053360676447,0.2857142857142857,False,67.09104938271605,Medium,,
DR TROMPETAS & PARTNERS WARLINGHAM,5,339112.5,67822.5,0.4,-0.093360219661681,0.0,False,66.9897762345679,Medium,,
"NHS DURHAM DALES, EASINGTON AND SEDGEFIELD CCG",6,1696140.97,282690.1616666667,0.0,-0.0762144563313163,0.1666666666666666,False,66.9849537037037,Medium,,
RIVERSIDE MEDICAL CENTRE STOCKTON TEES,18,1063425.71,59079.20611111111,0.0555555555555555,-0.1144998188888117,0.0555555555555555,False,66.98013117283949,Medium,,
HFMA,30,5266625.74,175554.19133333335,0.0,-0.1116557385786003,0.5333333333333333,True,66.9753086419753,Medium,0.0,590.0
RYAN MEDICAL CENTRE,8,462604.86,57825.6075,0.25,-0.0928070216440291,0.0,False,66.97048611111111,Medium,,
MILLWOOD PARTNERSHIP (THE),12,794589.0,66215.75,0.0833333333333333,-0.0830448731467124,0.0,False,66.92708333333333,Medium,,
CHANNEL VIEW SURGERY TEIGNMOUTH,30,1991873.94,66395.798,0.0666666666666666,-0.1123451876137052,0.0333333333333333,False,66.91261574074073,Medium,,
NHS CAMDEN CCG,17,6134442.07,360849.53352941177,0.0588235294117647,-0.1361998420086674,0.1764705882352941,True,66.86439043209877,Medium,1.0,552.0
NHS HEREFORDSHIRE AND WORCESTERSHIRE ICB,31,13014011.84,419806.8335483871,0.032258064516129,-0.1297955703485217,0.1612903225806451,False,66.85474537037037,Medium,3.0,221.0
ROTHSCHILD HOUSE SURGERY,40,4383329.11,109583.22775,0.025,-0.1279751729944271,0.15,False,66.82098765432099,Medium,3.0,221.0
SALFORD PRIMARY CARE TOGETHER,34,4620727.04,135903.73647058825,0.0294117647058823,-0.1281421788495864,0.1470588235294117,False,66.82098765432099,Medium,2.0,317.0
NHS HARTLEPOOL AND STOCKTON-ON-TEES CCG,8,1936772.59,242096.57375,0.0,-0.0958025326939864,0.25,False,66.70524691358024,Medium,,
UCL CONSULTANTS LTD,8,622940.0,77867.5,0.0,-0.0512888989307448,0.125,False,66.70042438271605,Medium,,
POSTERNGATE SURGERY,33,1768144.6,53580.1393939394,0.0303030303030303,-0.1245580364162611,0.1212121212121212,False,66.69560185185185,Medium,2.0,317.0
DR C NAGPAUL,18,1697898.46,94327.69222222222,0.0555555555555555,-0.1345694076524202,0.1666666666666666,False,66.67148919753086,Medium,2.0,317.0
TEESSIDE UNIVERSITY,9,1726768.96,191863.21777777775,0.1111111111111111,-0.0878988096804429,0.0,True,66.65702160493827,Medium,12.0,9.0
HEATON MOOR MEDICAL GROUP,21,2195366.78,104541.27523809524,0.0476190476190476,-0.1128523677410455,0.0476190476190476,False,66.63773148148148,Medium,,
FOUNDATION OF NURSING STUDIES,8,1878485.0,234810.625,0.0,-0.0526539835273739,0.125,False,66.60397376543209,Medium,,
INSTITUTE FOR HEALTHCARE IMPROVEMENT,11,853878.444031,77625.31309372728,0.0,-0.0838153528399731,0.1818181818181818,False,66.5991512345679,Medium,0.0,590.0
ELSDALE STREET CLINIC,16,1579552.5,98722.03125,0.0625,-0.1178932386944865,0.0625,False,66.57021604938271,Medium,,
KINGSTON AND RICHMOND NHS FOUNDATION TRUST,15,2463302.21,164220.14733333333,0.0666666666666666,-0.1307998876575118,0.1333333333333333,False,66.55574845679013,Medium,,
BROOKSIDE GROUP PRACTICE,17,715233.27,42072.54529411765,0.1176470588235294,-0.0888448244545603,0.0,False,66.55092592592592,Medium,,
NORTH NOTTINGHAM LIFT CO LTD,10,1191671.19,119167.119,0.0,-0.0886523252200656,0.2,False,66.55092592592592,Medium,,
ABBEY MEAD SURGERY,13,826887.33,63606.71769230769,0.1538461538461538,-0.0911152973632426,0.0,False,66.47376543209876,Medium,,
HKS CONSULTANCY GROUP LTD (HEALTHCARE & INDUSTRAIL),9,26725.87,2969.541111111111,0.0,-0.0932114000542235,0.2222222222222222,False,66.46894290123457,Medium,,
ST JOHNS WOOD MEDICAL PRACTICE,25,2733061.4,109322.456,0.04,-0.1267005378110106,0.12,False,66.44965277777777,Medium,,
STIRCHLEY MEDICAL PRACTICE,9,399192.36,44354.706666666665,0.0,-0.0443603768059882,0.1111111111111111,False,66.42554012345678,Medium,3.0,221.0
DR PLANA F & PARTNER,16,1449487.41,90592.963125,0.0625,-0.1296100973699833,0.125,False,66.42554012345678,Medium,,
DRS HA LEWIS & PARTNERS,11,2831015.31,257365.0281818182,0.0,-0.085237140302561,0.1818181818181818,False,66.38695987654322,Medium,,
THATCHAM HEALTH CENTRE,10,539433.06,53943.306,0.1,-0.0883222182086573,0.0,False,66.3869598765432,Medium,,
ADVANCED BUSINESS SOFTWARE AND SOLUTIONS LTD,11,5887372.55,535215.6863636364,0.0909090909090909,-0.0871830098217595,0.0,False,66.35802469135803,Medium,,
CONTACT A FAMILY,6,288401.66000000003,48066.943333333336,0.0,-0.0807352667433417,0.1666666666666666,False,66.35802469135803,Medium,0.0,590.0
MANNING GOTTLIEB OMD,655,96943688.65,148005.63152671757,0.0015267175572519,-0.124513113108752,0.1435114503816794,True,66.31944444444444,Medium,1.0,552.0
NDL SOFTWARE LTD,5,164800.0,32960.0,0.0,-0.0899446485400229,0.2,False,66.24228395061729,Medium,,
NHS PROPERTY SERVICES LTD,2803,229831749.74,81994.91606849805,0.0024973242953977,-0.1158839832850709,0.0931145201569746,False,66.24228395061728,Medium,,
UNIVERSITY OF SHEFFIELD,45,28906105.71,642357.9046666666,0.0222222222222222,-0.1437266377519725,0.2666666666666666,False,66.2133487654321,Medium,1.0,552.0
FIRST COMMUNITY HEALTH & CARE CIC,7,1452046.0,207435.14285714287,0.0,-0.0712254307497545,0.1428571428571428,False,66.2037037037037,Medium,,
TROPICAL HEALTH & EDUCATION TRUST,8,1150000.0,143750.0,0.0,-0.1107776863316118,0.375,False,66.19405864197532,Medium,,
UNIVERSITY OF BATH,11,6075771.0,552342.8181818182,0.0,-0.1016250769070989,0.2727272727272727,False,66.14101080246914,Medium,,
FRANCOTYP POSTALIA,15,486105.74,32407.04933333333,0.0,-0.1083670237916727,0.3333333333333333,False,66.11689814814814,Medium,,
BIDEFORD MEDICAL CENTRE BIDEFORD,5,421867.51,84373.50200000001,0.2,-0.0950459313305386,0.0,False,66.10725308641975,Medium,,
SYNNOVIS ANALYTICS LLP,7,875910.96,125130.13714285714,0.0,-0.0724086029996563,0.1428571428571428,False,66.09760802469135,Medium,,
LORDSWOOD MEDICAL GROUP,10,430705.48,43070.548,0.1,-0.0897432510668644,0.0,False,66.06867283950616,Medium,,
BASSETT ROAD MEDICAL PRACTICE,7,448558.9,64079.84285714286,0.1428571428571428,-0.0926815624813722,0.0,False,66.01080246913581,Medium,,
METRO CENTRE LTD,10,489847.0,48984.7,0.0,-0.1138368728969631,0.5,False,65.97704475308642,Medium,,
DR F MCCLOGHRY & PARTNERS,6,321851.62,53641.93666666667,0.1666666666666666,-0.0940080921985593,0.0,False,65.97222222222221,Medium,2.0,317.0
NHS RESOLUTION,59,53761997.46,911220.2959322034,0.0169491525423728,-0.0682869494579955,0.0,True,65.95775462962963,Medium,1.0,552.0
WALKING WITH THE WOUNDED,18,1260730.0,70040.55555555556,0.0,-0.108912237680854,0.3333333333333333,False,65.94328703703704,Medium,,
POLICE & CRIME COMMISSIONER FOR CUMBRIA,5,899793.0,179958.6,0.0,-0.0911761983208387,0.2,False,65.93364197530865,Medium,,
NATIONAL DEVELOPMENT TEAM FOR INCLUSION (NDTI),6,335145.0,55857.5,0.0,-0.0832049089208297,0.1666666666666666,False,65.91435185185185,Medium,,
NATWEST,29,20667555.43,712674.3251724138,0.0,-0.1067087755729033,0.3103448275862069,False,65.90470679012344,Medium,,
TAMESIDE AND GLOSSOP INTEGRATED CARE NHS FOUNDATION TRUST,61,14571235.94,238872.72032786885,0.0163934426229508,-0.1506986587732037,0.3278688524590163,False,65.89023919753086,Medium,,
HAMPSHIRE CONSTABULARY,7,238100.0,34014.28571428572,0.0,-0.0750817856970278,0.1428571428571428,False,65.83719135802468,Medium,,
INNOVATE HEALTHCARE SERVICES LTD,5,787065.8200000001,157413.16400000002,0.0,-0.091887495932261,0.2,False,65.76967592592592,Medium,,
FRESENIUS MEDICAL CARE UK LTD,6,317796.0,52966.0,0.0,-0.0841447714194787,0.1666666666666666,False,65.74074074074073,Medium,,
COVENTRY AND WARWICKSHIRE PARTNERSHIP NHS TRUST,491,172814633.82,351964.6309979633,0.0040733197556008,-0.1326250953195123,0.1914460285132382,True,65.70216049382717,Medium,5.0,91.0
EAST AND NORTH HERTFORDSHIRE NHS TRUST,709,834187931.44,1176569.7199435823,0.0,-0.1020643766124246,0.2623413258110014,True,65.63464506172838,Medium,0.0,590.0
DOCKLANDS MEDICAL CENTRE LONDON,5,276172.22,55234.444,0.0,-0.0926962887046972,0.2,False,65.59606481481481,Medium,,
GATESHEAD HEALTH NHS FOUNDATION TRUST,745,363468823.58,487877.61554362415,0.0,-0.1102877590910388,0.3355704697986577,True,65.57677469135803,Medium,0.0,590.0
TRINITY HEALTH,15,886446.85,59096.456666666665,0.0666666666666666,-0.1222444325906668,0.0666666666666666,False,65.57195216049382,Medium,,
NHS RUSHCLIFFE CCG,6,667983.2,111330.53333333333,0.0,-0.0855333524529892,0.1666666666666666,False,65.56712962962963,Medium,,
DR EYRE & PARTNERS,32,4619721.4,144366.29375,0.03125,-0.1168541849243068,0.0625,False,65.56230709876543,Medium,,
DR M D CLARIDGE & PARTNERS,12,1229865.49,102488.79083333332,0.0,-0.1008389305349533,0.25,False,65.53819444444444,Medium,,
NHS SOUTH TEES CCG,6,2058742.13,343123.6883333333,0.0,-0.0855925069220649,0.1666666666666666,True,65.53819444444444,Medium,,
STEVE DAVIDSON ADVERTISING LTD,16,1032880.46,64555.02875,0.0,-0.0906224414228682,0.1875,False,65.48032407407408,Medium,,
DR M AUSTIN & PARTNER,7,400508.81,57215.54428571429,0.0,-0.078310204428994,0.1428571428571428,False,65.48032407407408,Medium,,
BEDFORDSHIRE HOSPITAL FOUNDATION TRUST,670,505392573.34,754317.273641791,0.0,-0.1112581805733949,0.3537313432835821,True,65.4320987654321,Medium,0.0,590.0
HURLEY CLINIC,35,13586447.14,388184.204,0.0285714285714285,-0.1358254826571912,0.1714285714285714,False,65.39351851851852,Medium,,
NHS HUMBER AND NORTH YORKSHIRE ICB,83,28832076.75,347374.4186746988,0.0120481927710843,-0.1545342868313794,0.3734939759036144,True,65.39351851851852,Medium,3.0,221.0
NHS TOWER HAMLETS CCG,31,9980261.74,321943.9270967742,0.032258064516129,-0.1566137950836776,0.3548387096774194,False,65.37905092592592,Medium,1.0,552.0
AGFA HEALTHCARE UK LTD,13,643513.26,49501.02,0.0769230769230769,-0.0900814023290924,0.0,False,65.36458333333333,Medium,,
DR R M SCOTT & PARTNERS,8,708423.53,88552.94125,0.125,-0.094309741590502,0.0,False,65.32118055555556,Medium,,
HEREFORD MEDICAL GROUP,32,3699449.85,115607.8078125,0.03125,-0.1174482751555219,0.0625,False,65.28260030864197,Medium,2.0,317.0
NHS CAMBRIDGESHIRE AND PETERBOROUGH ICB,39,16393093.57,420335.73256410257,0.0256410256410256,-0.1366209554317651,0.1794871794871795,False,65.27295524691357,Medium,,
MICROSOFT LTD,61,13704734.66,224667.7813114754,0.0163934426229508,-0.1353940666913657,0.180327868852459,False,65.2247299382716,Medium,,
BARTHOLOMEW MEDICAL GROUP,9,444641.24,49404.58222222222,0.1111111111111111,-0.0939474082762842,0.0,False,65.2199074074074,Medium,,
MARYPORT HEALTH SERVICES,8,256517.52,32064.69,0.125,-0.0947081797293391,0.0,False,65.21508487654322,Medium,,
NHS THURROCK CCG,29,4321649.93,149022.41137931033,0.0344827586206896,-0.1373609701595986,0.1724137931034483,False,65.2150848765432,Medium,2.0,317.0
SWEENEY G A & PARTNERS,11,1858227.01,168929.72818181818,0.0,-0.1120159003615459,0.3636363636363636,False,65.19097222222223,Medium,3.0,221.0
FROME MEDICAL CENTRE PARK ROAD FROME,15,1271815.93,84787.72866666666,0.0,-0.1040697689370662,0.2666666666666666,False,65.18614969135803,Medium,,
CENTRAL HEALTHCARE,8,555375.73,69421.96625,0.0,-0.0719792636367277,0.125,False,65.15721450617283,Medium,,
DR GRAHAM & PARTNERS,7,432776.45,61825.20714285714,0.0,-0.1063230007081562,0.2857142857142857,False,65.14274691358025,Medium,,
SOFTCAT PLC,297,108600038.94,365656.6967676768,0.0033670033670033,-0.1297573852349755,0.1582491582491582,False,65.10416666666667,Medium,,
HM REVENUE & CUSTOMS,93,88878329.55,955680.9629032258,0.010752688172043,-0.1453731753052947,0.2688172043010752,True,65.09452160493828,Medium,1.0,552.0
PRIORY MEDICAL CENTRE,21,1289822.96,61420.14095238095,0.0476190476190476,-0.1173711038303553,0.0476190476190476,False,65.0462962962963,Medium,,
DUDLEY INTEGRATED HEALTH AND CARE,12,3357030.48,279752.54,0.0,-0.0883266731855721,0.1666666666666666,False,65.0270061728395,Medium,,
SEATON PARK MEDICAL GROUP,12,840708.09,70059.00749999999,0.0833333333333333,-0.0926564422596155,0.0,False,65.01736111111111,Medium,,
ROYAL SOCIETY FOR PUBLIC HEALTH,8,434275.04,54284.380000000005,0.0,-0.0735624769822914,0.125,False,64.99324845679011,Medium,0.0,590.0
GREENSAND HEALTH CENTRE,13,614577.78,47275.21384615385,0.0769230769230769,-0.0916339900856639,0.0,False,64.97878086419753,Medium,,
OMRON HEALTHCARE UK LTD,7,3633714.0,519102.0,0.0,-0.0815304780807223,0.1428571428571428,False,64.95949074074073,Medium,,
WEST STREET SURGERY,5,314129.27,62825.85399999999,0.2,-0.1002322473196091,0.0,False,64.88233024691358,Medium,,
NHS NORTH CUMBRIA CCG,43,10889770.16,253250.4688372093,0.0232558139534883,-0.1345811017915847,0.1627906976744186,True,64.87750771604938,Medium,2.0,317.0
ORCHARD HOUSE SURGERY NEWMARKET,7,512533.26,73219.03714285714,0.0,-0.0822612573289371,0.1428571428571428,False,64.83410493827161,Medium,8.0,61.0
CARTMEL SURGERY,10,541763.34,54176.334,0.0,-0.0568196733366202,0.1,False,64.8341049382716,Medium,3.0,221.0
VIADUCT CARE CIC,29,7663171.97,264247.3093103448,0.0344827586206896,-0.147423330881935,0.2413793103448276,False,64.8292824074074,Medium,,
SKILLS FOR HEALTH,31,2205269.62,71137.72967741935,0.032258064516129,-0.1359688513164404,0.1612903225806451,False,64.80034722222221,Medium,0.0,590.0
ROBOROUGH SURGERY,5,304588.31,60917.662,0.2,-0.1007639481894946,0.0,False,64.73765432098766,Medium,,
CROWN MEDICAL CENTRE,11,974218.19,88565.29,0.0,-0.1131142873326749,0.3636363636363636,False,64.73765432098764,Medium,,
LOROS,7,1984488.55,283498.3642857143,0.0,-0.1077187484627174,0.2857142857142857,False,64.71836419753086,Medium,,
MDDUS,10,1424092.76,142409.276,0.0,-0.1156371955463466,0.4,False,64.6460262345679,Medium,1.0,552.0
GROUP 24 LTD T/A NURSING 24,5,445575.0,89115.0,0.2,-0.1014337116630277,0.0,False,64.59297839506172,Medium,,
RICHARD DIMBLEBY CANCER FUND,9,545000.0,60555.55555555556,0.0,-0.0705248720422818,0.1111111111111111,False,64.58333333333333,Medium,0.0,590.0
ELM SURGERY RIVERSIDE LCG,5,203579.17,40715.834,0.4,-0.1029560326061237,0.0,False,64.57851080246914,Medium,,
PULSE HEALTHCARE LTD,369,89274637.42999999,241936.686802168,0.002710027100271,-0.1337313673290601,0.1734417344173441,False,64.55439814814815,Medium,,
ALLUM MEDICAL CENTRE,7,421187.78,60169.68285714286,0.0,-0.0837510658643819,0.1428571428571428,False,64.55439814814815,Medium,,
DONCASTER AND BASSETLAW HOSPITALS NHS FOUNDATION TRUST,865,284765962.61,329209.20532947977,0.0,-0.1086535415706305,0.2878612716763006,True,64.55439814814814,Medium,,
POLICE AND CRIME COMMISSIONER FOR MERSEYSIDE,18,1157037.0,64279.833333333336,0.0,-0.1191870103554109,0.8888888888888888,False,64.50617283950616,Medium,,
DR G FELLOWS & PARTNERS,21,1867996.41,88952.20999999999,0.0476190476190476,-0.1363961405973112,0.1428571428571428,False,64.45794753086419,Medium,,
NHS BLACK COUNTRY AND WEST BIRMINGHAM CCG,29,7434985.02,256378.79379310345,0.0344827586206896,-0.1524219364456024,0.2758620689655172,False,64.44347993827161,Medium,2.0,317.0
CARISBROOKE HEALTH CENTRE,10,653851.86,65385.186,0.1,-0.0963567054997056,0.0,False,64.41936728395062,Medium,,
OVER WYRE MEDICAL CENTRE,15,558575.94,37238.39599999999,0.0666666666666666,-0.0928082740046477,0.0,False,64.33738425925925,Medium,,
TESTVALE SURGERY,11,672949.28,61177.20727272728,0.0909090909090909,-0.0960397324110784,0.0,False,64.27469135802468,Medium,,
ELBURY MOOR MEDICAL CENTRE,15,1841032.2,122735.48,0.0,-0.0823079337663054,0.1333333333333333,False,64.2505787037037,Medium,,
HELPFORCE COMMUNITY CIC,11,1792923.0,162993.0,0.0,-0.1146653496412412,0.3636363636363636,False,64.20717592592592,Medium,0.0,590.0
CHISWICK FAMILY PRACTICE,7,2108054.27,301150.61,0.0,-0.0859869194096465,0.1428571428571428,False,64.18788580246913,Medium,,
SAS SOFTWARE LTD,9,741354.9,82372.76666666666,0.0,-0.0748307490602741,0.1111111111111111,False,64.16859567901234,Medium,,
BRADFORD TEACHING HOSPITALS NHS FOUNDATION TRUST,760,583224085.95,767400.1130921054,0.0,-0.1064018063108837,0.2552631578947368,True,64.11072530864197,Medium,8.0,61.0
UKHCDO LTD,15,2194847.35,146323.15666666668,0.0,-0.0831706080647858,0.1333333333333333,False,64.08661265432099,Medium,,
ATLANTIC MEDICAL GROUP (L82038),11,873605.72,79418.70181818181,0.0,-0.0953685347798435,0.1818181818181818,False,64.0528549382716,Medium,,
PARK MEDICAL PRACTICE PRESTON,13,933895.2,71838.0923076923,0.0,-0.0896159639321557,0.1538461538461538,False,64.04803240740739,Medium,,
TOPSHAM SURGERY EXETER,5,292906.75,58581.35,0.2,-0.1033143740844961,0.0,False,64.03356481481481,Medium,,
ROYAL HOLLOWAY UNIVERSITY OF LONDON,10,4332825.68,433282.568,0.1,-0.0979343924377982,0.0,False,64.02391975308642,Medium,,
RIVERBANK MEDICAL CENTRE MIDHURST,10,503299.1,50329.91,0.0,-0.0688715870596634,0.1,False,63.99498456790123,Medium,,
BEVAN BRITTAN LLP,90,29718338.23,330203.7581111111,0.0111111111111111,-0.1395090397006122,0.1888888888888888,False,63.92746913580247,Medium,,
CITY OF BRADFORD MDC,10,610056.65,61005.665,0.0,-0.1113716578994829,0.3,False,63.91300154320987,Medium,0.0,590.0
STAMFORD HILL GROUP PRACTICE,8,524461.88,65557.735,0.0,-0.0819366078424947,0.125,False,63.90335648148148,Medium,,
IMPERIAL SURGERY EXMOUTH,5,141175.03,28235.006,0.2,-0.1037631690380894,0.0,False,63.879243827160494,Medium,,
NORTH WEST AMBULANCE SERVICE NHS TRUST,43,54193384.17,1260311.259767442,0.0,-0.1116668325190724,0.3023255813953488,False,63.84548611111112,Medium,,
POLICE & CRIME COMMISSIONER FOR CHESHIRE,11,720614.58,65510.41636363636,0.0,-0.1196105001810137,0.4545454545454545,False,63.81172839506172,Medium,,
LAERDAL MEDICAL LTD,20,198017.73,9900.8865,0.0,-0.111642965975531,0.3,False,63.78761574074073,Medium,,
BARNSLEY HEALTHCARE FEDERATION CIC (GOLDTHORPE),8,807121.98,100890.2475,0.0,-0.0824609717858422,0.125,False,63.77797067901234,Medium,,
NHS KENT AND MEDWAY CCG,52,28830669.84,554435.9584615384,0.0192307692307692,-0.1555521730547624,0.3076923076923077,False,63.77314814814815,Medium,2.0,317.0
SUSSEX COMMUNITY NHS FOUNDATION TRUST,399,112644186.36,282316.25654135336,0.0025062656641604,-0.140954215954603,0.2055137844611528,True,63.77314814814815,Medium,,
CYGNET (NW) LTD,5,139982.7,27996.54,0.2,-0.1041186607551914,0.0,False,63.77314814814815,Medium,,
CHRISTIANA HARTLEY MEDICAL PRACTICE,8,855118.28,106889.785,0.125,-0.1420578856479779,0.125,False,63.74903549382715,Medium,,
DEVON COUNTY COUNCIL,18,4431685.88,246204.7711111111,0.0,-0.0937034717269883,0.1666666666666666,False,63.72492283950618,Medium,,
WHITECLIFF GROUP PRACTICE,14,769156.04,54939.717142857146,0.0714285714285714,-0.0957525402033336,0.0,False,63.710455246913575,Medium,,
PHILIPS UK AND IRELAND,12,1791989.6700000002,149332.4725,0.0,-0.0577877522768523,0.0833333333333333,True,63.6574074074074,Medium,6.0,81.0
WESTBOURNE MEDICAL CENTRE BOURNEMOUTH,17,958162.7,56362.51176470588,0.0588235294117647,-0.0942825749350555,0.0,False,63.63811728395061,Medium,2.0,317.0
SANDWELL AND WEST BIRMINGHAM HOSPITALS NHS TRUST,566,440110784.11,777580.8906537102,0.0,-0.1153277643054152,0.3392226148409894,True,63.61882716049382,Medium,,
UNIVERSITY OF YORK,91,20508604.59,225369.2812087912,0.0219780219780219,-0.142078904216215,0.1868131868131868,True,63.560956790123456,Medium,0.0,590.0
ANCORA MEDICAL PRACTICE,13,1067319.86,82101.52769230769,0.0,-0.1051415970656009,0.2307692307692307,False,63.560956790123456,Medium,3.0,221.0
STAMFORD HOUSE,9,421682.31,46853.59,0.0,-0.0798338658133963,0.1111111111111111,False,63.51273148148148,Medium,,
QUEENSWAY SURGERY,14,840051.35,60003.66785714286,0.0,-0.089519058189905,0.1428571428571428,False,63.50308641975309,Medium,,
HEMPSONS,8,445745.33,55718.16625,0.125,-0.1017283636281815,0.0,False,63.498263888888886,Medium,0.0,590.0
ANS GROUP PLC,61,9578029.89,157016.88344262296,0.0163934426229508,-0.1274641549160346,0.0983606557377049,False,63.488618827160494,Medium,,
DR BOUCH & PARTNERS,18,1545907.89,85883.77166666667,0.0,-0.1044609887178604,0.2222222222222222,False,63.488618827160494,Medium,,
CALDER CONFERENCES,63,26836125.67,425970.2487301588,0.0158730158730158,-0.113852405183986,0.0158730158730158,True,63.4837962962963,Medium,1.0,552.0
MEADOWS MEDICAL PRACTICE,11,865289.92,78662.72,0.0,-0.0675035982633959,0.0909090909090909,False,63.4741512345679,Medium,,
MID YORKSHIRE HOSPITALS NHS TRUST,729,503572043.95,690770.9793552812,0.0,-0.1099377291601763,0.2716049382716049,True,63.43557098765432,Medium,8.0,61.0
GLOUCESTERSHIRE HEALTH AND CARE NHS FOUNDATION TRUST,357,74278157.45,208062.0656862745,0.0028011204481792,-0.1462769285333657,0.2464985994397759,True,63.42592592592592,Medium,5.0,91.0
NHS WEST SUSSEX CCG,18,8927450.13,495969.4516666667,0.0,-0.0949002413505097,0.1666666666666666,False,63.406635802469125,Medium,2.0,317.0
COUNTY DURHAM & DARLINGTON NHS FOUNDATION TRUST,659,308683539.2,468412.04734446126,0.0,-0.1148263506490381,0.3277693474962064,True,63.329475308641975,Medium,2.0,317.0
CABINET OFFICE,76,26123688.79,343732.7472368421,0.0131578947368421,-0.1396223713744417,0.1710526315789473,True,63.30536265432099,Medium,1.0,552.0
ORCHARD PRACTICE,10,837356.0599999999,83735.606,0.0,-0.0752749354992905,0.1,False,63.300540123456784,Medium,,
NEWPORT PAGNELL MEDICAL CENTRE,9,415315.75,46146.194444444445,0.1111111111111111,-0.1019511712295895,0.0,False,63.21373456790123,Medium,,
MAYWOOD HEALTHCARE CENTRE,17,2298522.56,135207.20941176472,0.0,-0.0981801932431417,0.1764705882352941,False,63.18479938271605,Medium,,
JOHN WHITE PM LTD,9,586703.87,65189.31888888889,0.0,-0.0819186435768676,0.1111111111111111,False,63.18479938271605,Medium,,
UNIVERSITY HOSPITALS OF MORECAMBE BAY NHS FOUNDATION TRUST,758,374062032.74,493485.5313192613,0.0,-0.1112872058397761,0.2796833773087071,True,63.16550925925925,Medium,1.0,552.0
DR I NEOMAN,18,2254700.84,125261.15777777776,0.0555555555555555,-0.1362152780175084,0.1111111111111111,False,63.12210648148148,Medium,,
ST PETERS SURGERY,13,728806.62,56062.04769230769,0.0769230769230769,-0.099418608801795,0.0,False,63.088348765432094,Medium,,
DR VENABLES & PARTNERS,14,1359908.38,97136.31285714284,0.0,-0.1050081505276046,0.2142857142857142,False,63.04976851851851,Medium,,
BSBMT,13,962221.39,74017.03,0.0,-0.0936570015156267,0.1538461538461538,False,63.04494598765432,Medium,1.0,552.0
NHS DUDLEY CCG,11,3928343.28,357122.11636363633,0.0,-0.1216681306608685,0.4545454545454545,False,63.02083333333333,Medium,2.0,317.0
EAST SUSSEX HEALTHCARE NHS TRUST,625,482679956.69,772287.9307039999,0.0,-0.112615991371387,0.2896,True,62.98225308641975,Medium,5.0,91.0
PHILIPS ELECTRONICS UK LTD,8,325034.36,40629.295,0.0,-0.0872129817121543,0.125,False,62.938850308641975,Medium,,
DR ANNE DE GAY,12,1738262.46,144855.205,0.0,-0.0968291798166642,0.1666666666666666,False,62.93402777777777,Medium,,
DR J S SAMPSON & PARTNERS,13,1048661.84,80666.2953846154,0.0,-0.0942785219968923,0.1538461538461538,False,62.89062499999999,Medium,,
HARROGATE & DISTRICT NHS FOUNDATION NHS TRUST,780,212156805.89,271995.9049871795,0.0,-0.1131667327013524,0.2897435897435897,True,62.779706790123456,Medium,5.0,91.0
ENGINE PARTNERS UK LLP,7,646340.0,92334.28571428572,0.0,-0.1126446790849405,0.2857142857142857,False,62.770061728395056,Medium,,
UNIVERSITY OF CHICHESTER,6,497184.38,82864.06333333334,0.0,-0.0976139695382372,0.1666666666666666,False,62.750771604938265,Medium,,
BARINGA PARTNERS LLP,77,18565146.8,241105.8025974026,0.0129870129870129,-0.1424709304495892,0.1818181818181818,False,62.73148148148148,Medium,,
NORTH CUMBRIA INTEGRATED CARE NHS FOUNDATION TRUST,642,383722966.79,597699.3252180686,0.0,-0.1129740688478139,0.2866043613707165,True,62.71219135802468,Medium,5.0,91.0
HAXBY GROUP PRACTICE,24,1085489.08,45228.71166666667,0.0833333333333333,-0.1272688699015637,0.0416666666666666,False,62.70254629629629,Medium,3.0,221.0
NHS SUSSEX ICB,60,24384799.45,406413.32416666666,0.0166666666666666,-0.1557017617412821,0.2833333333333333,False,62.6977237654321,Medium,3.0,221.0
NHS NORTH CENTRAL LONDON CCG,80,36149504.21,451868.802625,0.0125,-0.1489054229715359,0.225,True,62.69772376543209,Medium,2.0,317.0
BARKING HAVERING&REDBRIDGE HOSPITALS NHS TRUST,52,47583523.06,915067.7511538462,0.0192307692307692,-0.155085490046866,0.2692307692307692,False,62.60609567901234,Medium,,
PARKWOOD FAMILY PRACTICE,11,729220.64,66292.78545454546,0.0,-0.0755730446087158,0.0909090909090909,False,62.58680555555554,Medium,8.0,61.0
HEREFORDSHIRE & WORCESTERSHIRE HEALTH & CARE NHS TRUST,65,29723407.48,457283.192,0.0153846153846153,-0.1438806526906893,0.1846153846153846,False,62.57716049382715,Medium,5.0,91.0
IVRY STREET MEDICAL PRACTICE,14,883052.94,63075.21,0.0714285714285714,-0.1007518497971502,0.0,False,62.55304783950616,Medium,,
HEALTH INTELLIGENCE LTD,608,123364513.73,202902.1607401316,0.006578947368421,-0.120437281046038,0.0575657894736842,False,62.54822530864196,Medium,,
AKHTER COMPUTERS LTD,19,1888982.9,99420.15263157894,0.0,-0.0835388384904352,0.1052631578947368,False,62.53375771604938,Medium,,
COMBE DOWN SURGERY,13,1279643.04,98434.08,0.0,-0.0682733697935606,0.0769230769230769,False,62.528935185185176,Medium,,
POSITIVE SOLUTIONS LTD,7,793300.0,113328.57142857143,0.0,-0.122664041902682,0.4285714285714285,False,62.50964506172839,Medium,,
NORTHAMPTON GENERAL HOSPITAL NHS TRUST,590,419059710.95,710270.6965254237,0.0,-0.1152819270045768,0.3016949152542373,True,62.4903549382716,Medium,2.0,317.0
KALEIDOSCOPE HEALTH & CARE CIC,7,323725.6,46246.514285714286,0.0,-0.0935889577347715,0.1428571428571428,False,62.46141975308642,Medium,1.0,552.0
DR HOLLANDS & PARTNERS,15,1420063.42,94670.89466666666,0.0,-0.0914349020690152,0.1333333333333333,False,62.45659722222222,Medium,,
NATIONAL AUTISTIC SOCIETY,22,4826348.78,219379.49,0.0,-0.1246878631124157,0.6363636363636364,False,62.45177469135802,Medium,0.0,590.0
CDW,27,1761847.97,65253.62851851852,0.0,-0.0950167642276074,0.1481481481481481,True,62.44695216049382,Medium,1.0,552.0
PRIVATE PUBLIC LTD,13,644196.69,49553.59153846154,0.0,-0.0690737247973584,0.0769230769230769,False,62.42283950617284,Medium,,
NHS NEWCASTLE GATESHEAD CCG,29,9676252.01,333663.8624137931,0.0,-0.1189394407747966,0.3448275862068966,True,62.41319444444444,Medium,2.0,317.0
GRAINGER MEDICAL GROUP,30,5804868.74,193495.62466666667,0.0333333333333333,-0.1271965770829895,0.0666666666666666,False,62.40354938271605,Medium,,
NHS BRADFORD CITY CCG,5,244374.15,48874.83,0.0,-0.1048686033707669,0.2,True,62.39390432098765,Medium,2.0,317.0
EPSOMEDICAL LTD,6,762081.0,127013.5,0.0,-0.0991994023894279,0.1666666666666666,False,62.34567901234567,Medium,,
NHS CENTRAL LONDON (WESTMINSTER) CCG,17,7382604.44,434270.8494117647,0.0,-0.1195323373628726,0.3529411764705882,False,62.33603395061728,Medium,,
MENTAL HEALTH INNOVATIONS,12,566955.8,47246.31666666667,0.0,-0.0738427401361416,0.0833333333333333,False,62.33603395061728,Medium,0.0,590.0
COLNE HOUSE,13,555746.26,42749.71230769231,0.0769230769230769,-0.1025553211796903,0.0,False,62.316743827160494,Medium,,
CAXTON SURGERY,13,963870.94,74143.91846153846,0.0,-0.0968128390550321,0.1538461538461538,False,62.25405092592592,Medium,,
DIABETES UK,27,1555807.3,57622.49259259259,0.037037037037037,-0.1225021679622929,0.037037037037037,False,62.16242283950616,Medium,0.0,590.0
NORTH TEES & HARTLEPOOL NHS FOUNDATION TRUST,584,242345191.88,414974.64363013697,0.0,-0.1194900410311384,0.3339041095890411,True,62.15277777777777,Medium,2.0,317.0
COMPUTACENTER (UK) LTD,218,81136578.4286084,372186.1395807725,0.0045871559633027,-0.147030029652892,0.2064220183486238,False,62.14313271604938,Medium,,
HARESFIELD SURGERY,8,1310604.44,163825.555,0.125,-0.1062222897435862,0.0,False,62.13831018518518,Medium,,
RICHARD TAMLYN LTD,13,495682.8,38129.44615384616,0.0,-0.0972298170497263,0.1538461538461538,False,62.13831018518518,Medium,,
BOSTON CONSULTING GROUP UK LLP,14,4731176.0,337941.14285714284,0.0,-0.0948939364690128,0.1428571428571428,False,62.13348765432099,Medium,,
HERTFORDSHIRE COMMUNITY NHS TRUST,317,126908024.27,400340.7705678233,0.0031545741324921,-0.1428730485760279,0.1829652996845426,True,62.04668209876543,Medium,5.0,91.0
DARWEN HEALTH CARE,11,583931.1,53084.645454545454,0.0909090909090909,-0.1046151148959835,0.0,False,62.02739197530864,Medium,,
BG HEALTH & GRANTON MEDICAL CENTRE,13,2276214.67,175093.43615384615,0.0,-0.0731739677044374,0.0769230769230769,False,62.01774691358024,Medium,,
DR KA SUBRAMANIAN,10,1359214.3,135921.43,0.1,-0.1051746845617099,0.0,False,62.00810185185185,Medium,,
HEACHAM GROUP PRACTICE,8,623985.6,77998.2,0.0,-0.0915886175705552,0.125,False,61.97434413580247,Medium,,
INNOVATE UK,10,2943678.68,294367.868,0.0,-0.1233140733762153,0.4,False,61.97434413580247,Medium,,
WAKEFIELD COUNCIL,37,17780129.17,480544.0316216217,0.027027027027027,-0.0950259779374498,0.0,False,61.969521604938265,Medium,0.0,590.0
DR FRITH & PTRS,12,454027.1,37835.59166666667,0.0833333333333333,-0.1042282813507869,0.0,False,61.92129629629629,Medium,,
SOFTWARE BOX LTD,19,2413655.33,127034.49105263158,0.0,-0.1084158763923725,0.2105263157894736,False,61.9164737654321,Medium,,
NORTH MIDDLESEX UNIVERSITY HOSPITAL NHS TRUST,586,447372713.26,763434.6642662116,0.0,-0.1144496302136473,0.2781569965870307,True,61.853780864197525,Medium,2.0,317.0
NATIONAL CHILDRENS BUREAU,19,1092228.26,57485.69789473684,0.0,-0.1129369354467275,0.2631578947368421,True,61.83931327160494,Medium,0.0,590.0
DR CHARLES & PTRS,16,1121908.72,70119.295,0.0,-0.0923258117532385,0.125,False,61.83931327160494,Medium,,
DR A R EMERSON & PARTNERS,11,752256.56,68386.96,0.0,-0.081315892612662,0.0909090909090909,False,61.83449074074073,Medium,,
READESMOOR MEDICAL GROUP,10,638018.85,63801.885,0.0,-0.0854142261053515,0.1,False,61.82484567901234,Medium,,
ROYAL BERKSHIRE NHS FOUNDATION TRUST,677,568284006.98,839415.0767799114,0.0,-0.1109817113445271,0.2348596750369276,True,61.795910493827165,Medium,,
AKESO & COMPANY LTD,7,535425.0,76489.28571428571,0.0,-0.0965202352825911,0.1428571428571428,False,61.72839506172839,Medium,,
BIRMINGHAM COMMUNITY HEALTHCARE NHS FOUNDATION TRUST,499,362003252.97,725457.4207815632,0.0,-0.1192077485204094,0.3246492985971944,True,61.68981481481481,Medium,5.0,91.0
HORDER HEALTHCARE,46,23442153.26,509612.0273913044,0.0217391304347826,-0.130914848033637,0.0869565217391304,False,61.62712191358025,Medium,,
ACCURX LTD,59,21329415.74,361515.5210169492,0.0169491525423728,-0.1301061278413531,0.0847457627118644,False,61.60300925925925,Medium,,
WHITTINGTON HOSPITAL NHS TRUST (THE),456,239521970.97,525267.4801973684,0.0,-0.1253018226037982,0.4276315789473684,False,61.60300925925925,Medium,,
DE PARYS GROUP,21,1625365.54,77398.35904761904,0.0,-0.0970757356830064,0.1428571428571428,False,61.58371913580247,Medium,,
EXCEL PRIMARY CARE,11,716452.6,65132.05454545454,0.0,-0.0825766886961444,0.0909090909090909,False,61.57407407407406,Medium,,
DR SN MEDLEY & PARTNERS,11,2332815.02,212074.09272727277,0.0909090909090909,-0.1062664941215322,0.0,False,61.49691358024691,Medium,,
HEATH LANE SURGERY,13,940758.15,72366.01153846153,0.0,-0.100166780918397,0.1538461538461538,False,61.463155864197525,Medium,,
DR A M PRESS & PARTNERS,13,989308.08,76100.62153846154,0.0769230769230769,-0.1051020716377331,0.0,False,61.45833333333333,Medium,,
DELAMERE CENTRE,10,633972.38,63397.238,0.0,-0.0877132075335742,0.1,False,61.38117283950617,Medium,,
JAMES STREET FAMILY PRACTICE,24,1968264.85,82011.03541666667,0.0,-0.1097502707918644,0.2083333333333333,False,61.36188271604938,Medium,,
NHS SOUTH EASTERN HAMPSHIRE CCG,26,7430578.91,285791.49653846154,0.0384615384615384,-0.1324677871216489,0.0769230769230769,False,61.29436728395062,Medium,,
NHS WEST LONDON (K&C & QPP) CCG,6,2103011.89,350501.9816666667,0.0,-0.1213224417358634,0.3333333333333333,False,61.28472222222222,Medium,,
OAKLANDS HEALTH CENTRE,20,1022725.93,51136.2965,0.0,-0.0884745413761088,0.1,False,61.23649691358024,Medium,,
NHS NEWHAM CCG,21,5423594.34,258266.39714285717,0.0476190476190476,-0.1465347314992778,0.1428571428571428,True,61.20756172839506,Medium,1.0,552.0
NHS NORTH STAFFORDSHIRE CCG,17,3157401.27,185729.48647058825,0.0,-0.1227481175095489,0.3529411764705882,False,61.19791666666666,Medium,,
NHS HEREFORDSHIRE AND WORCESTERSHIRE CCG,35,18283975.68,522399.30514285713,0.0,-0.125623676077006,0.4,True,61.17380401234568,Medium,2.0,317.0
CREFFIELD MEDICAL CENTRE,15,730953.09,48730.206,0.0,-0.0739115389609836,0.0666666666666666,False,61.17380401234567,Medium,2.0,317.0
ST GEORGES UNIVERSITY OF LONDON,13,9764069.44,751082.2646153846,0.0,-0.1249838244820898,0.3846153846153846,False,61.14004629629629,Medium,,
ICE CREATES LTD,7,302050.0,43150.0,0.0,-0.0989869459869049,0.1428571428571428,False,61.1304012345679,Medium,,
RSM UK CONSULTING LLP,29,2441520.38,84190.35793103448,0.0,-0.1249208025564185,0.3793103448275862,False,61.10146604938272,Medium,,
GRANGE PRACTICE (THE),17,944473.85,55557.285294117646,0.0588235294117647,-0.1041943221962668,0.0,False,61.05324074074074,Medium,,
SUTTON VALENCE SURGERY,18,1628047.4,90447.07777777775,0.0,-0.1041025799035303,0.1666666666666666,False,61.04359567901234,Medium,,
INSIGHT EXECUTIVE GROUP LTD,15,6240207.51,416013.834,0.0666666666666666,-0.1051942939845393,0.0,False,61.00983796296296,Medium,,
VERNOVA HEALTHCARE CIC,13,862566.18,66351.24461538462,0.0,-0.0816385227581129,0.0769230769230769,False,60.92785493827161,Medium,,
DIGITAL SPACE CLOUD SERVICES LTD,5,264762.0,52952.4,0.0,-0.1093977971087118,0.2,False,60.92785493827161,Medium,,
HARDWICKE HOUSE GROUP PRACTICE,12,665394.12,55449.51,0.0,-0.0839519223894777,0.0833333333333333,False,60.91820987654321,Medium,,
HEALTH ASSURED LTD,13,521860.91,40143.14692307693,0.0,-0.0817744389741314,0.0769230769230769,False,60.889274691358025,Medium,,
INHEALTH INTELLIGENCE LTD,588,151000744.38,256803.9870408163,0.0017006802721088,-0.118377709328534,0.0170068027210884,False,60.879629629629626,Medium,,
VASSALL MEDICAL CENTRE,17,2831121.96,166536.58588235293,0.0,-0.0946739202704732,0.1176470588235294,False,60.86516203703704,Medium,,
BILLINGSHURST SURGERY,14,782832.23,55916.587857142855,0.0714285714285714,-0.1066290296160344,0.0,False,60.80729166666666,Medium,2.0,317.0
SKILLS FOR CARE LTD,15,1583187.26,105545.81733333334,0.0,-0.0982668589931938,0.1333333333333333,False,60.76871141975308,Medium,,
FARMER & PARTNERS,9,558714.65,62079.40555555556,0.1111111111111111,-0.1097201168589525,0.0,False,60.763888888888886,Medium,3.0,221.0
AGFA FINANCE UK,27,1249615.1,46282.04074074075,0.0,-0.115920450033411,0.2592592592592592,False,60.73495370370371,Medium,1.0,552.0
DR P LUTHRA,14,1244004.94,88857.49571428572,0.0,-0.1116868877783952,0.2142857142857142,False,60.70601851851851,Medium,,
DR RJ SALUJA,10,502362.04,50236.204000000005,0.0,-0.090654060682927,0.1,False,60.69637345679012,Medium,,
CH MEDICAL,12,683193.66,56932.805,0.0,-0.1051201211818914,0.1666666666666666,False,60.68672839506172,Medium,,
SOVEREIGN HEALTH PARTNERSHIP (J82154),9,454488.06,50498.67333333333,0.0,-0.0942175691417118,0.1111111111111111,False,60.60956790123456,Medium,,
SADDLEWORTH MEDICAL PRACTICE,12,649559.75,54129.97916666666,0.0,-0.1054591812947981,0.1666666666666666,False,60.59992283950618,Medium,,
NAILSEA FAMILY PRACTICE,34,2125465.31,62513.6855882353,0.0294117647058823,-0.1253695196851524,0.0294117647058823,False,60.58063271604938,Medium,,
LANGPORT SURGERY,12,929672.15,77472.67916666667,0.0833333333333333,-0.1087297070137753,0.0,False,60.57098765432099,Medium,,
NOTTINGHAMSHIRE COUNTY COUNCIL,12,756013.0,63001.083333333336,0.0,-0.1057833577417906,0.1666666666666666,False,60.55169753086419,Medium,5.0,91.0
NHS TELFORD & WREKIN CCG,26,3863009.1,148577.27307692307,0.0384615384615384,-0.1548299396255523,0.1923076923076923,False,60.51793981481481,Medium,,
HOPE HOUSE SURGERY,17,2336402.76,137435.45647058822,0.0,-0.1199662912714367,0.2941176470588235,False,60.513117283950606,Medium,2.0,317.0
AUDITDATA LTD,10,98593.2,9859.32,0.1,-0.1099826121303979,0.0,False,60.48418209876543,Medium,,
DELOITTE LLP,327,49652178.61,151841.52480122325,0.0061162079510703,-0.1487544232245505,0.1834862385321101,False,60.48418209876543,Medium,,
PADIHAM GROUP PRACTICE,11,985895.62,89626.87454545454,0.0,-0.0887533326825308,0.0909090909090909,False,60.47453703703704,Medium,,
POLICE & CRIME COMMISSIONER FOR SUFFOLK,17,3281461.46,193027.14470588235,0.0,-0.0963186968282704,0.1176470588235294,False,60.45042438271604,Medium,,
SELE MEDICAL PRACTICE,23,1963436.26,85366.79391304348,0.0,-0.1075664226001781,0.1739130434782608,False,60.42148919753086,Medium,,
HERTFORDSHIRE PARTNERSHIP NHS FOUNDATION TRUST,272,322696554.11,1186384.390110294,0.0,-0.1264794541545484,0.3713235294117647,True,60.39737654320987,Medium,,
WIRRAL UNIVERSITY TEACHING HOSPITAL NHS FOUNDATION TRUST,586,280251012.78,478244.0491126279,0.0,-0.120671067903336,0.2986348122866894,True,60.38773148148148,Medium,1.0,552.0
DUDLEY GROUP HOSPITALS NHS FOUNDATION TRUST,586,398694751.01,680366.4693003413,0.0,-0.1155755630277244,0.2491467576791808,True,60.32986111111112,Medium,,
NORTH EAST AMBULANCE SERVICE NHS FOUNDATION TRUST,47,28990429.35,616817.6457446809,0.0,-0.1187465838225308,0.2765957446808511,True,60.30574845679012,Medium,3.0,221.0
TALBOT MEDICAL CENTRE,12,685292.98,57107.74833333333,0.0833333333333333,-0.1094764614862658,0.0,False,60.26234567901234,Medium,,
NHS NORTH TYNESIDE CCG,29,4751333.34,163839.08068965518,0.0,-0.1154104074768523,0.2413793103448276,True,60.21412037037037,Medium,2.0,317.0
DR I TIMSON & PARTNER,15,1331145.0,88743.0,0.0,-0.1006503218832313,0.1333333333333333,False,60.20929783950617,Medium,,
STANMORE MEDICAL GROUP,25,2114073.96,84562.9584,0.0,-0.1114320917147302,0.2,False,60.136959876543216,Medium,3.0,221.0
MALTHOUSE SURGERY,13,729272.28,56097.86769230769,0.0,-0.0862131712952527,0.0769230769230769,False,60.11766975308642,Medium,,
HICOM TECHNOLOGY LTD,18,10030402.15,557244.5638888889,0.0,-0.1247274886426017,0.3333333333333333,False,60.11766975308642,Medium,,
NORTHERN LINCOLNSHIRE AND GOOLE HOSPITALS NHS FOUNDATION TRUST,540,268666068.88,497529.7571851852,0.0,-0.1223798420433111,0.3055555555555556,True,60.09355709876543,Medium,1.0,552.0
KEY MEDICAL PRACTICE,14,869293.38,62092.38428571429,0.0,-0.0841181458843349,0.0714285714285714,False,60.07908950617283,Medium,8.0,61.0
NORTHUMBERLAND HOUSE SURGERY,13,866061.1,66620.0846153846,0.0,-0.0864140393395732,0.0769230769230769,False,60.03086419753086,Medium,,
BROOKSIDE HEALTH CENTRE,15,598968.33,39931.222,0.0666666666666666,-0.1085653166862724,0.0,False,60.02604166666666,Medium,,
MEDWAY NHS FOUNDATION TRUST,680,386480728.75,568354.0128676471,0.0,-0.1163002992477488,0.2455882352941176,True,60.02121913580245,Medium,,
DR MORGAN & PARTNERS,17,1032424.84,60730.87294117647,0.0,-0.1091369346294482,0.1764705882352941,False,59.99228395061728,Medium,,
THORNDIKE CENTRE,10,807891.6599999999,80789.166,0.0,-0.1116838438746979,0.2,False,59.982638888888886,Medium,,
NHS PORTSMOUTH CCG,19,2552829.84,134359.46526315788,0.0,-0.1186728520229085,0.2631578947368421,False,59.86207561728395,Medium,,
PINNACLE HEALTH PARTNERSHIP LLP,10,493360.02,49336.002,0.0,-0.0940624215402774,0.1,False,59.84760802469136,Medium,,
HOSPITAL SERVICES LTD,7,263781.52,37683.07428571429,0.0,-0.1038113109362422,0.1428571428571428,False,59.82831790123457,Medium,,
SURREY AND SUSSEX HEALTHCARE NHS TRUST,521,272535409.57,523100.59418426105,0.0,-0.1238777868831916,0.3147792706333973,True,59.82831790123457,Medium,,
ROYAL DEVON AND EXETER NHS FOUNDATION TRUST,387,513569919.47,1327054.0554780362,0.0,-0.1205501591770599,0.2816537467700258,True,59.81867283950616,Medium,0.0,590.0
JEZIERSKI & PARTNERS,19,1598748.91,84144.67947368421,0.0,-0.1065847072055448,0.1578947368421052,False,59.7608024691358,Medium,,
DRAEGER MEDICAL UK LTD,9,496762.03,55195.78111111111,0.0,-0.0976673478325316,0.1111111111111111,False,59.73186728395061,Medium,,
ASHFORD & ST PETERS HOSPITALS NHSFT,725,291932480.87,402665.4908551724,0.0,-0.1166787999351322,0.2386206896551724,True,59.72222222222221,Medium,1.0,552.0
UNIVERSITY OF EAST LONDON,15,4859180.83,323945.3886666667,0.0666666666666666,-0.1387569162970348,0.0666666666666666,False,59.68846450617284,Medium,,
ROYAL COLLEGE OF PHYSICIANS,26,2054399.04,79015.3476923077,0.0,-0.1322822589420547,0.6153846153846154,False,59.645061728395056,Medium,0.0,590.0
LIVERPOOL HEART AND CHEST HOSPITAL NHS TRUST,10,31537923.34,3153792.334,0.0,-0.1294576955694304,0.4,False,59.64023919753086,Medium,,
NHS SHEFFIELD CCG,33,13374764.72,405295.90060606063,0.0,-0.1291608568263209,0.3939393939393939,False,59.63541666666667,Medium,1.0,552.0
HARLOW PRINTING LTD,48,5107027.99,106396.41645833332,0.0,-0.1179353565174558,0.25,False,59.63541666666666,Medium,,
SURVIVORSUK LTD,14,473223.0,33801.642857142855,0.0,-0.0868295348643874,0.0714285714285714,False,59.59683641975308,Medium,,
BUTE HOUSE MEDICAL PRACTICE,14,804144.36,57438.88285714285,0.0,-0.0869269906234186,0.0714285714285714,False,59.58719135802468,Medium,,
INOVUS LTD,5,37168.8,7433.76,0.2,-0.1159506768114123,0.0,False,59.510030864197525,Medium,,
BALANCE STREET PRACTICE,40,4723206.18,118080.1545,0.025,-0.1301320535686214,0.05,False,59.50038580246914,Medium,3.0,221.0
NHS NORTHUMBERLAND CCG,20,6005960.32,300298.016,0.0,-0.0955034211087045,0.1,True,59.47145061728395,Medium,2.0,317.0
HEALTHY YOU LTD,8,362005.0,45250.625,0.0,-0.1019320928427191,0.125,False,59.40875771604938,Medium,,
SHIRE PHARMACEUTICALS LTD,10,286505.0,28650.5,0.1,-0.1123798028235887,0.0,False,59.403935185185176,Medium,,
NHS MID ESSEX CCG,24,9100328.11,379180.3379166666,0.0,-0.1146877538708639,0.2083333333333333,False,59.394290123456784,Medium,2.0,317.0
DARTFORD AND GRAVESHAM NHS TRUST,560,294035559.55,525063.4991964286,0.0,-0.1211260836938401,0.275,True,59.3653549382716,Medium,,
NDTI,16,1099169.6,68698.1,0.0,-0.1187553116542093,0.25,False,59.3653549382716,Medium,0.0,590.0
UNIVERSITY OF KENT,18,8212042.68,456224.5933333333,0.0,-0.1324071261909769,0.5,False,59.33159722222222,Medium,,
TROWBRIDGE HEALTH CENTRE,14,708628.28,50616.305714285714,0.0,-0.0886091047811018,0.0714285714285714,False,59.29783950617283,Medium,,
STROKE ASSOCIATION,9,687635.81,76403.9788888889,0.0,-0.1162387666022728,0.2222222222222222,False,59.29301697530864,Medium,0.0,590.0
MOORHOUSE CONSULTING LTD,87,10113442.27,116246.4628735632,0.0114942528735632,-0.1484935225941147,0.1494252873563218,False,59.211033950617285,Medium,,
CONISBROUGH GROUP PRACTICE,12,688438.96,57369.91333333333,0.0,-0.0925059535556256,0.0833333333333333,False,59.172453703703695,Medium,,
LIVERPOOL WOMENS HOSPITAL NHS FOUNDATION TRUST,163,190720796.85,1170066.2383435585,0.0,-0.1321885622228736,0.4417177914110429,False,59.1628086419753,Medium,,
COOLMED LTD,8,1016524.98,127065.6225,0.0,-0.1030308686997318,0.125,False,59.10011574074073,Medium,,
ROTHERHAM NHS FOUNDATION TRUST,477,181171902.01,379815.30819706497,0.0,-0.1320791052282015,0.4171907756813417,True,59.01813271604938,Medium,5.0,91.0
WALSALL HEALTHCARE NHS TRUST,450,217602758.01,483561.68446666666,0.0,-0.1270158533146966,0.3222222222222222,True,59.00848765432099,Medium,,
WOKINGHAM MEDICAL CENTRE,15,828270.0,55218.0,0.0666666666666666,-0.1112712977030498,0.0,False,58.9747299382716,Medium,,
NHS REDBRIDGE CCG,18,6242890.19,346827.2327777778,0.0,-0.1171032660744764,0.2222222222222222,True,58.9650848765432,Medium,2.0,317.0
DR I AHMED & PARTNER,12,722430.9199999999,60202.57666666666,0.0,-0.093449504004645,0.0833333333333333,False,58.91203703703703,Medium,,
UNIVERSITY OF READING,24,6888929.45,287038.72708333336,0.0,-0.1322636491162972,0.4166666666666667,False,58.902391975308646,Medium,0.0,590.0
ARDEN HOUSE MEDICAL PRACTICE,19,1861982.37,97999.07210526316,0.0,-0.1092781324848185,0.1578947368421052,False,58.89274691358024,Medium,,
CARN TO COAST HEALTH CENTRES,37,3984014.14,107676.05783783784,0.0,-0.1305591288452577,0.3783783783783784,False,58.87827932098765,Medium,,
ST CHADS SURGERY,20,1482132.73,74106.6365,0.0,-0.1083730895468898,0.15,False,58.844521604938265,Medium,,
GROUP PRACTICE SURGERY - DR STRINGER & PARTNERS,11,1105724.72,100520.42909090908,0.0909090909090909,-0.1133806324279463,0.0,False,58.844521604938265,Medium,,
OXFORD TERRACE & RAWLING ROAD MEDICAL GROUP,27,1823974.15,67554.59814814814,0.037037037037037,-0.139116197450463,0.074074074074074,False,58.82523148148147,Medium,2.0,317.0
VOCARE LTD,34,32020460.32,941778.2447058824,0.0294117647058823,-0.1071369946080183,0.0,False,58.82040895061728,Medium,,
DR TATE & PARTNERS,5,557939.23,111587.846,0.0,-0.1147636348752096,0.2,False,58.81558641975309,Medium,,
SIDCUP MEDICAL CENTRE,14,1007646.62,71974.75857142857,0.0,-0.0909035855894039,0.0714285714285714,False,58.76736111111111,Medium,,
FORDINGBRIDGE SURGERY,19,1224358.8,64439.936842105264,0.0,-0.1004217255038136,0.1052631578947368,False,58.76253858024691,Medium,,
HOSPITAL METALCRAFT LTD,7,172476.98,24639.56857142857,0.0,-0.1074418146725827,0.1428571428571428,False,58.72878086419753,Medium,,
OAKFIELD SURGERY AYLESBURY,18,1838074.22,102115.23444444445,0.0,-0.0855823009604828,0.0555555555555555,False,58.719135802469125,Medium,,
ST JOHNS FAMILY PRACTICE,17,1971867.44,115992.20235294117,0.0,-0.1031021158980317,0.1176470588235294,False,58.71431327160494,Medium,,
DICCONSON GROUP PRACTICE,7,351820.34,50260.04857142857,0.0,-0.1074917396778359,0.1428571428571428,False,58.70949074074073,Medium,,
SIRONA CARE & HEALTH CIC,32,13827433.99,432107.3121875,0.0,-0.1271565753984122,0.3125,False,58.69020061728395,Medium,,
BIRMINGHAM 2 DOMICILIARY SPECSAVERS LTD,10,436295.17,43629.51700000001,0.1,-0.1145928403179944,0.0,False,58.63233024691357,Medium,,
BENTLEY MEDICAL PRACTICE,19,1320410.74,69495.30210526315,0.0,-0.1100141717969479,0.1578947368421052,False,58.59375,Medium,,
DR HANLON G P & PTNS,18,2143971.2,119109.51111111112,0.0,-0.10250140184317,0.1111111111111111,False,58.59374999999999,Medium,,
METANOIA INSTITUTE,10,1550906.0,155090.6,0.0,-0.1263927505867186,0.3,False,58.579282407407405,Medium,,
DR R G BUCKLEY & PARTNERS,22,1531849.79,69629.5359090909,0.0,-0.1130119012518968,0.1818181818181818,False,58.5744598765432,Medium,,
TONIC CONSULTANTS LTD,12,532383.87,44365.3225,0.0,-0.1115653489316068,0.1666666666666666,False,58.49729938271605,Medium,,
AW SURGERIES,14,713090.43,50935.03071428572,0.0,-0.108145895873335,0.1428571428571428,False,58.487654320987644,Medium,,
CHINGFORD MEDICAL PRACTICE,19,1245259.95,65539.99736842106,0.0,-0.1103321284241866,0.1578947368421052,False,58.47800925925925,Medium,,
HOME SIGHT UK LTD,20,823223.25,41161.1625,0.05,-0.1370699073072972,0.05,False,58.44425154320987,Medium,,
OAK LODGE MEDICAL CENTRE,12,703828.69,58652.39083333333,0.0,-0.1116527837074503,0.1666666666666666,False,58.43942901234567,Medium,3.0,221.0
PORTAKABIN LTD,100,21847674.59,218476.7459,0.01,-0.1550396241155534,0.18,False,58.42496141975309,Medium,,
BROADWAY HEALTH CENTRE,10,744943.94,74494.394,0.0,-0.1158659738253431,0.2,False,58.410493827160494,Medium,,
HUMBER TEACHING NHS FOUNDATION TRUST,370,298827214.5,807641.1202702703,0.0,-0.1301803439495959,0.3567567567567568,True,58.41049382716049,Medium,0.0,590.0
AMHERST MEDICAL,19,1494462.96,78655.94526315789,0.0,-0.1017111817434287,0.1052631578947368,False,58.3960262345679,Medium,,
WARDERS MEDICAL CENTRE,13,935253.44,71942.5723076923,0.0,-0.0938931401919064,0.0769230769230769,False,58.37191358024691,Medium,,
ST ANDREWS HEALTHCARE,291,331735756.63,1139985.4179725086,0.0,-0.1268271552253411,0.2989690721649484,True,58.34780092592592,Medium,,
SPINNEY TRAINING HUB CIC,13,2284850.74,175757.74923076926,0.0,-0.1276388712837366,0.3076923076923077,False,58.333333333333336,Medium,,
BEACON MEDICAL GROUP,25,2024205.65,80968.226,0.0,-0.1162237609238876,0.2,False,58.314043209876544,Medium,,
NEW VALLEY PRACTICE,7,532460.6,76065.8,0.0,-0.1087405932999035,0.1428571428571428,False,58.30439814814815,Medium,,
DR SYKES & PARTNERS,24,2947821.13,122825.88041666668,0.0,-0.1057570508330588,0.125,False,58.29957561728395,Medium,8.0,61.0
PARK ROAD SURGERY,22,2576356.68,117107.1218181818,0.0,-0.1076001785623908,0.1363636363636363,False,58.29475308641975,Medium,,
LEEDS BECKETT UNIVERSITY,12,849755.26,70812.93833333334,0.0833333333333333,-0.1144508979630501,0.0,False,58.29475308641975,Medium,,
SOCIAL FINANCE LTD,33,14652729.19,444022.0966666667,0.0,-0.0976190534174517,0.0909090909090909,False,58.28510802469136,Medium,,
SCHOFIELD & BRINDLE,15,1471458.09,98097.206,0.0,-0.0911936320818462,0.0666666666666666,False,58.28028549382715,Medium,,
MACLEOD CURRY & WARD,21,1965537.21,93597.01,0.0,-0.1148709224102518,0.1904761904761904,False,58.26099537037037,Medium,8.0,61.0
BRIDGE VIEW MEDICAL,18,910048.53,50558.25166666667,0.0555555555555555,-0.1117233529246638,0.0,False,58.25617283950617,Medium,,
DR COOPER & PARTNERS COVENTRY,12,628683.6,52390.3,0.0,-0.1119353100845759,0.1666666666666666,False,58.25617283950616,Medium,,
ROSEVILLA SURGERY,41,2022597.45,49331.64512195122,0.024390243902439,-0.1434934632265822,0.0975609756097561,False,58.251350308641975,Medium,,
DOLPHIN HOUSE SURGERY,16,871869.59,54491.849375,0.0,-0.0900856857893519,0.0625,False,58.222415123456784,Medium,,
G4S SECURE SOLUTIONS (UK) LTD,28,4652488.48,166160.30285714287,0.0714285714285714,-0.11341471597929,0.0,False,58.21277006172839,Medium,,
NHS LIVERPOOL CCG,65,15929617.64,245071.0406153846,0.0153846153846153,-0.1638795023401379,0.2153846153846154,False,58.203125,Medium,1.0,552.0
UNIVERSITY OF WARWICK,21,2874907.6,136900.3619047619,0.0,-0.1208122793522772,0.238095238095238,False,58.203125,Medium,,
SOUTHERN HEALTH NHS FOUNDATION TRUST,507,256747550.14,506405.42433925055,0.0,-0.1287528547849919,0.3155818540433925,True,58.12114197530864,Medium,0.0,590.0
CHESHIRE AND WIRRAL PARTNERSHIP NHS FOUNDATION TRUST,234,150103013.56,641465.86991453,0.0,-0.1353283096780053,0.4358974358974359,True,58.04398148148148,Medium,0.0,590.0
DR GRAVESTOCK N G & PTNS,15,1801311.98,120087.46533333333,0.0,-0.1077839107428179,0.1333333333333333,False,58.03915895061728,Medium,,
COMMUNITY PHARMACY HUMBER,5,175600.0,35120.0,0.0,-0.1342506605572851,0.4,False,58.019868827160494,Medium,,
DR HUGHES & PARTNERS BIRTLEY,14,579605.06,41400.36142857144,0.0714285714285714,-0.1141294517634052,0.0,False,57.9909336419753,Medium,,
ASPEN HEALTHCARE LTD,88,67298864.69,764759.8260227273,0.0,-0.135037579417898,0.4204545454545454,False,57.96682098765432,Medium,,
NHS NORTH DURHAM CCG,12,2041974.17,170164.51416666666,0.0,-0.1350366982903769,0.4166666666666667,False,57.92824074074074,Medium,2.0,317.0
MIDDLEWOOD PARTNERSHIP,21,1053720.9,50177.18571428571,0.0,-0.1099511915833898,0.1428571428571428,False,57.860725308641975,Medium,,
OASIS DENTAL CARE LTD,13,420157.64,32319.818461538463,0.0769230769230769,-0.1152219812099143,0.0,False,57.84143518518518,Medium,,
NHS BLOOD & TRANSPLANT,505,63249875.71,125247.27863366336,0.0019801980198019,-0.1373708625850547,0.0811881188118811,True,57.8125,Medium,0.0,590.0
NHS SOUTH TYNESIDE CCG,15,2925168.04,195011.20266666668,0.0,-0.0932986087219573,0.0666666666666666,True,57.798032407407405,Medium,2.0,317.0
SHERWOOD FOREST HOSPITALS NHS FOUNDATION TRUST,493,233875324.18,474392.13829614606,0.0,-0.1267180021443601,0.281947261663286,True,57.7932098765432,Medium,2.0,317.0
DR BENNETT & PARTNERS,11,623814.5,56710.40909090909,0.0,-0.1000263149720748,0.0909090909090909,False,57.764274691358025,Medium,,
BYTES SOFTWARE SERVICES LTD,50,29144856.58,582897.1316000001,0.0,-0.1151590757421383,0.18,False,57.75945216049383,Medium,,
NEWBURY STREET PRACTICE,13,762657.88,58665.99076923077,0.0,-0.0963575252872209,0.0769230769230769,False,57.75462962962963,Medium,,
GE HEALTHCARE FINNAMORE LTD,119,5494456.22,46171.90100840336,0.0,-0.1254050354447226,0.2689075630252101,False,57.754629629629626,Medium,,
QUEENS ROAD MEDICAL CENTRE,14,854193.8200000001,61013.84428571429,0.0,-0.1271652827446992,0.2857142857142857,False,57.74498456790123,Medium,,
HILLINGDON HOSPITALS NHS FOUNDATION TRUST,489,164205435.49,335798.4365848671,0.0,-0.1279277337892329,0.2924335378323108,True,57.68711419753086,Medium,2.0,317.0
TOTTINGTON HEALTH CENTRE,40,5763215.48,144080.387,0.0,-0.1180464536598426,0.2,False,57.629243827160494,Medium,,
SPECIALIST COMPUTER CENTRES PLC,215,39206400.32,182355.35032558136,0.0093023255813953,-0.1526245401484749,0.1488372093023255,False,57.62442129629629,Medium,,
UNIVERSITY OF CUMBRIA,21,1592836.14,75849.34000000001,0.0476190476190476,-0.138473850688296,0.0476190476190476,False,57.60030864197531,Medium,,
NOTTINGHAM CITY CARE PARTNERSHIP CIC,60,4443340.67,74055.67783333334,0.0166666666666666,-0.1450750701710934,0.1,False,57.59548611111111,Medium,,
ACCESS UK LTD,16,1562056.1,97628.50625,0.0,-0.1167608707852466,0.1875,False,57.57137345679013,Medium,,
MILTON KEYNES HOSPITAL NHS FOUNDATION TRUST,627,284540239.65,453812.1844497607,0.0,-0.1213635396335926,0.2232854864433811,True,57.56172839506173,Medium,0.0,590.0
INDIGO GENDER SERVICES LTD,23,8325376.75,361972.902173913,0.0,-0.0870849132651832,0.0434782608695652,False,57.55208333333333,Medium,,
SOUTH WARWICKSHIRE NHS FOUNDATION TRUST,531,291815092.73,549557.6134274954,0.0,-0.1286781152899635,0.2975517890772128,True,57.55208333333333,Medium,5.0,91.0
NHS LITIGATION,18,30069985.4,1670554.7444444443,0.0,-0.091032565559716,0.0555555555555555,False,57.55208333333333,Medium,,
WESTGATE PRACTICE (THE),19,773458.46,40708.34,0.0,-0.0901543260863777,0.0526315789473684,False,57.54243827160494,Medium,,
WOOD STREET HEALTH CENTRE,10,1497886.42,149788.642,0.0,-0.1031902107999163,0.1,False,57.54243827160494,Medium,,
UNIVERSITY OF CAMBRIDGE,25,12012702.17,480508.0868,0.0,-0.1302336986123539,0.32,False,57.51832561728395,Medium,,
DR P A C BAMFORD & PARTNERS,10,938614.66,93861.466,0.0,-0.1033660219142182,0.1,False,57.51350308641975,Medium,,
EASTGATE MEDICAL GROUP,11,538488.06,48953.46000000001,0.0,-0.1010481961410351,0.0909090909090909,False,57.50385802469136,Medium,,
KINGSTON HOSPITAL NHS FOUNDATION TRUST,465,188898890.4,406234.1729032258,0.0,-0.1306284248094376,0.3225806451612903,True,57.46527777777777,Medium,5.0,91.0
DHAWAN N & PARTNERS,15,960571.24,64038.08266666667,0.0,-0.0946694119594521,0.0666666666666666,False,57.460455246913575,Medium,,
IQVIA TECHNOLOGY SERVICES LTD,20,778519.45,38925.9725,0.05,-0.1130409980088806,0.0,False,57.45563271604938,Medium,,
NHS LITIGATION AUTHORITY,57,40156227.08,704495.2119298246,0.0,-0.1275187691286155,0.2807017543859649,True,57.44598765432099,Medium,1.0,552.0
SOMERSET GARDENS HEALTH CENTRE,12,1883813.97,156984.4975,0.0,-0.0995334087137765,0.0833333333333333,False,57.4170524691358,Medium,3.0,221.0
FRAMLINGHAM MEDICAL PRACTICE,7,294661.03,42094.43285714286,0.1428571428571428,-0.1198921217493541,0.0,False,57.407407407407405,Medium,,
MID CHESHIRE HOSPITALS NHS FOUNDATION TRUST,534,155646117.07,291472.1293445693,0.0,-0.1294018530599611,0.3033707865168539,True,57.38811728395062,Medium,1.0,552.0
BOLTON NHS FOUNDATION TRUST,482,216335311.35,448828.44678423234,0.0,-0.1288639053545327,0.2925311203319502,True,57.33989197530864,Medium,,
MADE TECH LTD,15,1733300.13,115553.342,0.0666666666666666,-0.1463495191770565,0.0666666666666666,False,57.28684413580247,Medium,,
DR P A JACKSON & PARTNERS,19,1080527.81,56869.884736842105,0.0,-0.1209852108263919,0.2105263157894736,False,57.248263888888886,Medium,,
PRIMARY INTEGRATED COMMUNITY SERVICES LTD,17,2347577.51,138092.79470588238,0.0,-0.1164293955791168,0.1764705882352941,False,57.2241512345679,Medium,,
NHS DARLINGTON CCG,7,828724.99,118389.28428571428,0.0,-0.1115706523944903,0.1428571428571428,True,57.2048611111111,Medium,2.0,317.0
SALISBURY MEDICAL PRACTICE,19,1457482.8,76709.62105263158,0.0,-0.0917006758812783,0.0526315789473684,False,57.18557098765432,Medium,8.0,61.0
NHS NOTTINGHAM CITY CCG,7,914418.94,130631.27714285711,0.0,-0.1285419317234635,0.2857142857142857,False,57.17592592592592,Medium,2.0,317.0
THORNABY & BARWICK MEDICAL GROUP,12,784100.78,65341.73166666667,0.0,-0.1006597440858264,0.0833333333333333,False,57.14699074074073,Medium,,
NHS DERBY & DERBYSHIRE CCG,58,20102783.97,346599.72362068965,0.0,-0.133674343893795,0.3448275862068966,True,57.11805555555556,Medium,2.0,317.0
STTHOMAS MEDICAL GROUP EXETER,22,1489251.55,67693.25227272727,0.0,-0.1110057424997761,0.1363636363636363,False,57.10841049382716,Medium,,
CANCOM UK LTD,6,594100.86,99016.81,0.0,-0.1151606191864949,0.1666666666666666,False,57.09876543209876,Medium,,
JAMES ALEXANDER FAMILY PRACTICE,14,1276907.14,91207.65285714284,0.0,-0.121758034016823,0.2142857142857142,False,57.0216049382716,Medium,,
MODALITY PARTNERSHIP,15,864581.0599999999,57638.73733333333,0.0,-0.1199415568950507,0.2,False,56.97337962962963,Medium,,
NHS EALING CCG,16,3952434.42,247027.15125,0.0,-0.1361156022413327,0.375,False,56.963734567901234,Medium,,
SOUTH WEST LONDON AND ST GEORGE`S MENTAL HEALTH NHS TRUST,419,174427565.18,416294.9049642005,0.0,-0.1348423271296698,0.3579952267303102,False,56.963734567901234,Medium,,
MEDICUS HEALTH LTD,10,657903.6,65790.36,0.0,-0.1409687194953232,1.0,False,56.94926697530864,Medium,,
STOUR SURGERY,19,1598311.7,84121.66842105263,0.0,-0.106538794044666,0.1052631578947368,False,56.93962191358024,Medium,,
CHEADLE HULME HEALTH CENTRE - DR SHIPSTON,18,1014007.74,56333.763333333336,0.0,-0.1076605625753244,0.1111111111111111,False,56.93479938271605,Medium,,
NHS SURREY HEATH CCG,14,1255609.77,89686.41214285714,0.0,-0.1348609212896425,0.3571428571428571,False,56.91550925925925,Medium,,
ANS GROUP LTD,27,8848763.06,327731.9651851852,0.0,-0.1231018581326468,0.2222222222222222,False,56.90104166666666,Medium,,
KETTERING GENERAL HOSPITAL NHS FOUNDATION TRUST,517,298577982.67,577520.2759574469,0.0,-0.1223467020107169,0.2108317214700193,True,56.857638888888886,Medium,2.0,317.0
WOODLANDS HEALTH CENTRE LONDON,5,237913.54,47582.708,0.0,-0.1203680340984651,0.2,False,56.8383487654321,Medium,,
CENTRE FOR MENTAL HEALTH,10,700683.2,70068.31999999999,0.0,-0.1053992096504214,0.1,False,56.838348765432094,Medium,0.0,590.0
PINNACLE SYSTEMS MANAGEMENT LTD,37,8907638.8,240746.9945945946,0.0,-0.1369012333108815,0.3783783783783784,False,56.8238811728395,Medium,,
ADAM HTT LTD T/A ADAM,8,349303.0,43662.875,0.0,-0.1100604958635864,0.125,False,56.8142361111111,Medium,,
GEORGE ELIOT HOSPITAL NHS TRUST,432,174667559.48,404323.0543518518,0.0,-0.1322608429604796,0.3148148148148148,True,56.80941358024691,Medium,5.0,91.0
REVOLVING DOORS AGENCY,13,470857.85,36219.83461538461,0.0,-0.1004837096324761,0.0769230769230769,False,56.79976851851852,Medium,0.0,590.0
DORSET HEALTHCARE UNIVERSITY NHS FOUNDATION TRUST,523,139891127.97,267478.25615678774,0.0,-0.1289932463996773,0.2810707456978967,True,56.79976851851852,Medium,3.0,221.0
DR MCALINDON & PARTNERS,28,2943366.47,105120.23107142858,0.0,-0.1263592471247512,0.25,False,56.79976851851852,Medium,,
PENNINE ACUTE HOSPITALS NHS TRUST,305,314170803.21,1030068.2072459016,0.0,-0.1379941721608584,0.4,True,56.77565586419753,Medium,,
JACOB & JOE LTD,40,2425779.83,60644.49575,0.025,-0.1120621237597994,0.0,False,56.70814043209876,Medium,,
WEST SUFFOLK NHS FOUNDATION TRUST,425,198968394.42,468160.9280470588,0.0,-0.1336094054196794,0.3294117647058823,True,56.69367283950617,Medium,5.0,91.0
ROCHDALE ROAD MEDICAL CENTRE,8,393428.58,49178.5725,0.0,-0.1104883365302574,0.125,False,56.67920524691357,Medium,,
HURLEY GROUP - LIBERTY BRIDGE ROAD PRACTICE,16,2643642.9,165227.68125,0.0,-0.0963671501621182,0.0625,False,56.66956018518518,Medium,,
MEDICALDIRECTOR LTD,23,1330188.25,57834.27173913043,0.0,-0.1411804908689324,0.6086956521739131,False,56.6454475308642,Medium,,
JAMES PAGET UNIVERSITY HOSPITALS NHS FOUNDATION TRUST,459,193165443.5,420839.7461873638,0.0,-0.1315785799674077,0.3028322440087146,True,56.626157407407405,Medium,5.0,91.0
SWAN SURGERY,22,1669030.74,75865.03363636363,0.0,-0.1118724224350725,0.1363636363636363,False,56.61651234567901,Medium,,
HUNTERCOMBE GROUP(THE),211,154915791.02,734198.0617061612,0.0,-0.1243683603838634,0.2274881516587677,False,56.60686728395061,Medium,,
LADIES WALK PRACTICE,15,728885.6,48592.37333333333,0.0666666666666666,-0.1176809814083875,0.0,False,56.55381944444444,Medium,,
PRINCESS ALEXANDRA HOSPITAL NHS TRUST (THE),482,232563625.01,482497.1473236514,0.0,-0.1289120041724391,0.2717842323651452,False,56.51041666666666,Medium,,
ASPIRE,13,637500.0,49038.46153846154,0.0,-0.1016525845711913,0.0769230769230769,False,56.47183641975309,Medium,,
TEES ESK & WEAR VALLEYS NHS FOUNDATION TRUST,446,245172550.23,549714.2381838565,0.0,-0.1333453124033538,0.3161434977578475,True,56.45254629629629,Medium,2.0,317.0
DR BISHOP F M & PARTNERS,16,1054359.9,65897.49375,0.0,-0.0974212995431354,0.0625,False,56.447723765432094,Medium,8.0,61.0
PROPHARMACE LTD,8,617916.66,77239.5825,0.0,-0.1418988230696031,0.75,False,56.43325617283951,Medium,,
EVERYTURN SERVICES LTD,6,949923.18,158320.53,0.0,-0.1170148321338641,0.1666666666666666,False,56.39467592592592,Medium,,
ISLE OF WIGHT NHS TRUST,536,155824987.17,290718.25964552234,0.0,-0.1313108336667369,0.291044776119403,True,56.298225308641975,Medium,1.0,552.0
COVEBERRY LTD,73,29138121.6,399152.3506849315,0.0136986301369863,-0.1389592009278498,0.0547945205479452,False,56.29822530864197,Medium,,
GARNET FOLD PRACTICE,22,3240584.5300000003,147299.29681818184,0.0,-0.1128233959866836,0.1363636363636363,False,56.24035493827161,Medium,,
SOLENT NHS TRUST,436,156116791.38,358066.03527522937,0.0,-0.133490172460512,0.3119266055045872,True,56.2403549382716,Medium,8.0,61.0
CORESTREAM LTD,15,1012542.8,67502.85333333333,0.0,-0.0996577561779765,0.0666666666666666,False,56.235532407407405,Medium,,
LEEDS & YORK PARTNERSHIP NHS FOUNDATION TRUST,468,248378208.69,530722.6681410256,0.0,-0.126532687575084,0.235042735042735,True,56.21141975308642,Medium,0.0,590.0
OPTUM HEALTH SOLUTIONS (UK) LTD,29,16338721.34,563404.184137931,0.0,-0.141857877311908,0.5172413793103449,False,56.20177469135802,Medium,,
DR TEDBURY & PARTNERS,25,4768369.94,190734.7976,0.0,-0.1223619088047084,0.2,False,56.19212962962963,Medium,,
CHESTERFIELD ROYAL HOSPITAL NHS FOUNDATION TRUST,423,182772069.12,432085.2697872341,0.0,-0.1319064208870985,0.2907801418439716,True,56.14390432098766,Medium,,
MOUNT STUART HOSPITAL,14,475062.4,33933.02857142857,0.0,-0.1016467579908977,0.0714285714285714,False,56.11496913580246,Medium,,
UNIVERSITY OF SUSSEX,24,13824108.99,576004.54125,0.0,-0.1387218566435221,0.375,False,56.09567901234568,Medium,,
BRIDGNORTH MEDICAL PRACTICE,23,1744237.94,75836.43217391304,0.0,-0.1049444154925193,0.0869565217391304,False,56.066743827160494,Medium,,
AVENUE HOUSE SURGERY,13,983735.87,75671.99,0.0,-0.1030280062753158,0.0769230769230769,False,56.066743827160494,Medium,,
PARCHMORE MEDICAL CENTRE,11,772682.73,70243.88454545454,0.0,-0.12032655929351,0.1818181818181818,False,56.0378086419753,Medium,,
COUNTESS OF CHESTER HOSPITAL NHS FOUNDATION TRUST,448,134876830.35999998,301064.35348214285,0.0,-0.1333691017484055,0.3035714285714285,True,56.02816358024691,Medium,,
PENDLE MEDICAL PARTNERSHIP (THE),11,609594.3200000001,55417.66545454546,0.0,-0.1059800784839114,0.0909090909090909,False,56.00887345679011,Medium,,
NHS STOKE ON TRENT CCG,25,8242845.74,329713.8296,0.0,-0.127467634152479,0.24,False,56.00405092592592,Medium,1.0,552.0
DR CAMM M J & PARTNERS,14,712110.48,50865.03428571428,0.0,-0.1024499360406657,0.0714285714285714,False,55.92206790123456,Medium,,
HARTLEY CORNER MEDICAL PARTNERSHIP,24,1401514.57,58396.44041666667,0.0416666666666666,-0.1165036225101007,0.0,False,55.92206790123456,Medium,,
QUEEN VICTORIA HOSPITAL NHS FOUNDATION TRUST,358,135967217.12,379796.6958659218,0.0,-0.1380097046222135,0.3575418994413408,True,55.89313271604938,Medium,,
EDEN MEDICAL GROUP,12,729626.5499999999,60802.2125,0.0,-0.10499701468631,0.0833333333333333,False,55.8449074074074,Medium,,
BARNSLEY HOSPITAL NHS FOUNDATION TRUST,537,164413252.49,306169.9301489758,0.0,-0.1300788100099098,0.2681564245810056,True,55.82561728395061,Medium,,
CUMBRIA PARTNERSHIP NHS FOUNDATION TRUST,136,19327662.21,142115.16330882354,0.0073529411764705,-0.1772413373327968,0.2352941176470588,False,55.80150462962963,Medium,5.0,91.0
GRAND UNION HEALTH CENTRE,25,2684213.92,107368.5568,0.0,-0.1233973447528685,0.2,False,55.79668209876543,Medium,,
LONGROVE SURGERY,15,1052439.62,70162.64133333332,0.0,-0.1015887451152163,0.0666666666666666,False,55.77256944444444,Medium,,
HEATH & PARTNERS,10,1572203.15,157220.315,0.0,-0.1089338251472335,0.1,False,55.748456790123456,Medium,,
KAINOS EVOLVE LTD,17,616355.05,36256.17941176471,0.0588235294117647,-0.1486002342452563,0.0588235294117647,False,55.73881172839506,Medium,,
PRACTICE PLUS GROUP HOSPITALS LTD,150,66696001.19,444640.0079333333,0.0133333333333333,-0.1509026729938296,0.1,False,55.72916666666666,Medium,,
NHS NORTH YORKSHIRE CCG,36,6965707.83,193491.88416666663,0.0,-0.1425318900592801,0.4444444444444444,True,55.6616512345679,Medium,2.0,317.0
STROUDLY WALK,5,357679.06,71535.812,0.0,-0.1237098088125073,0.2,False,55.6616512345679,Medium,,
SHEFFIELD HALLAM UNIVERSITY,22,7131733.76,324169.7163636364,0.0,-0.139112019448761,0.3636363636363636,False,55.61342592592592,Medium,,
DEPARTMENT OF HEALTH,81,104339559.98,1288142.7158024693,0.0,-0.1218198082630715,0.1851851851851851,True,55.59413580246913,Medium,1.0,552.0
UNIVERSITY OF BRADFORD,35,5121298.78,146322.8222857143,0.0,-0.1357924297118422,0.3142857142857143,True,55.58449074074073,Medium,1.0,552.0
IT PROFESSIONAL SERVICES LTD,69,10165368.47,147324.1807246377,0.0144927536231884,-0.1520448289788275,0.1014492753623188,False,55.57484567901234,Medium,,
CHURCH VIEW SURGERY PLYMSTOCK,10,715396.48,71539.648,0.0,-0.1094126339860296,0.1,False,55.55555555555556,Medium,,
ESSEX COUNTY COUNCIL,49,17305119.21,353165.6981632653,0.0,-0.1158510102892167,0.1428571428571428,False,55.55555555555556,Medium,,
JALAL PRACTICE,7,831984.58,118854.94,0.0,-0.1158513340953385,0.1428571428571428,False,55.54591049382715,Medium,,
DR ROBERTS & PARTNERS NORTH SHIELDS,23,1866542.31,81154.01347826087,0.0,-0.1207648239109563,0.1739130434782608,False,55.53144290123457,Medium,,
WOOLPIT HEALTH CENTRE,28,1703504.4,60839.44285714285,0.0,-0.1159382126601319,0.1428571428571428,False,55.497685185185176,Medium,2.0,317.0
NHS BROMLEY CCG,11,2871673.44,261061.2218181818,0.0,-0.1396115145060566,0.3636363636363636,False,55.4494598765432,Medium,2.0,317.0
QUEEN ELIZABETH HOSPITAL KINGS LYNN NHS FOUNDATION TRUST,556,188798327.91,339565.3379676259,0.0,-0.1289145818426106,0.2410071942446043,True,55.39158950617284,Medium,0.0,590.0
NHCFT-LET,41,61100998.39,1490268.253414634,0.0,-0.1434340900843207,0.4390243902439024,False,55.38194444444444,Medium,,
NHS BRADFORD DISTRICT AND CRAVEN CCG,49,15880286.03,324087.47,0.0,-0.1354861707349045,0.3061224489795918,True,55.37229938271605,Medium,1.0,552.0
HAXBY GROUP TRAINING LTD,22,2516997.8,114408.9909090909,0.0,-0.1370219719678417,0.3181818181818182,False,55.357831790123456,Medium,,
BUCKFASTLEIGH MEDICAL CENTRE,22,1883754.11,85625.18681818183,0.0,-0.1081936357187868,0.0909090909090909,False,55.31442901234567,Medium,,
MOSS GROVE SURGERY,21,1539790.56,73323.36,0.0,-0.1090904749459838,0.0952380952380952,False,55.30960648148148,Medium,,
NHS VALE OF YORK CCG,40,8989551.93,224738.79825,0.0,-0.1373777175490261,0.325,True,55.30478395061728,Medium,2.0,317.0
CAMBRIDGESHIRE & PETERBOROUGH NHS FOUNDATION TRUST,408,167581454.13,410738.8581617647,0.0,-0.1367213083373179,0.3137254901960784,True,55.2710262345679,Medium,0.0,590.0
UNIVERSITY OF PLYMOUTH,40,12661114.82,316527.8705,0.0,-0.1393721911421779,0.35,False,55.266203703703695,Medium,0.0,590.0
DR J F RIVETT & PARTNERS,24,1896800.96,79033.37333333334,0.0,-0.1203352154826254,0.1666666666666666,False,55.2565586419753,Medium,,
HEPATITIS C TRUST,15,997750.0,66516.66666666667,0.0,-0.1252475922490867,0.2,False,55.189043209876544,Medium,1.0,552.0
DR PARWAIZ P,14,1037881.93,74134.42357142856,0.0,-0.1048171104764094,0.0714285714285714,False,55.16975308641975,Medium,,
LANCASHIRE POLICE AUTHORITY,15,1401101.75,93406.78333333334,0.0,-0.1035529254983404,0.0666666666666666,False,55.16493055555555,Medium,,
CLEVERMED LTD,26,3907902.09,150303.92653846153,0.0384615384615384,-0.1183637371786659,0.0,False,55.10706018518518,Medium,,
PA CONSULTING SERVICES LTD,562,139723894.37,248619.02912811388,0.0,-0.1237839460349459,0.1886120996441281,False,55.0733024691358,Medium,,
BOROUGHBURY MEDICAL CENTRE,17,722936.43,42525.67235294118,0.0,-0.1024069960911401,0.0588235294117647,False,55.01060956790123,Medium,,
DONNA OCKENDEN LTD,27,3991542.01,147834.88925925927,0.0,-0.1414853674817917,0.3703703703703703,False,54.99131944444444,Medium,,
PENRYN SURGERY,33,2267986.0300000003,68726.8493939394,0.0,-0.1411806814089198,0.3636363636363636,False,54.91898148148148,Medium,,
CPI INC,8,266692.0,33336.5,0.0,-0.1149601249946225,0.125,False,54.904513888888886,Medium,,
DR A J DE COTHI & PARTNERS,8,630819.96,78852.495,0.125,-0.1266452160206037,0.0,False,54.904513888888886,Medium,,
NHS MANSFIELD & ASHFIELD CCG,6,701274.4299999999,116879.07166666666,0.0,-0.1212745475381206,0.1666666666666666,False,54.89969135802469,Medium,,
ACADEMIC HEALTH SCIENCE NETWORK FOR THE NORTH EAST & NORTH CUMBRIA LTD,85,34675070.18,407942.00211764703,0.0,-0.1296808897192103,0.2352941176470588,False,54.8659336419753,Medium,,
NHS BARKING & DAGENHAM CCG,7,2407358.26,343908.32285714283,0.0,-0.1178088616199076,0.1428571428571428,False,54.86111111111111,Medium,,
NHS GREATER HUDDERSFIELD CCG,16,2844119.11,177757.444375,0.0,-0.1378036385329993,0.3125,False,54.82253086419753,Medium,2.0,317.0
RIVERSIDE MEDICAL CENTRE (CASTLEFORD),6,647867.36,107977.89333333333,0.0,-0.1215521816428173,0.1666666666666666,False,54.81288580246913,Medium,,
AVON AND WILTSHIRE MENTAL HEALTH PARTNERSHIP NHS TRUST,504,227754486.24,451893.821904762,0.0,-0.1293411169513988,0.2281746031746031,True,54.735725308641975,Medium,,
NHS GLOUCESTERSHIRE ICB,40,10856754.88,271418.87200000003,0.0,-0.1440561317617287,0.4,True,54.71161265432099,Medium,3.0,221.0
NHS NORTH KIRKLEES CCG,14,2189430.4,156387.88571428572,0.0,-0.1285651534041661,0.2142857142857142,False,54.6682098765432,Medium,2.0,317.0
NHS ST HELENS CCG,30,6851598.35,228386.61166666663,0.0,-0.1403124536438061,0.3333333333333333,False,54.6682098765432,Medium,2.0,317.0
NHS KIRKLEES CCG,10,1415065.09,141506.509,0.0,-0.1372163806549909,0.3,False,54.66338734567901,Medium,2.0,317.0
INSIGHT DIRECT (UK) LTD,560,64441698.39,115074.46141071428,0.0035714285714285,-0.1587839154885039,0.1339285714285714,False,54.639274691358025,Medium,,
GREEN LANE MEDICAL CENTRE,9,650295.77,72255.08555555556,0.0,-0.1135735114863953,0.1111111111111111,False,54.61033950617284,Medium,,
NHS SOUTH EAST LONDON ICB,54,22398013.82,414778.0337037037,0.0,-0.141306909878354,0.3518518518518518,False,54.61033950617284,Medium,3.0,221.0
HILL DICKINSON LLP,36,5700867.29,158357.42472222223,0.0,-0.1406217583839311,0.3333333333333333,False,54.55246913580247,Medium,,
PI LTD,10,426592.58,42659.258,0.0,-0.1118646054700992,0.1,False,54.513888888888886,Medium,,
IVY COURT SURGERY,28,5012632.45,179022.5875,0.0357142857142857,-0.1519319849893246,0.0714285714285714,False,54.513888888888886,Medium,2.0,317.0
DR BURR & PARTNERS,5,170185.02,34037.004,0.0,0.0167232507635923,0.0,False,54.48013117283949,Medium,,
RX-INFO LTD,22,6913497.4,314249.88181818184,0.0,-0.1007489535218686,0.0454545454545454,False,54.4753086419753,Medium,,
CRANLEIGH GARDENS MC CRANLEIGH GARDENS BRIDGWATE,7,1169971.04,167138.72,0.0,-0.1189857023149313,0.1428571428571428,False,54.46566358024691,Medium,,
YORK AND SCARBOROUGH TEACHING HOSPITALS NHS FOUNDATION TRUST,455,270787195.86,595136.6941978022,0.0,-0.1301927024122754,0.2307692307692307,True,54.45601851851852,Medium,0.0,590.0
NHS HASTINGS & ROTHER CCG,8,1424607.05,178075.88125,0.0,-0.143709444670073,0.375,False,54.44637345679013,Medium,,
NHS LOTHIAN,36,5843209.85,162311.38472222222,0.0,-0.1323378248402494,0.25,False,54.44637345679012,Medium,0.0,590.0
EUROPEAN ELECTRONIQUE LTD,79,13486214.64,170711.577721519,0.0,-0.1101069591718607,0.0886075949367088,False,54.43672839506172,Medium,,
MY HEALTH,5,213758.75,42751.75,0.0,0.0095745633769308,0.0,False,54.43190586419753,Medium,,
IMPERIAL COLLEGE LONDON,34,13600829.61,400024.4002941176,0.0,-0.1285555482580511,0.2058823529411764,False,54.42226080246913,Medium,0.0,590.0
FENIX MEDIA,6,455997.65,75999.60833333334,0.0,0.0059059387190002,0.0,False,54.39332561728395,Medium,1.0,552.0
DR S C HIBBERD & & PARTNERS,16,1030399.54,64399.97125,0.0,-0.10495413874244,0.0625,False,54.38368055555556,Medium,,
PARK SURGERY (DRIFFIELD),5,206421.94,41284.388,0.0,0.0040159735026509,0.0,False,54.38368055555554,Medium,,
DR LENNON & PARTNERS,5,194197.84,38839.568,0.0,0.0038164301809717,0.0,False,54.37403549382715,Medium,,
UNIVERSITY OF EXETER,78,42477381.34,544581.8120512821,0.0,-0.143632917705157,0.3717948717948718,True,54.36921296296296,Medium,0.0,590.0
EAST NORWICH MEDICAL PARTNERSHIP,6,285078.89,47513.14833333334,0.0,0.0028224494855253,0.0,False,54.36439043209876,Medium,,
CMAP SOFTWARE LTD,6,258848.07,43141.345,0.0,0.0018283931393562,0.0,False,54.35474537037037,Medium,,
NHS SOUTH WORCESTERSHIRE CCG,16,4923061.390000001,307691.33687500004,0.0,-0.1439707581929782,0.375,False,54.34992283950617,Medium,,
EAST MIDLANDS AMBULANCE SERVICE NHS TRUST,97,43410308.72,447528.95587628864,0.0,-0.1474470567413536,0.4639175257731959,False,54.34992283950617,Medium,,
DR L HUNTER & PARTNERS,25,1946914.95,77876.598,0.0,-0.1216133041620288,0.16,False,54.34992283950617,Medium,,
COPPICE SURGERY,20,1560700.8,78035.04000000001,0.0,-0.1025248775429111,0.05,False,54.34027777777777,Medium,,
COKER CLOSE HEALTH CENTRE,19,1316688.66,69299.40315789473,0.0,-0.1133926932190898,0.1052631578947368,False,54.32581018518519,Medium,8.0,61.0
DR BARNES M H & PARTNERS,5,157344.88,31468.976,0.0,-0.0019076661861028,0.0,False,54.30652006172839,Medium,,
ST JAMES SURGERY,5,187151.5,37430.3,0.0,-0.0020530008350763,0.0,False,54.296875,Medium,,
ASHFORD A L & PARTNERS,5,170887.22999999998,34177.446,0.0,-0.0028137347496598,0.0,False,54.2775848765432,Medium,,
DR BOOTH & PARTNERS,5,189723.5,37944.7,0.0,-0.0042894304660151,0.0,False,54.25829475308642,Medium,,
NHS WEST LEICESTERSHIRE CCG,32,9046865.64,282714.55125,0.0,-0.1442314711924728,0.375,False,54.25347222222222,Medium,2.0,317.0
JESSIE MAY TRUST,5,623122.0,124624.4,0.0,-0.0053899831409179,0.0,False,54.24864969135801,Medium,7.0,67.0
WARRINGTON & HALTON HOSPITALS NHS FOUNDATION TRUST,480,164948788.81,343643.31002083333,0.0,-0.1316642526141763,0.2375,True,54.24382716049382,Medium,,
HUSSAIN I & PARTNERS,18,857060.74,47614.48555555556,0.0,-0.1039878090335471,0.0555555555555555,False,54.24382716049382,Medium,,
NINTEX UK LTD,5,536552.83,107310.566,0.0,-0.0057582972146324,0.0,False,54.23900462962962,Medium,,
AXONEX LTD,11,154599.6,14054.509090909092,0.0,-0.1112137669258369,0.0909090909090909,False,54.23418209876543,Medium,,
NHS BASSETLAW CCG,16,1474847.92,92177.995,0.0,-0.1168586957739024,0.125,False,54.22935956790123,Medium,2.0,317.0
WALLINGFORD MEDICAL PRACTICE,19,1097412.56,57758.555789473685,0.0,-0.1034600267059371,0.0526315789473684,False,54.22453703703704,Medium,,
GRANTA MEDICAL PRACTICES,17,1113991.34,65528.90235294118,0.0,-0.104848134607424,0.0588235294117647,False,54.21006944444444,Medium,,
DR B DAS & PARTNERS,18,1775814.2,98656.34444444445,0.0,-0.114852338633903,0.1111111111111111,False,54.20524691358024,Medium,,
AVANADE UK LTD,27,4555770.75,168732.25,0.037037037037037,-0.1535462975442451,0.074074074074074,False,54.19560185185185,Medium,,
CHURCHMERE MEDICAL GROUP,7,281979.9,40282.84285714286,0.0,-0.0087891205986217,0.0,False,54.17148919753086,Medium,,
JUBILEE MEDICAL GROUP NEWTON AYCLIFFE,23,1300521.0,56544.391304347824,0.0,-0.1178434831755936,0.1304347826086956,False,54.16666666666666,Medium,,
RIVERSIDE SURGERY EVESHAM,31,2247974.5,72515.30645161291,0.0,-0.12699181199748,0.1935483870967742,False,54.16666666666666,Medium,,
STOWHEALTH VIOLET HILL,5,192578.01,38515.602,0.0,-0.0092748322810027,0.0,False,54.16184413580247,Medium,3.0,221.0
PROSPERON NETWORKS LTD,6,358608.94,59768.15666666667,0.0,-0.0096610715253093,0.0,False,54.15219907407406,Medium,,
RINGMEAD MEDICAL PRACTICE,5,217995.8,43599.16,0.0,-0.0099334854989901,0.0,False,54.14255401234567,Medium,,
WILLOW GROUP (THE),15,994954.89,66330.326,0.0,-0.1069058393891775,0.0666666666666666,False,54.14255401234567,Medium,,
NHS BLACKPOOL CCG,18,4251473.24,236192.9577777778,0.0,-0.1150964298581882,0.1111111111111111,False,54.12808641975309,Medium,2.0,317.0
ST HELENS & KNOWSLEY TEACHING,16,1906254.88,119140.93,0.0,-0.1493474567862168,0.625,False,54.12808641975308,Medium,,
DR WEBSTER & PARTNERS,7,281304.07,40186.29571428571,0.0,-0.0112668769624807,0.0,False,54.123263888888886,Medium,8.0,61.0
LAKELAND DIALYSIS LTD,5,137962.85,27592.57,0.0,-0.0114349255843998,0.0,False,54.10397376543209,Medium,,
MEDICAL IMAGING SYSTEMS LTD,19,1647332.4,86701.70526315788,0.0526315789473684,-0.1642521978893061,0.1052631578947368,False,54.0991512345679,Medium,,
PROGRESS HOUSING ASSOCIATION LTD,14,869247.14,62089.08142857143,0.0714285714285714,-0.1253283072998131,0.0,False,54.094328703703695,Medium,,
CASTLETON HEALTH CENTRE,13,1432921.02,110224.69384615384,0.0769230769230769,-0.1260583358978595,0.0,False,54.08950617283951,Medium,,
TAVISTOCK AND PORTMAN NHS FOUNDATION TRUST,417,146381271.23,351034.22357314144,0.0,-0.132888552872988,0.2494004796163069,True,54.08950617283951,Medium,1.0,552.0
BIDFORD ON AVON HEALTH CENTRE,6,204037.64,34006.27333333334,0.0,-0.0115636110604506,0.0,False,54.0846836419753,Medium,,
DR R M GANT & PTNRS,11,555228.74,50475.34,0.0,-0.111480029787642,0.0909090909090909,False,54.0798611111111,Medium,2.0,317.0
MORTIMER SURGERY,5,150318.43,30063.686,0.0,-0.0126645071127481,0.0,False,54.065393518518505,Medium,8.0,61.0
SOUTH LEICESTERSHIRE MEDICAL GROUP,7,273971.02,39138.717142857146,0.0,-0.0129541561001997,0.0,False,54.05574845679011,Medium,,
ST JOHNS SURGERY,26,1949371.52,74975.82769230769,0.0,-0.1217268979026908,0.1538461538461538,False,54.02681327160494,Medium,,
BRADLEY STOKE SURGERY,18,1249157.33,69397.62944444445,0.0,-0.1153485903403553,0.1111111111111111,False,54.02199074074073,Medium,,
WALDERSLADE VILLAGE,21,2679128.22,127577.5342857143,0.0,-0.1121887478352093,0.0952380952380952,False,53.99787808641975,Medium,,
ABBEY FIELD MEDICAL CENTRE,5,169688.91999999998,33937.784,0.0,-0.015591619383086,0.0,False,53.99787808641975,Medium,,
BJSS LTD,752,177218527.07,235662.93493351064,0.0,-0.1162307645648407,0.1143617021276595,False,53.973765432098766,Medium,,
ABL HEALTH LTD,5,288746.89,57749.378,0.0,-0.0188093662939505,0.0,False,53.94965277777777,Medium,,
ONE HEALTHCARE PARTNERS LTD,47,19520852.0,415337.2765957447,0.0,-0.1367297407792689,0.2765957446808511,False,53.94965277777777,Medium,,
BOVEY TRACEY & CHUDLEIGH PRACTICE,26,2018780.59,77645.40730769231,0.0,-0.1164319643714022,0.1153846153846153,False,53.94483024691358,Medium,,
ALEXANDER MANN SOLUTIONS LTD,412,155782573.29,378113.0419660194,0.0,-0.1250979532837715,0.1699029126213592,False,53.94483024691358,Medium,,
POPLAR GROVE SURGERY,5,165754.51,33150.902,0.0,-0.0193648104273205,0.0,False,53.94000771604938,Medium,,
INNOVA CARE CONCEPTS,76,28333820.46,372813.4271052632,0.0,-0.1416139534240081,0.3289473684210526,False,53.935185185185176,Medium,1.0,552.0
CANTERBURY MEDICAL PRACTICE,20,2056944.01,102847.2005,0.0,-0.113390224505877,0.1,False,53.91589506172839,Medium,,
THINK ASSOCIATES LTD,5,189129.6,37825.92,0.0,-0.0197801355041406,0.0,False,53.9014274691358,Medium,,
DR NICHOLAS & PARTNERS,6,199973.75,33328.958333333336,0.0,-0.0210734697828498,0.0,False,53.86284722222221,Medium,,
WESTONGROVE PARTNERSHIP,6,307226.66,51204.44333333333,0.0,-0.0213864180842526,0.0,False,53.85320216049382,Medium,,
PRIORY MEDICAL GROUP,21,1019821.25,48562.91666666666,0.0,-0.1033877584676379,0.0476190476190476,False,53.848379629629626,Medium,2.0,317.0
RIDGACRE HOUSE SURGERY,6,168384.18,28064.03,0.0,-0.0217227786541409,0.0,False,53.82426697530863,Medium,,
AIMES MANAGEMENT SERVICES LTD,5,259042.92,51808.584,0.0,-0.0218138257571263,0.0,False,53.81462191358024,Medium,,
MEDICI MEDICAL CENTRE,5,171507.99,34301.598,0.0,-0.0220112595907657,0.0,False,53.80497685185185,Medium,,
ST NICHOLAS GROUP PRACTICE,5,147155.16,29431.032,0.0,-0.0222362907625261,0.0,False,53.795331790123456,Medium,,
GRANVILLE HOUSE MEDICAL CENTRE,5,167288.32,33457.664000000004,0.0,-0.0225472520635593,0.0,False,53.78568672839505,Medium,,
DR C A CORNWELL & PARTNERS,6,229185.78,38197.63,0.0,-0.02389688364437,0.0,False,53.77604166666666,Medium,,
DYNELEY HOUSE SURGERY,5,167479.36,33495.872,0.0,-0.0243717472317741,0.0,False,53.766396604938265,Medium,8.0,61.0
DERIAN HOUSE CHILDRENS HOSPICE,5,3268333.0,653666.6,0.0,-0.0251234122421768,0.0,False,53.71817129629629,Medium,7.0,67.0
SEEABILITY,17,912266.27,53662.721764705886,0.0588235294117647,-0.1250050510937278,0.0,False,53.7133487654321,Medium,3.0,221.0
NHS NORTHAMPTONSHIRE CCG,35,16522930.97,472083.742,0.0,-0.129042319922005,0.2,True,53.7133487654321,Medium,2.0,317.0
FRAIN FRAIN & PARTNERS,5,384610.2,76922.04000000001,0.0,-0.0269678494435923,0.0,False,53.6892361111111,Medium,,
NHS FAREHAM AND GOSPORT CCG,18,3453959.13,191886.6183333333,0.0,-0.1431805527657669,0.3333333333333333,False,53.68441358024691,Medium,2.0,317.0
KENT COUNTY COUNCIL,5,503502.14,100700.428,0.0,-0.0270983750014484,0.0,False,53.67959104938271,Medium,1.0,552.0
KEECH HOSPICE CARE,5,2540764.0,508152.8,0.0,-0.0273578750051478,0.0,False,53.66994598765432,Medium,7.0,67.0
WESSEX CHILDRENS HOSPICE TRUST,5,3280032.0,656006.4,0.0,-0.0277240366687357,0.0,False,53.66030092592592,Medium,7.0,67.0
CLAIRE HOUSE CHILDRENS HOSPICE,5,3293751.0,658750.2,0.0,-0.0279604230253551,0.0,False,53.65065586419753,Medium,7.0,67.0
NHS EAST BERKSHIRE CCG,27,9318216.91,345119.14481481485,0.0,-0.1396497358129513,0.2962962962962963,False,53.641010802469125,Medium,2.0,317.0
WEST WALK SURGERY,27,1909864.12,70735.70814814816,0.0,-0.1276438774466925,0.1851851851851851,False,53.63618827160494,Medium,,
EASTERN ACADEMIC HEALTH SCIENCE NETWORK,82,27528296.57,335710.9337804878,0.0,-0.1304828617898354,0.2073170731707317,False,53.626543209876544,Medium,1.0,552.0
REDCENTRIC SOLUTIONS LTD,37,2259650.58,61071.6372972973,0.054054054054054,-0.124484927774403,0.0,False,53.62172067901234,Medium,,
SOUTHPORT AND ORMSKIRK HOSPITAL NHS TRUST,261,134017095.07,513475.4600383142,0.0,-0.1428282246923494,0.3295019157088122,True,53.61689814814815,Medium,,
KENT COMMUNITY HEALTH NHS FOUNDATION TRUST,441,146604576.38,332436.68113378686,0.0,-0.1356786014660955,0.2562358276643991,True,53.61689814814814,Medium,5.0,91.0
SOLUTION JUNKIES LTD,5,1988100.0,397620.0,0.0,-0.0292731580245039,0.0,False,53.61207561728395,Medium,,
DR A K VORA & PARTNERS,19,1599207.3,84168.80526315789,0.0,-0.1236146795343048,0.1578947368421052,False,53.60725308641975,Medium,,
FLORENCE NIGHTINGALE FOUNDATION,26,2108656.15,81102.15961538462,0.0,-0.1231520700991356,0.1538461538461538,False,53.60243055555556,Medium,0.0,590.0
NHS BLACK COUNTRY ICB,54,13551209.92,250948.33185185184,0.0,-0.1459070466143447,0.3703703703703703,True,53.583140432098766,Medium,3.0,221.0
RIDINGS MEDICAL GROUP (THE),57,2514681.28,44117.21543859649,0.0175438596491228,-0.147970384096185,0.0526315789473684,False,53.57349537037037,Medium,,
KING GEORGE SURGERY,7,274695.41,39242.20142857143,0.0,-0.0305052535685002,0.0,False,53.57349537037037,Medium,,
NHS SOMERSET ICB,41,8972763.24,218847.88390243903,0.0,-0.1370882872822351,0.2682926829268293,True,53.56867283950617,Medium,3.0,221.0
ONGAR HEALTH CENTRE,6,221221.93,36870.32166666666,0.0,-0.0305984445367713,0.0,False,53.56385030864196,Medium,,
SURREY & BORDERS PARTNERSHIP NHS FOUNDATION TRUST,333,172196792.61,517107.48531531537,0.0,-0.1405712583792605,0.3003003003003003,True,53.55902777777777,Medium,,
MILLBROOK SURGERY MILLBROOK GARDENS CASTLE CARY,19,1433952.91,75471.20578947368,0.0,-0.1157035712464841,0.1052631578947368,False,53.55420524691358,Medium,,
HAMPSTEAD GROUP PRACTICE,22,2550468.8,115930.4,0.0454545454545454,-0.1236961258573781,0.0,False,53.554205246913575,Medium,,
WEEPING CROSS SURGERY,5,173469.56,34693.912,0.0,-0.0309760164314315,0.0,False,53.544560185185176,Medium,3.0,221.0
NELSON MEDICAL PRACTICE - LONDON,9,757735.5700000001,84192.84111111112,0.0,-0.1168323083148464,0.1111111111111111,False,53.53973765432099,Medium,,
KNOWLEDGE ACADEMY LTD (THE),5,181135.2,36227.04,0.0,-0.031144460482616,0.0,False,53.534915123456784,Medium,,
LITTLEBOROUGH HEALTH CENTRE,13,825915.72,63531.978461538456,0.0,-0.1108965395754172,0.0769230769230769,False,53.5204475308642,Medium,,
GREY ROAD SURGERY,16,1200686.86,75042.92875,0.0,-0.1077817416318951,0.0625,False,53.515625,Medium,,
HM PARTNERSHIP LLP,5,168948.29,33789.658,0.0,-0.0321860644561986,0.0,False,53.5059799382716,Medium,,
BLUEBELL WOOD CHILDRENS HOSPICE,5,2472965.0,494593.0,0.0,-0.0321873783518455,0.0,False,53.4963348765432,Medium,7.0,67.0
NHS MEDWAY CCG,8,1506312.58,188289.0725,0.0,-0.1351524852101776,0.25,False,53.48186728395061,Medium,2.0,317.0
NHS FRIMLEY ICB,46,17752073.5,385914.64130434784,0.0,-0.1411685928276689,0.3043478260869565,True,53.47704475308642,Medium,3.0,221.0
PROFESSIONAL DATA MANAGEMENT SERVICES LTD,6,190205.0,31700.83333333333,0.0,-0.0326688709154595,0.0,False,53.47704475308642,Medium,,
MALMESBURY MEDICAL PARTNERSHIP,17,1087676.54,63980.97294117647,0.0,-0.1072063010631071,0.0588235294117647,False,53.47704475308642,Medium,,
UNIVERSITY OF PORTSMOUTH,9,977257.15,108584.1277777778,0.0,-0.1169053195388335,0.1111111111111111,False,53.47222222222221,Medium,,
WRIGHTINGTON WIGAN AND LEIGH TEACHING HOSPITALS NHS FOUNDATION TRUST,445,130778774.35,293884.8861797753,0.0,-0.1376963790967781,0.2696629213483146,True,53.404706790123456,Medium,,
NHS NORTH EAST LINCOLNSHIRE CCG,51,13051447.08,255910.72705882357,0.0,-0.1470985696382288,0.3725490196078431,False,53.37094907407408,Medium,2.0,317.0
HOPE HOUSE HOSPICE,5,1645698.0,329139.6,0.0,-0.0352112516520884,0.0,False,53.342013888888886,Medium,7.0,67.0
ALLOCATE SOFTWARE LTD,13,986246.07,75865.0823076923,0.0,-0.1238238461688564,0.1538461538461538,False,53.322723765432094,Medium,,
BEYONDTRUST CORPORATION,5,201238.16,40247.632,0.0,-0.0352837214642966,0.0,False,53.32272376543209,Medium,1.0,552.0
BROMLEY HEALTHCARE CIC,79,22789479.41,288474.4229113924,0.0126582278481012,-0.147430580068092,0.050632911392405,False,53.30825617283951,Medium,,
HEART OF BATH MEDICAL PARTNERSHIP,8,278630.06,34828.7575,0.0,-0.036141495519658,0.0,False,53.29378858024691,Medium,,
SAXON SPIRES PRACTICE,41,2672992.28,65194.93365853658,0.0,-0.146866607122442,0.3658536585365853,False,53.29378858024691,Medium,,
LINCOLNSHIRE TRAINING HUB LTD,13,1457550.09,112119.2376923077,0.0,-0.123951396165071,0.1538461538461538,False,53.27449845679012,Medium,,
FORGET ME NOT CHILDRENS HOSPICE,5,1640904.0,328180.8,0.0,-0.0369554087209215,0.0,False,53.27449845679011,Medium,7.0,67.0
FERRYBRIDGE MEDICAL CENTRE,30,2789092.68,92969.756,0.0,-0.1262564180286886,0.1666666666666666,False,53.26967592592592,Medium,,
SCHOPWICK SURGERY,24,2220159.5,92506.64583333331,0.0,-0.1121498344367641,0.0833333333333333,False,53.26967592592592,Medium,,
HAVEN HOUSE FOUNDATION LTD,5,2055433.0,411086.6,0.0,-0.0372796008148377,0.0,False,53.26485339506172,Medium,,
BLUETEQ LTD,29,2433912.59,83928.02034482759,0.0,-0.0374262496301884,0.0,False,53.25520833333333,Medium,,
EDG GROUP LTD,8,366125.86,45765.7325,0.0,-0.0375018751171019,0.0,False,53.24556327160494,Medium,,
LYNTON TRAILERS (UK) LTD,9,922452.92,102494.7688888889,0.0,-0.1445037595141242,0.3333333333333333,False,53.24074074074073,Medium,,
BHAM WOMENS & CHILDRENS NHS FT,28,36720463.24,1311445.1157142858,0.0,-0.1433751123133162,0.3214285714285714,False,53.235918209876544,Medium,,
ST OSWALDS HOSPICE,5,1591239.0,318247.8,0.0,-0.0376917714301754,0.0,False,53.22627314814814,Medium,7.0,67.0
MALTINGS SURGERY ST ALBANS,5,286946.62,57389.324,0.0,-0.0377910330115201,0.0,False,53.21662808641975,Medium,,
KNUTSFORD MEDICAL PARTNERSHIP,14,690013.12,49286.65142857143,0.0,-0.110695519368943,0.0714285714285714,False,53.21180555555555,Medium,,
EDEN VALLEY HOSPICE,5,1383746.0,276749.2,0.0,-0.0377917141157246,0.0,False,53.20698302469136,Medium,7.0,67.0
ROSEBANK HEALTH,30,2796937.56,93231.252,0.0,-0.120938863970618,0.1333333333333333,False,53.20698302469136,Medium,8.0,61.0
NTT DATA UK LTD,30,3541275.04,118042.50133333332,0.0333333333333333,-0.1546580229543824,0.0666666666666666,False,53.20216049382716,Medium,,
KINGTON MEDICAL PRACTICE,19,1624693.82,85510.20105263159,0.0,-0.1068165240723952,0.0526315789473684,False,53.19251543209876,Medium,,
SOUTH WEST PENINSULA AHSN LTD,87,25854893.24,297182.68091954023,0.0,-0.1339883909974815,0.2298850574712643,False,53.19251543209876,Medium,,
DR N SELVAN,5,139672.94,27934.588,0.0,-0.0379701306394232,0.0,False,53.18769290123456,Medium,,
EMIS HEALTH,5,393755.53,78751.106,0.0,-0.0380180055229324,0.0,False,53.17804783950616,Medium,1.0,552.0
WILMINGTON SHARED SERVICES LTD,7,301866.82,43123.83142857143,0.0,-0.0382455339420735,0.0,False,53.16840277777777,Medium,,
DR BROOKE J P & PARTNERS,7,230972.18,32996.025714285715,0.0,-0.0383239999569739,0.0,False,53.15875771604938,Medium,,
YORKSHIRE & HUMBER AHSN LTD,89,30140825.29,338660.95831460675,0.0,-0.1281018501275328,0.1797752808988764,False,53.144290123456784,Medium,,
ST ANDREWS HOSPICE,5,1496116.0,299223.2,0.0,-0.0387202112517716,0.0,False,53.1298225308642,Medium,7.0,67.0
ROBERT JONES & AGNES HUNT ORTHOPAEDIC HOSPITAL NHS FOUNDATION TRUST,339,157595988.89000002,464884.9229793511,0.0,-0.140735997449069,0.2890855457227139,True,53.1153549382716,Medium,,
SOFTWAREONE UK LTD,5,278054.13,55610.826,0.0,-0.0390401787990978,0.0,False,53.10088734567901,Medium,,
PROBRAND LTD,9,1792358.78,199150.97555555555,0.0,-0.1179636094683855,0.1111111111111111,False,53.08641975308642,Medium,,
OAK TREE MOORGATE LTD,155,5166481.0,33332.13548387097,0.0064516129032258,-0.1615617876873629,0.1161290322580645,False,53.08641975308642,Medium,,
SOMERSET & AVON RAPE & SEXUAL ABUSE SUPPORT,20,2611532.75,130576.6375,0.0,-0.1495529254549417,0.4,False,53.08159722222222,Medium,,
HALL PRACTICE,18,1308766.76,72709.26444444444,0.0,-0.1179906492046624,0.1111111111111111,False,53.076774691358025,Medium,,
ALEXANDER DEVINE CHILDREN`S HOSPICE SERVICE,5,771347.0,154269.4,0.0,-0.0400885076912182,0.0,False,53.07195216049382,Medium,,
CAREER MATTERS LTD,5,291000.0,58200.0,0.0,-0.0406019312131149,0.0,False,53.06230709876543,Medium,,
CRICKETFIELD SURGERY NEWTON ABBOT,5,595797.06,119159.412,0.0,-0.1305603314288529,0.2,False,53.057484567901234,Medium,,
DARTMOUTH COLLEGE,5,369380.8740993,73876.17481986,0.0,-0.0407461776302566,0.0,True,53.05266203703703,Medium,0.0,590.0
NUFFIELD HEALTH,187,253351984.03,1354823.4440106952,0.0,-0.1374247260746904,0.2566844919786096,False,53.04783950617284,Medium,,
CLAYS PRACTICE,36,2583074.53,71752.07027777778,0.0277777777777777,-0.1469782702387128,0.0277777777777777,False,53.04301697530864,Medium,,
DR I M WILSON,5,155955.49,31191.098,0.0,-0.0408558931238344,0.0,False,53.04301697530863,Medium,,
BUTTERWICK HOSPICE CARE,5,1207158.0,241431.6,0.0,-0.0410031458837322,0.0,False,53.03337191358024,Medium,7.0,67.0
ROYAL ORTHOPAEDIC HOSPITAL NHS FOUNDATION TRUST,303,179011189.02,590796.0033663367,0.0,-0.141518934949417,0.297029702970297,True,53.02854938271605,Medium,,
DAVENPORT HOUSE SURGERY,8,314183.86,39272.9825,0.0,-0.0411218268898222,0.0,False,53.02372685185185,Medium,,
PRESCRIBING SERVICES LTD,13,2546168.51,195859.11615384615,0.0,-0.124770264664734,0.1538461538461538,False,53.02372685185185,Medium,,
CITY HEALTH CARE PARTNERSHIP CIC,117,36348653.83,310672.25495726493,0.0085470085470085,-0.1475078353819607,0.0512820512820512,False,53.018904320987644,Medium,,
SAINI & PARTNER,11,1244759.38,113159.94363636363,0.0,-0.1141116834222699,0.0909090909090909,False,53.00925925925925,Medium,,
NHS NORTH CENTRAL LONDON ICB,73,31627478.26,433253.1268493151,0.0,-0.144670802422463,0.3287671232876712,True,52.98996913580247,Medium,3.0,221.0
MANCHESTER ROAD PRACTICE,14,1609186.87,114941.91928571428,0.0,-0.1112272593735752,0.0714285714285714,False,52.98996913580246,Medium,,
NHS LINCOLNSHIRE ICB,37,12918391.4,349145.7135135135,0.0,-0.1358487108075166,0.2432432432432432,False,52.98514660493827,Medium,3.0,221.0
CONVERGENCE (GROUP NETWORKS) LTD,7,343391.33,49055.904285714285,0.0,-0.0416071225017078,0.0,False,52.985146604938265,Medium,,
SILLOTH GROUP MEDICAL PRACTICE,16,1148762.45,71797.653125,0.0,-0.1093746260134073,0.0625,False,52.985146604938265,Medium,,
ROYAL COLLEGE OF PSYCHIATRISTS,52,10979479.23,211143.83134615383,0.0,-0.1388491085007153,0.2692307692307692,False,52.98032407407407,Medium,0.0,590.0
ELLENOR,5,972793.0,194558.6,0.0,-0.0419484216765505,0.0,False,52.97550154320987,Medium,7.0,67.0
NHS NORTH WEST SURREY CCG,11,4016740.23,365158.2027272727,0.0,-0.1289713250111805,0.1818181818181818,False,52.951388888888886,Medium,1.0,552.0
ROPE GREEN MEDICAL CENTRE,6,271122.66,45187.10999999999,0.0,-0.0422540630912693,0.0,False,52.94656635802468,Medium,,
CRG LTD,71,17900344.85,252117.5330985916,0.0,-0.1518910983291958,0.4647887323943662,False,52.941743827160494,Medium,,
BETSI CADWALADR UNIVERSITY LHB,64,13986347.54,218536.6803125,0.015625,-0.1457758885197533,0.03125,False,52.9272762345679,Medium,,
HM PRISON AND PROBATION SERVICE,1076,82759437.98,76913.97581784386,0.0,-0.1111090339193307,0.0687732342007435,True,52.91280864197531,Medium,,
VINE MEDICAL GROUP,6,243268.86,40544.81,0.0,-0.0426284243538595,0.0,False,52.90798611111111,Medium,,
RIVERSIDE HEALTH CENTRE TONGE J & PARTNERS,8,265954.38,33244.2975,0.0,-0.0430493067643105,0.0,False,52.89834104938271,Medium,,
SOUTH EAST COAST AMBULANCE SERVICE NHS FOUNDATION TRUST,108,47650809.12,441211.1955555555,0.0,-0.1516251683786033,0.4444444444444444,False,52.89351851851852,Medium,,
MOUNTWOOD SURGERY,5,150682.37,30136.474,0.0,-0.0431178256751428,0.0,False,52.88869598765432,Medium,3.0,221.0
TRINITY HOSPICE & PALLIATIVE CARE SERVICES,5,1044792.0,208958.4,0.0,-0.0432749230738938,0.0,False,52.87905092592592,Medium,7.0,67.0
NHS LEWISHAM CCG,10,2230626.71,223062.671,0.0,-0.1311854049316899,0.2,False,52.874228395061735,Medium,0.0,590.0
MINDWAVE VENTURES LTD,8,411090.0,51386.25,0.0,-0.1489073351633019,0.375,False,52.87422839506173,Medium,,
DR SNU HASSAN & PARTNER,6,239489.76,39914.96,0.0,-0.0433996712801195,0.0,False,52.85976080246913,Medium,,
TAMESIDE HOSPITAL NHS FOUNDATION TRUST,186,102832423.66,552862.4927956989,0.0,-0.1513214303243944,0.4247311827956989,False,52.85493827160494,Medium,,
KINSELLA MURRAY & PARTNERS,18,1305849.88,72547.21555555555,0.0555555555555555,-0.1270989356558031,0.0,False,52.85493827160494,Medium,,
CARE UK HEALTH & REHABILITATION SERVICES LTD,832,282792139.47,339894.39840144233,0.0,-0.1021320568182998,0.0108173076923076,False,52.85493827160494,Medium,,
DERBYSHIRE COMMUNITY HEALTH SERVICES NHS FOUNDATION TRUST,160,46861478.68,292884.24175,0.0,-0.143124800537466,0.30625,False,52.85493827160494,Medium,5.0,91.0
MEDWYN SURGERY,6,281536.88,46922.81333333333,0.0,-0.0434406320908491,0.0,False,52.85011574074073,Medium,,
HOPE FOR THE COMMUNITY CIC,5,215700.0,43140.0,0.0,-0.0440483060617949,0.0,False,52.83082561728395,Medium,,
NEWCASTLE UNIVERSITY,72,14276465.85,198284.24791666667,0.0,-0.1358427066911505,0.2361111111111111,True,52.82600308641975,Medium,0.0,590.0
L ROWLAND & CO (RETAIL) LTD,26,10580362.3,406937.0115384616,0.0,-0.1495690371696681,0.3846153846153846,False,52.82600308641975,Medium,,
CHURCH LANE SURGERY YORK,8,236229.52,29528.69,0.0,-0.0441173431450347,0.0,False,52.82118055555555,Medium,,
WORTHING MEDICAL GROUP,6,211280.44,35213.40666666667,0.0,-0.0446095482117873,0.0,False,52.79224537037037,Medium,,
HALL GROVE SURGERY,7,266265.2,38037.88571428572,0.0,-0.0446130777970598,0.0,False,52.78260030864197,Medium,,
PEARSON PROFESSIONAL ASSESSMENTS LTD,11,2369698.25,215427.11363636365,0.0,-0.1397820977475969,0.2727272727272727,False,52.77295524691358,Medium,,
YEOVIL DISTRICT HOSPITAL NHS FOUNDATION TRUST,282,98312360.69,348625.3925177305,0.0,-0.1450677573038382,0.3262411347517731,True,52.74884259259259,Medium,,
GREEN CROSS GROUP PRACTICE,5,170586.08000000002,34117.216,0.0,-0.0452447528624599,0.0,False,52.74402006172839,Medium,,
DR SWINSCOE & PARTNERS,12,519356.98,43279.74833333333,0.0,-0.1135062041748363,0.0833333333333333,False,52.7391975308642,Medium,,
CEDAR MEDICAL PRACTICE,19,1679445.26,88391.85578947369,0.0,-0.1082740982854095,0.0526315789473684,False,52.719907407407405,Medium,,
BUCKINGHAMSHIRE NEW UNIVERSITY,13,1738289.41,133714.57,0.0,-0.1356396749250986,0.2307692307692307,False,52.69097222222223,Medium,,
DR R MATHEWS,5,221878.76,44375.752,0.0,-0.0464174330007296,0.0,False,52.68614969135802,Medium,,
NEW DISPENSARY,6,201154.25,33525.708333333336,0.0,-0.0464862481202898,0.0,False,52.676504629629626,Medium,,
QINETIQ LTD,28,12116067.09,432716.6817857143,0.0,-0.1117463091482258,0.0714285714285714,False,52.67168209876542,Medium,,
AMPTHILL PRACTICE,13,825003.72,63461.82461538461,0.0,-0.1259879695368077,0.1538461538461538,False,52.64756944444444,Medium,,
FRAMFIELD HOUSE SURGERY,9,305036.10000000003,33892.9,0.0,-0.0469728768311872,0.0,False,52.64756944444444,Medium,,
CRAVEN MEDICAL PRACTICE,5,256904.41,51380.882,0.0,-0.0471325771546088,0.0,False,52.62827932098765,Medium,,
STRAND MEDICAL GROUP,23,1847709.94,80335.21478260869,0.0,-0.1065679123817337,0.0434782608695652,False,52.61381172839505,Medium,2.0,317.0
EPIC CONSULTANTS,24,900796.35,37533.18125,0.0416666666666666,-0.1261088823751798,0.0,False,52.60416666666666,Medium,,
EXPONENTIAL-E LTD,10,950408.5,95040.85,0.0,-0.0475313771625999,0.0,False,52.59934413580247,Medium,,
DR NOBLE & PARTNERS,8,328905.29000000004,41113.161250000005,0.0,-0.0479812790584744,0.0,False,52.560763888888886,Medium,,
POLICE & CRIME COMMISSIONER FOR WILTSHIRE,12,990815.0,82567.91666666667,0.0,-0.1141678184309479,0.0833333333333333,False,52.54629629629629,Medium,,
DR N ASGHAR,5,210432.95,42086.59,0.0,-0.0482753847488102,0.0,False,52.541473765432094,Medium,,
DHL SUPPLY CHAIN LTD,15,23275771.1,1551718.0733333337,0.0,-0.0484168780981614,0.0,False,52.531828703703695,Medium,,
VODAFONE LTD,339,83096482.62,245122.3676106195,0.0,-0.1332801317041831,0.2005899705014749,False,52.52700617283951,Medium,,
TWS PARTNERS LTD,6,696538.0,116089.66666666669,0.0,-0.0484653000281945,0.0,False,52.5221836419753,Medium,,
CASTLEGATE SURGERY COCKERMOUTH,15,1003956.08,66930.40533333333,0.0,-0.1113848087224927,0.0666666666666666,False,52.5221836419753,Medium,,
CHURCH STREET SURGERY BISHOPS STORT,17,1016942.18,59820.12823529411,0.0,-0.1099878098883303,0.0588235294117647,False,52.5221836419753,Medium,,
LONGTON HALL SURGERY,15,1034011.91,68934.12733333334,0.0,-0.1113925628783037,0.0666666666666666,False,52.51253858024691,Medium,,
LYNDHURST MEDICAL CENTRE,15,962916.38,64194.42533333333,0.0,-0.1114736040857979,0.0666666666666666,False,52.49324845679012,Medium,3.0,221.0
DR M VASANT,7,397150.0,56735.71428571428,0.0,-0.124610845572424,0.1428571428571428,False,52.48842592592592,Medium,5.0,91.0
DR B KIRKUP & PARTNERS,19,1526135.62,80322.92736842106,0.0,-0.1089353288550663,0.0526315789473684,False,52.48842592592592,Medium,8.0,61.0
NHS EAST LEICESTERSHIRE AND RUTLAND CCG,34,8378514.47,246426.8961764706,0.0,-0.1485058292724708,0.3529411764705882,False,52.47878086419753,Medium,2.0,317.0
CHESS LTD,14,547988.69,39142.04928571428,0.0,-0.1121765405079586,0.0714285714285714,False,52.478780864197525,Medium,,
GORDON HOUSE SURGERY,9,308410.66000000003,34267.851111111115,0.0,-0.0499804740615154,0.0,False,52.46431327160494,Medium,,
DR SMA FAROOQI & PARTNERS,5,177267.3,35453.46,0.0,-0.0501121876747355,0.0,False,52.45466820987654,Medium,,
NORTH LINCOLNSHIRE COUNCIL,5,331011.07,66202.214,0.0,-0.0502047309555855,0.0,False,52.43537808641975,Medium,,
RUSS CONSULTING LTD,8,417537.32,52192.165,0.0,-0.0503216849046814,0.0,False,52.42573302469136,Medium,,
NHS LANCASHIRE AND SOUTH CUMBRIA ICB,59,27252156.28,461900.95389830513,0.0,-0.1443075015873325,0.3050847457627119,False,52.42091049382716,Medium,3.0,221.0
NHS TRAFFORD CCG,57,15601730.04,273714.5621052632,0.0,-0.1510817727213029,0.3859649122807017,False,52.42091049382715,Medium,2.0,317.0
KINGTHORNE GROUP PRACTICE,19,1300300.87,68436.88789473685,0.0,-0.1091758754874036,0.0526315789473684,False,52.41126543209876,Medium,,
NHS BRIGHTON & HOVE CCG,51,14793298.14,290064.66941176465,0.0,-0.1503423567343646,0.3725490196078431,False,52.39679783950617,Medium,2.0,317.0
SCOTTISH COMMUNITY DEVELOPMENT CENTRE,5,515700.0,103140.0,0.0,-0.0505226644395974,0.0,False,52.39679783950616,Medium,,
DR P BOFFA & PARTNERS,14,780393.59,55742.39928571428,0.0,-0.1249621422421542,0.1428571428571428,False,52.391975308641975,Medium,,
DR PS KENYON & PARTNERS,5,180089.56,36017.912,0.0,-0.0505936039932458,0.0,False,52.38715277777777,Medium,,
ST JOHN AMBULANCE,221,93943812.21,425085.1231221719,0.0,-0.1339395808441465,0.2036199095022624,True,52.38233024691358,Medium,0.0,590.0
MAIDEN NEWTON & BEAMINSTER PRACTICE,5,237606.66,47521.332,0.0,-0.0508951790571825,0.0,False,52.37750771604938,Medium,,
NORTHGATE PRACTICE,23,1724165.9,74963.73478260869,0.0,-0.1153071397572276,0.0869565217391304,False,52.363040123456784,Medium,,
DR HC BHUTANI,5,224104.1,44820.82,0.0,-0.0510968946710203,0.0,False,52.35821759259259,Medium,,
NHS BARNSLEY CCG,18,3233420.18,179634.45444444445,0.0,-0.1200128309615858,0.1111111111111111,False,52.35339506172839,Medium,2.0,317.0
BELLEGROVE ROAD SURGERY,13,821136.34,63164.33384615384,0.0,-0.1134290098808852,0.0769230769230769,False,52.34375,Medium,,
PERFECT IMAGE LTD,6,690136.69,115022.78166666666,0.0,-0.0513349345770094,0.0,False,52.3389274691358,Medium,,
THOMSON DISNEY JAMES KEELING RIVERS & PARTNERS,8,267885.37,33485.67125,0.0,-0.0516601189588184,0.0,False,52.31963734567901,Medium,,
DR HUSAIN S Z & PTN,22,2085739.72,94806.35090909092,0.0,-0.1239216766933026,0.1363636363636363,False,52.31481481481481,Medium,,
ST PETERS HOSPICE,5,461728.67,92345.734,0.0,-0.0518038625661485,0.0,False,52.30999228395061,Medium,,
CHESWOLD PARK HOSPITAL,152,57582208.85,378830.321381579,0.0,-0.1444535285141941,0.3026315789473684,False,52.30516975308642,Medium,,
CHS HEALTHCARE SOFTWARE LTD,7,955359.76,136479.9657142857,0.0,-0.0518207352691806,0.0,False,52.30034722222221,Medium,,
YORKSHIRE AMBULANCE SERVICE NHS TRUST,80,34968712.43,437108.905375,0.0,-0.151561362132419,0.3875,False,52.276234567901234,Medium,5.0,91.0
SHEFFORD HEALTH CENTRE,10,770345.73,77034.573,0.0,-0.1180091642808283,0.1,False,52.27623456790123,Medium,,
DR JR LORENZ & PARTNERS,33,3124879.76,94693.32606060606,0.0,-0.1268228641049224,0.1515151515151515,False,52.25212191358024,Medium,,
CORNER PLACE SURGERY,9,589848.9,65538.76666666666,0.0,-0.053078232691138,0.0,False,52.232831790123456,Medium,,
EAST CHESHIRE NHS TRUST,437,96731299.09,221353.0871624714,0.0,-0.1380093285268512,0.2402745995423341,True,52.21836419753086,Medium,,
ELECTROCORE UK LTD,22,1260750.0,57306.81818181818,0.0454545454545454,-0.1547226871887482,0.0454545454545454,False,52.21836419753086,Medium,,
ESRI UK,13,640397.65,49261.35769230769,0.0,-0.053529063283115,0.0,True,52.21354166666666,Medium,1.0,552.0
QUEENS PARK MEDICAL CENTRE,11,664221.3200000001,60383.75636363637,0.0,-0.1164587592663925,0.0909090909090909,False,52.20871913580247,Medium,,
GLENFIELD SURGERY (THE),6,206133.36,34355.56,0.0,-0.0539754473966485,0.0,False,52.18460648148148,Medium,,
CATERHAM VALLEY MEDICAL PRACTICE,18,1299557.06,72197.61444444445,0.0,-0.1205223741359623,0.1111111111111111,False,52.17978395061728,Medium,,
ST JOHNS HOUSE SURGERY,5,210714.31,42142.862,0.0,-0.0548317786650701,0.0,False,52.15567129629629,Medium,2.0,317.0
ESSEX HOUSE SURGERY,6,453054.21,75509.035,0.0,-0.1290277633673095,0.1666666666666666,False,52.14120370370371,Low,,
ALSTROM SYNDROME UK,5,271090.39,54218.078,0.0,-0.0551515104424277,0.0,False,52.1363811728395,Low,,
IN PRACTICE SYSTEMS LTD,8,330000.0,41250.0,0.0,-0.1560621093405664,1.0,False,52.12673611111111,Low,,
LEE HOUSE SURGERY,20,1609950.3,80497.515,0.0,-0.1185384499010391,0.1,False,52.11226851851852,Low,,
PUZZEL LTD,5,435210.53,87042.106,0.0,-0.0556272695792747,0.0,False,52.09780092592592,Low,,
NUTBEAM & PARTNERS,10,381043.63,38104.363,0.0,-0.0556512147580889,0.0,False,52.08815586419753,Low,,
ST AUSTELL HEALTHCARE GROUP,60,5683711.34,94728.52233333333,0.0,-0.1412240146257149,0.2666666666666666,False,52.05922067901234,Low,,
VIDEO INTERACTION GUIDANCE HK (VIGHK),7,650429.0,92918.42857142857,0.0,-0.0558212952956281,0.0,False,52.05922067901234,Low,,
KENT AND MEDWAY NHS AND SOCIALCARE PARTNERSHIP TRUST,290,154557534.4,532957.0151724138,0.0,-0.1425132540478009,0.2793103448275862,True,52.03510802469136,Low,,
REDFERN TRAVEL LTD,5,201100.39,40220.078,0.2,-0.1372718340423046,0.0,False,52.03510802469136,Low,,
POLICE AND CRIME COMMISSIONER FOR ESSEX,5,1557911.34,311582.268,0.0,-0.0563379691341376,0.0,False,52.01099537037037,Low,,
C J ELLIOTT,17,1877144.66,110420.27411764706,0.0,-0.1305635442494942,0.1764705882352941,False,52.00617283950618,Low,,
STOCKTON HEATH MEDICAL CENTRE,7,471661.82,67380.26,0.0,-0.0570167180664973,0.0,False,51.982060185185176,Low,,
NHS SOUTH WEST LONDON ICB,47,15826340.56,336730.650212766,0.0,-0.1324506853890248,0.1914893617021276,True,51.95312499999999,Low,3.0,221.0
DR AGARWAL AND PARTNERS (F81105),6,241657.82,40276.30333333334,0.0,-0.0573823211047269,0.0,False,51.9434799382716,Low,,
FOREST GROUP PRACTICE,43,4998381.96,116241.44093023257,0.0,-0.1254355420694925,0.1395348837209302,False,51.91936728395062,Low,,
HARVEY PRACTICE,20,1268014.93,63400.7465,0.0,-0.1190939255551824,0.1,False,51.91936728395062,Low,,
MORLAND HOUSE SURGERY,9,542407.74,60267.526666666665,0.0,-0.0580956644265957,0.0,False,51.91454475308642,Low,,
WHITE & PARTNERS,6,223034.12,37172.35333333333,0.0,-0.0581809242381636,0.0,False,51.90489969135802,Low,,
BURSTED WOOD SURGERY,7,723312.5,103330.35714285714,0.0,-0.0587954599583822,0.0,False,51.88560956790123,Low,,
KIRKBURTON HEALTH CENTRE,8,281910.91000000003,35238.863750000004,0.0,-0.0589761592431766,0.0,False,51.86631944444444,Low,,
STAR LANE MEDICAL CENTRE,6,204581.04,34096.840000000004,0.0,-0.0590031303759984,0.0,False,51.85667438271605,Low,,
DR I CARTER & PARTNERS,23,1988930.74,86475.2495652174,0.0,-0.1168159016974929,0.0869565217391304,False,51.85185185185185,Low,,
GAMSTON MEDICAL CENTRE,29,3203260.39,110457.2548275862,0.0,-0.1200737059433804,0.1034482758620689,False,51.842206790123456,Low,,
PHOENIX PARTNERSHIP (LEEDS) LTD,173,55699174.11,321960.5439884393,0.0,-0.1359495019417206,0.2080924855491329,False,51.842206790123456,Low,,
ACS BUSINESS SUPPLIES,7,854316.97,122045.28142857144,0.0,-0.0593464178768837,0.0,False,51.83738425925925,Low,1.0,552.0
ASHFIELDS PRIMARY CARE CENTRE,29,2328485.16,80292.59172413794,0.0,-0.1201105478566086,0.1034482758620689,False,51.83256172839506,Low,,
WOLFE SOLUTIONS LTD,12,480000.01,40000.00083333333,0.0,-0.1571291265591198,0.9166666666666666,False,51.82291666666667,Low,,
CARE UK CLINICAL SERVICES LTD,107,81585873.81,762484.8019626169,0.0,-0.143574954363796,0.2803738317757009,False,51.82291666666666,Low,,
FACTS AND DIMENSIONS LTD,18,2532091.14,140671.73,0.0,-0.0595765488873246,0.0,False,51.81809413580247,Low,,
DOWNEND HEALTH GROUP,8,352370.48,44046.31,0.0,-0.0597823898861108,0.0,False,51.79880401234568,Low,,
JOHNSTON & PARTNERS,35,2620448.18,74869.948,0.0285714285714285,-0.1513416854463788,0.0285714285714285,False,51.78915895061728,Low,,
HIGHFIELD SURGERY LEICESTER,6,172494.89,28749.14833333333,0.0,-0.0601912106501958,0.0,False,51.78915895061728,Low,,
HARLEQUIN SURGERY,6,379904.53,63317.42166666667,0.0,-0.0603117103611637,0.0,False,51.779513888888886,Low,8.0,61.0
WALNUT TREE HEALTH CENTRE,9,507726.18,56414.02,0.0,-0.0604356603341394,0.0,False,51.76986882716049,Low,,
BOSMERE MEDICAL PRACTICE,5,182917.88,36583.576,0.0,-0.0604794326880539,0.0,False,51.760223765432094,Low,,
BROMLEY GP ALLIANCE,34,3771644.63,110930.7244117647,0.0,-0.1276431825987104,0.1470588235294117,False,51.72646604938272,Low,8.0,61.0
ACCESS HEALTH CARE LTD,6,235630.13,39271.68833333333,0.0,-0.1559105787523817,0.5,False,51.72164351851852,Low,,
NEWTOWN & CAISTER MEDICAL PRACTICE,7,275208.47,39315.49571428571,0.0,-0.0616969566706933,0.0,False,51.72164351851851,Low,,
BROOK LANE SURGERY,20,1334014.76,66700.738,0.0,-0.1105249297475314,0.05,False,51.70717592592592,Low,,
DR J OUDENAARDEN & PARTNERS,6,197563.65,32927.275,0.0,-0.0618759881611216,0.0,False,51.70235339506172,Low,,
FAKENHAM MEDICAL PRACTICE,23,1764559.02,76719.95739130434,0.0,-0.1093737171121655,0.0434782608695652,False,51.69753086419753,Low,,
RICHARD HOUSE TRUST,6,2359218.0,393203.0,0.0,-0.0618831767197034,0.0,False,51.69270833333333,Low,7.0,67.0
NHS SURREY HEARTLANDS ICB,51,16031094.58,314335.18784313725,0.0,-0.1497223632852744,0.3333333333333333,False,51.68788580246913,Low,3.0,221.0
SWINDON BOROUGH COUNCIL,6,415920.5,69320.08333333333,0.0,-0.0622931281517739,0.0,True,51.66377314814815,Low,3.0,221.0
VILLAGE GREEN SURGERY,15,905992.46,60399.49733333333,0.0,-0.113346421341471,0.0666666666666666,False,51.66377314814814,Low,,
ADUR HEALTH PARTNERSHIP,8,427847.28,53480.91,0.0,-0.0624079404493662,0.0,False,51.65412808641975,Low,,
REEDYFORD HEALTH CARE GROUP,7,472960.66,67565.80857142857,0.0,-0.0625012139220125,0.0,False,51.64448302469136,Low,,
MERIDIAN SURGERY,6,190231.41,31705.235,0.0,-0.0627664795246722,0.0,False,51.63483796296296,Low,,
NHS WEST LANCASHIRE CCG,17,2110846.85,124167.46176470588,0.0,-0.1232984132607149,0.1176470588235294,False,51.63483796296296,Low,2.0,317.0
JAMES HOPKINS TRUST,6,541252.0,90208.66666666669,0.0,-0.062824266402539,0.0,False,51.62519290123456,Low,7.0,67.0
CLOUD TECHNOLOGY SOLUTIONS LTD,11,1919628.37,174511.66999999998,0.0,-0.062933364915794,0.0,False,51.61554783950616,Low,,
MARKET STREET HEALTH GROUP,6,220969.34,36828.223333333335,0.0,-0.0630961975766129,0.0,False,51.60590277777777,Low,,
BRENNAN & PARTNERS,44,2796906.03,63566.04613636364,0.0227272727272727,-0.1533927546811659,0.0454545454545454,False,51.60108024691358,Low,,
DR SANDBACH & PARTNERS,6,199266.58,33211.096666666665,0.0,-0.0632172386435501,0.0,False,51.59625771604938,Low,,
NHS RICHMOND CCG,7,1737454.09,248207.72714285715,0.0,-0.1273383793448518,0.1428571428571428,False,51.59143518518518,Low,,
MSL HEALTHCARE LIMITED,9,206578.62,22953.18,0.1111111111111111,-0.1348810223020302,0.0,False,51.591435185185176,Low,,
CHERRY MEDICAL PRACTICE,8,424455.6,53056.95,0.0,-0.0632684901938441,0.0,False,51.58661265432099,Low,,
OTTAWAY STRATEGIC MANAGEMENT LTD,10,294765.0,29476.5,0.0,-0.0633017175243545,0.0,False,51.5673225308642,Low,,
HOMERTON UNIVERSITY HOSPITAL NHS FOUNDATION TRUST,217,189035011.94,871129.0872811059,0.0,-0.140534133145545,0.2488479262672811,True,51.5625,Low,,
UNIVERSITY HOSPITALS BRISTOL NHS FOUNDATION TRUST,166,435591497.45,2624045.165361446,0.0,-0.1470585768696523,0.3012048192771084,False,51.56249999999999,Low,5.0,91.0
NHS COASTAL WEST SUSSEX CCG,15,8438706.56,562580.4373333334,0.0,-0.1350997863205135,0.2,False,51.55285493827161,Low,2.0,317.0
SKY BLUE MEDICAL GROUP (M86003),7,233511.81,33358.83,0.0,-0.063328984841502,0.0,False,51.548032407407405,Low,,
JOHNS HOPKINS HEALTHCARE SOLUTIONS,18,914785.24,50821.40222222222,0.0,-0.0642227254963365,0.0,True,51.50945216049382,Low,1.0,552.0
DR A J HUSSELBEE & PARTNERS,8,353636.18,44204.5225,0.0,-0.0645160849141728,0.0,False,51.49980709876543,Low,,
ONE-OFF SUPPLIER,8,342080.92,42760.115,0.0,-0.0650191758826088,0.0,False,51.48051697530863,Low,,
LAMBGATES SURGERY,12,842793.22,70232.76833333333,0.0,-0.1171779353259063,0.0833333333333333,False,51.46604938271604,Low,,
NHS BERKSHIRE WEST CCG,38,10061999.12,264789.4505263158,0.0,-0.1526362999668516,0.3684210526315789,False,51.44675925925925,Low,2.0,317.0
SICKLE CELL SOCIETY,10,349819.5,34981.95,0.0,-0.0652906142256606,0.0,False,51.441936728395056,Low,,
GREENS NORTON & WEEDON MEDICAL PRACTICE,47,3121725.61,66419.69382978723,0.0212765957446808,-0.1508082199332086,0.0212765957446808,False,51.43711419753086,Low,,
LION HEALTH CENTRE,23,1416010.18,61565.66,0.0,-0.1100240814343752,0.0434782608695652,False,51.42746913580247,Low,,
KENSINGTON PARTNERSHIP,11,572179.37,52016.306363636366,0.0,-0.1185482149499978,0.0909090909090909,False,51.42746913580247,Low,,
DR DT SAY AND PARTNERS,6,187650.32,31275.053333333333,0.0,-0.0653662318790021,0.0,False,51.422646604938265,Low,,
MAYFIELD MEDICAL CENTRE FARNBOROUGH,34,3709057.17,109089.91676470588,0.0,-0.1284164973223478,0.1470588235294117,False,51.41782407407408,Low,,
WEST PARK SURGERY -1,6,313728.76,52288.12666666667,0.0,-0.0657710158079998,0.0,False,51.41300154320987,Low,,
NHS NORTH EAST LONDON ICB,75,25243444.42,336579.25893333333,0.0,-0.1447110246187619,0.28,True,51.38406635802468,Low,3.0,221.0
HFMA LTD,17,3418343.1500000004,201079.00882352944,0.0,-0.1401231704249308,0.2352941176470588,False,51.37442129629629,Low,,
NHS LEICESTER CITY CCG,27,5759031.6,213297.46666666665,0.0,-0.1336847996147727,0.1851851851851851,False,51.3695987654321,Low,2.0,317.0
WHITE HORSE MEDICAL CENTRE,20,965955.27,48297.7635,0.0,-0.1112813345103967,0.05,False,51.36959876543209,Low,,
MYWAY DIGITAL HEALTH LTD,29,1361147.9,46936.13448275861,0.0,-0.1215411696203387,0.1034482758620689,False,51.3503086419753,Low,,
DRS BRENNAN & AHMED,7,549613.44,78516.20571428571,0.0,-0.1279101091094418,0.1428571428571428,False,51.33101851851852,Low,,
TURNING POINT (SERVICES) LTD,11,535269.92,48660.90181818183,0.0,-0.1188634073475406,0.0909090909090909,False,51.33101851851851,Low,,
DR K THOMSON & PARTNERS,6,291651.15,48608.525,0.0,-0.0674221189710353,0.0,False,51.31655092592592,Low,,
RON GALE & SONS LTD,7,282824.82,40403.54571428571,0.0,-0.1279623212675982,0.1428571428571428,False,51.30208333333333,Low,,
VEL SURGERY (G82687),7,309056.16,44150.88,0.0,-0.0675716794710828,0.0,False,51.29726080246913,Low,,
NHS DONCASTER CCG,17,5514170.23,324362.95470588235,0.0,-0.1241451273874116,0.1176470588235294,False,51.297260802469125,Low,2.0,317.0
HARRIS & PARTNERS,8,424604.33,53075.54125,0.125,-0.1365345245316642,0.0,False,51.28761574074074,Low,3.0,221.0
NHS BUCKINGHAMSHIRE CCG,69,18243046.21,264391.97405797103,0.0,-0.157640834601777,0.4927536231884058,False,51.26350308641975,Low,2.0,317.0
DUFFY & PARTNERS,5,169269.82,33853.964,0.0,-0.0681621192562421,0.0,False,51.25868055555555,Low,,
UCL PARTNERS,110,32417652.74,294705.934,0.0,-0.1496518149396498,0.3181818181818182,False,51.24903549382716,Low,,
ST PAULS WAY MEDICAL CENTRE,6,201446.85,33574.475,0.0,-0.0682369766941025,0.0,False,51.23939043209876,Low,,
KINGSTON UNIVERSITY LONDON,19,961648.06,50613.055789473685,0.0,-0.1223650171604178,0.1052631578947368,False,51.22974537037037,Low,0.0,590.0
PAXTON MEDICAL GROUP,35,2994820.58,85566.3022857143,0.0285714285714285,-0.1529469821396766,0.0285714285714285,False,51.20081018518518,Low,,
DR C JENNER & PARTNERS,8,287655.86,35956.9825,0.0,-0.0683217105069968,0.0,False,51.200810185185176,Low,,
PARKSIDE FAMILY SURGERY,14,1022157.48,73011.24857142857,0.0,-0.115843062709546,0.0714285714285714,False,51.1766975308642,Low,,
RESPIREX INTERNATIONAL LTD,9,6747661.32,749740.1466666667,0.0,-0.0684457920021952,0.0,False,51.171875,Low,,
NHS SURREY HEARTLANDS CCG,52,17942202.36,345042.35307692306,0.0,-0.1488532241794713,0.3076923076923077,True,51.16705246913581,Low,2.0,317.0
KENT SURREY SUSSEX AHSN LTD,97,29767887.7,306885.4402061856,0.0,-0.1415240992925517,0.2474226804123711,False,51.1670524691358,Low,,
OHARE & CHAPELHOW,6,565408.3,94234.71666666667,0.0,-0.0689211293078522,0.0,False,51.13329475308642,Low,,
SOUTH CENTRAL AMBULANCE SERVICE NHS FOUNDATION TRUST,200,103354473.74,516772.3687,0.0,-0.1415138573106587,0.245,False,51.12847222222221,Low,1.0,552.0
INITIAL WASHROOM HYGIENE,7,336405.74,48057.962857142855,0.0,-0.0690543290340554,0.0,False,51.12364969135802,Low,1.0,552.0
NEW RIVER HEALTH,15,874020.74,58268.049333333336,0.0,-0.1149620934948182,0.0666666666666666,False,51.11400462962962,Low,,
DR PA HARRIS & PARTNERS,16,1181393.75,73837.109375,0.0,-0.1140333744909003,0.0625,False,51.09471450617284,Low,,
NHS WARWICKSHIRE NORTH CCG,21,5190293.73,247156.8442857143,0.0,-0.1466410176597329,0.2857142857142857,False,51.08989197530864,Low,2.0,317.0
THOMSON REUTERS (PROFESSIONAL) UK LTD,6,242646.0,40441.0,0.0,-0.0693996896572032,0.0,False,51.08506944444444,Low,,
PENNINE CARE NHS FOUNDATION TRUST,231,178158287.16,771247.9963636363,0.0,-0.1341763431527938,0.1818181818181818,True,51.08024691358025,Low,5.0,91.0
NHS SOUTHAMPTON CCG,10,2033457.64,203345.764,0.0,-0.1214296719641315,0.1,False,51.08024691358024,Low,2.0,317.0
DR S M KING & PARTNERS,26,2140515.33,82327.51269230769,0.0384615384615384,-0.1295196929092427,0.0,False,51.03684413580247,Low,2.0,317.0
CARE AFTER COMBAT,6,321608.76,53601.46,0.0,-0.0699456408218487,0.0,False,51.03684413580247,Low,,
HURLEY GROUP,93,41630433.71,447639.0721505376,0.0,-0.1268395885184096,0.1290322580645161,False,51.032021604938265,Low,0.0,590.0
ASPIRE TECHNOLOGY SOLUTIONS,6,186771.69,31128.615,0.0,-0.0700204824583747,0.0,False,51.02719907407407,Low,1.0,552.0
WESTCLIFFE HEALTH INNOVATIONS,20,1420574.81,71028.7405,0.0,-0.11194233204962,0.05,False,51.02237654320987,Low,0.0,590.0
NHS MILTON KEYNES CCG,28,5230933.86,186819.06642857144,0.0,-0.1507794105170992,0.3214285714285714,False,51.01755401234568,Low,2.0,317.0
SWANAGE HEALTH CENTRE,16,1467941.26,91746.32875,0.0,-0.1143134438219768,0.0625,False,51.01755401234568,Low,,
GILLIES MEDICAL PARTNERSHIP,11,555336.26,50485.11454545455,0.0,-0.0700271730769694,0.0,False,51.01755401234568,Low,,
WORDEN TW,7,1275189.04,182169.86285714287,0.0,-0.070123267149331,0.0,False,50.998263888888886,Low,3.0,221.0
DR BHAGEERUTTY & PARTNERS,23,2108581.42,91677.45304347826,0.0,-0.1334032669753735,0.1739130434782608,False,50.9789737654321,Low,,
TOWER HOUSE SURGERY RYDE,6,190504.32,31750.72,0.0,-0.0704512697132375,0.0,False,50.978973765432094,Low,,
SELF HELP SERVICES,5,164918.0,32983.6,0.0,-0.0705406463211118,0.0,False,50.95003858024691,Low,,
UNIVERSITY OF BRISTOL,55,26848335.95,488151.5627272727,0.0,-0.1414005413780462,0.2363636363636363,False,50.94521604938271,Low,5.0,91.0
NHS SOUTH EAST STAFFS AND SEISDON PENINSULAR CCG,23,4217409.99,183365.65173913044,0.0,-0.1335542936158749,0.1739130434782608,False,50.94039351851852,Low,1.0,552.0
WESTBURY-ON-TRYM SURGERY,11,359162.71,32651.155454545456,0.0,-0.0709629179691843,0.0,False,50.90181327160494,Low,,
DEXTER & PARTNERS,10,759734.25,75973.425,0.0,-0.1220927576826959,0.1,False,50.88734567901234,Low,,
HERTFORDSHIRE CONSTABULARY,25,3710727.4,148429.096,0.0,-0.1310783898794817,0.16,False,50.88734567901234,Low,,
MID ESSEX HOSPITALS SERVICES NHS TRUST,60,78134623.37,1302243.7228333333,0.0,-0.1562638979394142,0.4,False,50.88252314814815,Low,,
HENFIELD MEDICAL CENTRE,12,724826.26,60402.18833333333,0.0,-0.071302269120869,0.0,False,50.85358796296296,Low,,
FREUDS COMMUNICATIONS LTD TA FREUDS,49,6227908.79,127100.17938775512,0.0204081632653061,-0.1648804521676629,0.0816326530612244,False,50.85358796296296,Low,1.0,552.0
CAMBRIDGESHIRE COUNTY COUNCIL,6,793700.0,132283.33333333334,0.0,-0.0713688218170643,0.0,False,50.84394290123456,Low,,
DR RG HIGGINS & PARTNERS,14,837014.3200000001,59786.73714285715,0.0,-0.1290976770936879,0.1428571428571428,False,50.829475308641975,Low,,
NLA MEDIA ACCESS LTD,10,627879.23,62787.923,0.0,-0.0715636691503644,0.0,False,50.82465277777777,Low,,
CONSTABLE COUNTRY MEDICAL PRACTICE,5,231564.49,46312.898,0.0,-0.0718679012095959,0.0,False,50.81500771604938,Low,,
BERKSHIRE HEALTHCARE NHS FOUNDATION TRUST,515,145013036.24,281578.7111456311,0.0,-0.1337836204306746,0.1728155339805825,True,50.81018518518518,Low,3.0,221.0
KINGS FUND,25,1434002.86,57360.11439999999,0.0,-0.1374130003123948,0.2,False,50.80054012345679,Low,0.0,590.0
SKIDMORE PRYCE & GALPIN,7,279843.15,39977.59285714286,0.0,-0.0723079700442853,0.0,False,50.7860725308642,Low,,
HEWLETT PACKARD ENTERPRISE,10,1291298.66,129129.866,0.0,-0.1375108499592255,0.2,False,50.78125,Low,,
LOGEX BV,5,227914.0029795,45582.8005959,0.0,-0.0723637911881194,0.0,False,50.7764274691358,Low,0.0,590.0
BRIDGE HOUSE MEDICAL CENTRE,26,2223915.98,85535.23,0.0,-0.1254420027193749,0.1153846153846153,False,50.76195987654321,Low,,
NCGPA BMC,8,1884665.0,235583.125,0.0,-0.0724166912269884,0.0,False,50.75713734567901,Low,,
MOORFIELDS EYE HOSPITAL NHS FOUNDATION TRUST,428,183914852.89,429707.6002102804,0.0,-0.1336770900186037,0.1682242990654205,True,50.75231481481481,Low,,
SWL TRAINING HUB CIC,19,2464192.92,129694.36421052631,0.0,-0.1449120140010837,0.2631578947368421,False,50.74749228395061,Low,,
DRS VENKATRAMAN & SINGH,6,211830.86,35305.14333333333,0.0,-0.0725903248606308,0.0,False,50.73784722222221,Low,8.0,61.0
DURHAM POLICE CRIME & COMMISSIONER,12,1064722.0,88726.83333333333,0.0,-0.1327150287403819,0.1666666666666666,False,50.733024691358025,Low,,
INTEGRAL BUSINESS SUPPORT LTD,13,2039050.93,156850.07153846155,0.0,-0.1180858871127286,0.0769230769230769,False,50.723379629629626,Low,,
HIGHTOWN SURGERY,10,558223.98,55822.398,0.0,-0.0726963434447386,0.0,False,50.71855709876543,Low,,
PARKLANDS SURGERY RUSHDEN,20,1523139.77,76156.9885,0.05,-0.1320545076279576,0.0,False,50.71373456790123,Low,,
DR HUGHES & PARTNERS HASTINGS,11,1745952.26,158722.93272727274,0.0,-0.1205557783192892,0.0909090909090909,False,50.70408950617284,Low,,
PRICEWATERHOUSECOOPERS LLP,93,25887135.54,278356.2961290323,0.0,-0.1429497767378015,0.2473118279569892,False,50.70408950617284,Low,,
MAYFIELD MEDICAL CENTRE PAIGNTON,7,505790.77,72255.82428571429,0.0,-0.0732472256167112,0.0,False,50.67997685185185,Low,,
BAY MEDICAL GROUP,35,3514574.79,100416.42257142856,0.0,-0.129348304934866,0.1428571428571428,False,50.67515432098766,Low,,
DR MARSHALL D I & PARTNERS,25,4197810.24,167912.4096,0.0,-0.1189954196913493,0.08,False,50.660686728395056,Low,,
STEAD C & PARTNERS,45,4772843.64,106063.192,0.0,-0.148596418698963,0.2888888888888888,False,50.64139660493827,Low,,
NHS CONFEDERATION,135,26843038.47,198837.322,0.0,-0.1535205750979262,0.3407407407407407,False,50.63657407407407,Low,0.0,590.0
WORDEN MEDICAL CENTRE,8,534974.92,66871.865,0.0,-0.127292882762061,0.125,False,50.63175154320987,Low,,
OPTICARE EYE CARE SPECIALIST LTD,7,247926.0,35418.0,0.0,-0.0737540098403377,0.0,False,50.63175154320987,Low,,
CORAM WORKFORCE MODELLING LTD,5,194370.0,38874.0,0.0,-0.0738383508746433,0.0,False,50.62210648148148,Low,,
DR G PICKAVANCE & PARTNERS,8,620393.49,77549.18625,0.0,-0.1273247077560564,0.125,False,50.62210648148148,Low,,
WESSEX ACADEMIC HEALTH SCIENCE NETWORK LTD,77,22386438.49,290732.9674025974,0.0,-0.1433591531548534,0.2467532467532467,False,50.607638888888886,Low,,
LEICESTERSHIRE PARTNERSHIP NHS TRUST,364,124678352.13,342522.9454120879,0.0,-0.1426084046403626,0.239010989010989,True,50.597993827160494,Low,1.0,552.0
DR HABER & PARTNERS,5,322492.76,64498.552,0.0,-0.0739352552197939,0.0,False,50.59317129629629,Low,3.0,221.0
IPSOS (MARKET RESEARCH) LTD,58,16216620.79,279596.9101724138,0.0,-0.1429284986621507,0.2413793103448276,False,50.5883487654321,Low,,
NOAK BRIDGE MEDICAL CENTRE,27,1230684.33,45580.90111111111,0.0,-0.1303710838672355,0.1481481481481481,False,50.57388117283951,Low,,
MARDEN MEDICAL CENTRE,9,466867.94,51874.21555555556,0.0,-0.0741025148770432,0.0,False,50.5738811728395,Low,,
LONDON SCHOOL OF HYGIENE & TROPICAL MEDICINE,10,500065.66,50006.566,0.0,-0.0744886439733144,0.0,False,50.56423611111111,Low,,
NEW HAYESBANK SURGERY,26,2049936.6,78843.71538461538,0.0,-0.1263168113304447,0.1153846153846153,False,50.54012345679013,Low,,
DR I A BALLIN & PARTNERS,5,281590.9,56318.18000000001,0.0,-0.0749274101769177,0.0,False,50.53530092592592,Low,,
RENNIE GROVE HOSPICE CARE,5,524113.0,104822.6,0.0,-0.0750527404630522,0.0,False,50.52565586419753,Low,7.0,67.0
NHS MERTON CCG,8,1444692.92,180586.615,0.0,-0.127592226238293,0.125,False,50.51601080246913,Low,,
PULSANT LTD,10,1624646.01,162464.601,0.0,-0.0750704467899969,0.0,False,50.51601080246913,Low,,
QUEEN STREET MEDICAL PRACTICE,19,1739644.16,91560.2189473684,0.0,-0.1321760132064283,0.1578947368421052,False,50.501543209876544,Low,,
WF FEDERATED GP NETWORK LTD,24,2903959.18,120998.29916666663,0.0,-0.1441940599322561,0.25,False,50.50154320987654,Low,,
ROYAL PHARMACEUTICAL SOCIETY,11,1426701.74,129700.1581818182,0.0,-0.135939979552384,0.1818181818181818,False,50.48225308641975,Low,,
NHS CANNOCK CHASE CCG,14,2415756.88,172554.06285714285,0.0,-0.1177573968118679,0.0714285714285714,False,50.48225308641975,Low,,
NHS COVENTRY AND RUGBY CCG,29,9889256.41,341008.84172413795,0.0,-0.1514771012236694,0.3103448275862069,False,50.47260802469136,Low,2.0,317.0
DAC BEACHCROFT LLP,225,45722816.25,203212.51666666663,0.0,-0.1490429351758882,0.2888888888888888,False,50.467785493827165,Low,,
NEC SOFTWARE SOLUTIONS UK LTD,104,18531992.95,178192.23990384614,0.0,-0.1554554164802807,0.3653846153846153,False,50.46296296296296,Low,,
HIGH GLADES MEDICAL CENTRE,14,949369.63,67812.11642857143,0.0,-0.1178878990692594,0.0714285714285714,False,50.45331790123456,Low,,
TETTENHALL MEDICAL CENTRE,5,180721.06,36144.212,0.0,-0.0754460937045436,0.0,False,50.44849537037037,Low,,
NHS NORTH EAST LONDON CCG,39,15570483.37,399243.1633333333,0.0,-0.139844757080723,0.2051282051282051,True,50.44849537037037,Low,2.0,317.0
QUALITY HEALTH LTD,24,1965012.31,81875.51291666667,0.0,-0.1120518994842667,0.0416666666666666,False,50.429205246913575,Low,,
TRAFALGAR MEDICAL GROUP PRACTICE,9,520463.92,57829.32444444444,0.0,-0.075514246608206,0.0,False,50.429205246913575,Low,,
DR H F SIMONTON & PARTNERS,8,266816.87,33352.10875,0.0,-0.0756720152665516,0.0,False,50.409915123456784,Low,8.0,61.0
RISUAL LTD,5,977581.2,195516.24,0.0,-0.0759853195285159,0.0,False,50.390625,Low,,
WEST HERTFORDSHIRE HOSPITALS NHS TRUST,271,149987805.25,553460.5359778597,0.0,-0.1458484841799482,0.2583025830258302,True,50.3858024691358,Low,,
DR C LLOYD & PARTNERS,56,6993966.12,124892.25214285716,0.0,-0.1376004071729709,0.1964285714285714,False,50.376157407407405,Low,,
PARK PLACE TECHNOLOGIES LTD,27,1282530.31,47501.1225925926,0.074074074074074,-0.1359147361686761,0.0,False,50.35204475308642,Low,,
WRIGHTINGTON WIGAN & LEIGH NHS FOUNDATION TRUST,178,98079301.65,551007.3126404495,0.0,-0.1599021010548808,0.4325842696629213,False,50.34722222222221,Low,1.0,552.0
RFEA LTD,27,5759695.6,213322.0592592593,0.0,-0.1416008182861477,0.2222222222222222,False,50.342399691358025,Low,,
CORNWALL COUNCIL,6,792211.99,132035.3316666667,0.0,-0.1340432103160203,0.1666666666666666,False,50.33757716049382,Low,,
SOUTHEND UNIVERSITY HOSPITAL NHS FOUNDATION TRUST,64,82944998.7,1296015.6046875,0.0,-0.1531053495527497,0.328125,False,50.33757716049382,Low,,
POOLOGANATHAN & POOLOGANATHAN,17,2103273.85,123721.9911764706,0.0,-0.1156229069756354,0.0588235294117647,False,50.332754629629626,Low,,
BRANNAM MEDICAL CENTRE,9,623887.7999999999,69320.86666666665,0.0,-0.0766889851724705,0.0,False,50.332754629629626,Low,,
DR SAMJI & PARTNERS,12,796343.04,66361.92,0.0,-0.1204430502531369,0.0833333333333333,False,50.32793209876543,Low,,
NHS SCARBOROUGH AND RYEDALE CCG,14,1643440.83,117388.63071428573,0.0,-0.1612534026616712,0.5,False,50.323109567901234,Low,1.0,552.0
NHS HARROGATE AND RURAL DISTRICT CCG,12,3466936.82,288911.4016666667,0.0,-0.1539385866449957,0.3333333333333333,False,50.31828703703704,Low,,
RAISE THE BAR LTD,5,300000.0,60000.0,0.0,-0.1632525593089254,1.0,False,50.31346450617284,Low,,
MIRIAM PRIMARY CARE LTD,62,5424537.17,87492.535,0.0161290322580645,-0.1528078805303683,0.0161290322580645,False,50.30381944444444,Low,,
WOODHALL SPA NEW SURGERY,12,674085.0,56173.75,0.0,-0.07689754888653,0.0,False,50.30381944444444,Low,,
SONAR INFORMATICS LTD,74,5609427.45,75803.07364864866,0.0,-0.1610951929893379,0.4864864864864865,False,50.29899691358024,Low,,
HILLCREST SURGERY LONDON,5,211373.51,42274.702000000005,0.0,-0.0769652218242789,0.0,False,50.29417438271605,Low,,
OAKWOOD LANE MEDICAL PRACTICE,6,379715.36,63285.89333333333,0.0,-0.0772648507045519,0.0,False,50.27488425925925,Low,,
"NHS BATH AND NORTH EAST SOMERSET, SWINDON AND WILTSHIRE CCG",62,16246882.11,262046.48564516127,0.0,-0.1612251324905189,0.4677419354838709,False,50.250771604938265,Low,,
PEOPLE ASSET MANAGEMENT LTD T/A PAM OH SOLUTIONS,13,707282.51,54406.346923076926,0.0,-0.0774121387287574,0.0,False,50.24594907407407,Low,,
ROYTON MEDICAL CENTRE,11,1293887.52,117626.13818181818,0.0,-0.1217817523261247,0.0909090909090909,False,50.24112654320987,Low,2.0,317.0
UNIVERSITY OF NORTHUMBRIA AT NEWCASTLE,19,2291236.38,120591.38842105264,0.0,-0.1526038778920933,0.3157894736842105,False,50.231481481481474,Low,2.0,317.0
OUSE VALLEY PRACTICE,42,5120409.9,121914.52142857145,0.0,-0.1276094878193962,0.119047619047619,False,50.1977237654321,Low,,
PETROC GROUP PRACTICE,30,2372312.31,79077.077,0.0,-0.1604575898359869,0.4333333333333333,False,50.1880787037037,Low,,
MINISTRY OF HOUSING COMMUNITIES & LOCAL GOVERNMENT,7,679752.0800000001,97107.44000000002,0.0,-0.0779091702084598,0.0,False,50.188078703703695,Low,,
NHS WALSALL CCG,22,5502590.34,250117.7427272727,0.0,-0.1426314451356382,0.2272727272727272,False,50.18325617283951,Low,2.0,317.0
NHS DIGITAL,68,23994250.5,352856.625,0.0,-0.1519254998699186,0.3088235294117647,False,50.18325617283951,Low,1.0,552.0
LANCASTER UNIVERSITY,20,25137910.81,1256895.5405,0.0,-0.1239627342633176,0.1,False,50.17361111111111,Low,,
THORNBURY NURSING SERVICES,6,730024.08,121670.68,0.0,-0.1544701238123054,0.3333333333333333,False,50.17361111111111,Low,,
HOOPLE LTD,10,585068.75,58506.875,0.0,-0.0780312380374181,0.0,False,50.16878858024691,Low,,
NHS WEST KENT CCG,21,8791593.629999999,418647.3157142857,0.0,-0.1580738701340703,0.3809523809523809,False,50.16396604938272,Low,1.0,552.0
FELDMAN & PARTNERS,5,226806.66,45361.332,0.0,-0.0782264065638103,0.0,False,50.15914351851851,Low,,
NHS WAKEFIELD CCG,32,7958431.42,248700.981875,0.0,-0.1377226762315053,0.1875,False,50.12538580246913,Low,2.0,317.0
CHIDDENBROOK SURGERY CREDITON,23,4301107.45,187004.67173913048,0.0,-0.1417509866092593,0.217391304347826,False,50.110918209876544,Low,2.0,317.0
NHS EAST LANCASHIRE CCG,36,9551199.68,265311.1022222222,0.0,-0.1488326311966201,0.2777777777777778,False,50.09162808641975,Low,2.0,317.0
LEISTON SURGERY,9,336683.5,37409.27777777778,0.0,-0.0788997198914004,0.0,False,50.07233796296296,Low,,
HARLOW CONSULTING SERVICES LTD,5,257247.0,51449.4,0.0,-0.0789730897040857,0.0,False,50.06269290123456,Low,,
RUSTHALL MEDICAL CENTRE,10,822624.19,82262.419,0.0,-0.1244807706324218,0.1,False,50.05787037037037,Low,,
BALMORE PARK SURGERY,15,677506.95,45167.13,0.0,-0.0790452784014478,0.0,False,50.05304783950616,Low,,
DELOITTE MCS LTD,20,1427872.13,71393.6065,0.0,-0.145825516830281,0.25,False,50.048225308641975,Low,,
GUPTA C P,9,526912.22,58545.80222222222,0.0,-0.0790471546078616,0.0,False,50.04340277777777,Low,,
LEEDS STUDENT MEDICAL PRACTICE,9,500901.27,55655.69666666667,0.0,-0.079112947315972,0.0,False,50.02411265432099,Low,2.0,317.0
DR D C PATEL & PARTNERS HARROW,5,173996.19,34799.238,0.0,-0.079130340421505,0.0,False,50.01446759259259,Low,,
NHS SOUTH YORKSHIRE ICB,58,17471067.39,301225.2998275862,0.0,-0.1527367666533754,0.3103448275862069,False,50.00964506172839,Low,3.0,221.0
ST JOHNS MEDICAL CENTRE (TRAFFORD),10,695489.72,69548.972,0.0,-0.1245986000673045,0.1,False,50.00964506172839,Low,,
NHS WEST YORKSHIRE ICB,88,29555944.6,335863.00681818184,0.0,-0.1524614328019787,0.3068181818181818,False,49.99035493827161,Low,3.0,221.0
UNIVERSITY OF LEICESTER,41,15036618.28,366746.7873170732,0.0,-0.1449378948410016,0.2439024390243902,True,49.9903549382716,Low,1.0,552.0
DR D O YATES & PTRS,13,910624.38,70048.02923076923,0.0,-0.132945832390384,0.1538461538461538,False,49.985532407407405,Low,,
CEDARS MEDICAL CENTRE,5,161565.5,32313.1,0.0,-0.0792091220846455,0.0,False,49.97588734567901,Low,,
CAPSTICKS SOLICITORS LLP,94,33615500.91,357611.7118085106,0.0,-0.1372781852256413,0.1808510638297872,False,49.97106481481481,Low,,
DR PANCHOLI P & PARTNERS,7,295330.96,42190.13714285714,0.0,-0.0792633643499672,0.0,False,49.94695216049382,Low,,
NORFOLK & SUFFOLK NHS FOUNDATION TRUST,447,143248372.48,320466.15767337807,0.0,-0.1389722371715923,0.1991051454138702,True,49.942129629629626,Low,2.0,317.0
DR D IRWIN & PARTNER,8,407886.66,50985.8325,0.0,-0.0793724186637334,0.0,False,49.93730709876543,Low,,
NHS BRENT CCG,27,9662552.69,357872.3218518518,0.0,-0.1429569495724525,0.2222222222222222,False,49.92766203703704,Low,,
CHORLTON FAMILY PRACTICE,8,267167.36,33395.92,0.0,-0.0795306982861571,0.0,False,49.92766203703703,Low,,
SOUTH GLOUCESTERSHIRE COUNCIL,9,428833.0,47648.11111111111,0.0,-0.0795808106398658,0.0,False,49.91801697530863,Low,7.0,67.0
MALVERN HEALTH CENTRE,20,1259533.42,62976.671,0.0,-0.1150825089523843,0.05,False,49.90354938271605,Low,,
CAMBRIDGE AVENUE MEDICAL CENTRE,18,1076625.32,59812.51777777778,0.0555555555555555,-0.1349519994350037,0.0,False,49.90354938271605,Low,3.0,221.0
WAGSTAFF INTERIORS GROUP,6,248286.99,41381.165,0.0,-0.0797584775971576,0.0,False,49.89872685185185,Low,1.0,552.0
MINISTRY OF JUSTICE,71,4517560.23,63627.60887323944,0.028169014084507,-0.1632484067787075,0.056338028169014,True,49.89390432098766,Low,1.0,552.0
VEOR SURGERY,33,2439585.76,73926.8412121212,0.0,-0.1489266749287945,0.2727272727272727,False,49.889081790123456,Low,0.0,590.0
AVENUE MEDICAL CENTRE,6,486483.18,81080.53,0.0,-0.135418289677851,0.1666666666666666,False,49.85532407407408,Low,,
NHS BASILDON AND BRENTWOOD CCG,40,7707207.83,192680.19575,0.0,-0.1403827931960516,0.2,False,49.84567901234568,Low,2.0,317.0
WESTERN SUSSEX HOSPITALS NHS FOUNDATION TRUST,217,176525581.6,813481.9428571429,0.0,-0.1494988674659295,0.2764976958525346,True,49.826388888888886,Low,,
VILLAGE HEALTH GROUP,13,525557.77,40427.52076923077,0.0,-0.0801447331519622,0.0,False,49.81192129629629,Low,8.0,61.0
ADELAIDE STREET SURGERY,13,638586.7,49122.053846153845,0.0,-0.1207351191025608,0.0769230769230769,False,49.7974537037037,Low,,
NORTHERN DEVON HEALTHCARE NHS TRUST,243,106579411.81,438598.40251028806,0.0,-0.147871111230048,0.2592592592592592,True,49.78780864197531,Low,,
WELLWAY MEDICAL GROUP,25,1517085.74,60683.4296,0.0,-0.1287376942088549,0.12,False,49.76851851851852,Low,,
WESTON AREA HEALTH NHS TRUST,35,11274216.69,322120.4768571428,0.0,-0.1630395790267889,0.4571428571428571,False,49.76851851851852,Low,,
RIVER BROOK MEDICAL CENTRE,19,1324096.09,69689.26789473684,0.0,-0.1159238164202659,0.0526315789473684,False,49.768518518518505,Low,3.0,221.0
SURREY 2 DOMICILIARY SPECSAVERS LTD,6,194863.61,32477.26833333333,0.0,-0.0806650910604017,0.0,False,49.75405092592592,Low,,
IPSOS MORI NORTH,63,8053343.93,127830.85603174602,0.0,-0.1321153985748432,0.1428571428571428,True,49.74922839506173,Low,0.0,590.0
NHS CHORLEY AND SOUTH RIBBLE CCG,22,4291140.35,195051.83409090908,0.0,-0.1234168512457715,0.0909090909090909,False,49.73958333333333,Low,2.0,317.0
MERSEY AND WEST LANCASHIRE TEACHING HOSPITALS NHST TRUST,59,31329626.94,531010.6261016949,0.0,-0.1613697255080997,0.4067796610169492,False,49.73958333333333,Low,,
WITH YOU CONSULTANCY,13,868709.64,66823.81846153847,0.0,-0.121008519804989,0.0769230769230769,False,49.71064814814815,Low,,
NHS NORTH LINCOLNSHIRE CCG,27,4931930.13,182664.07888888888,0.0,-0.1330954643322209,0.1481481481481481,False,49.69618055555556,Low,2.0,317.0
OXFORD BROOKES UNIVERSITY,13,2191246.17,168557.39769230768,0.0,-0.1339406397754388,0.1538461538461538,False,49.69618055555556,Low,,
OITUK LTD TA CCUBE SOLUTIONS,9,716058.96,79562.10666666666,0.0,-0.081113017985676,0.0,False,49.69618055555555,Low,1.0,552.0
NHS SANDWELL AND WEST BIRMINGHAM CCG,18,6740357.21,374464.28944444447,0.0,-0.1360329438982496,0.1666666666666666,False,49.68171296296296,Low,0.0,590.0
POLICE & CRIME COMMISSIONER FOR GREATER MANCHESTER,7,563490.52,80498.64571428571,0.0,-0.0812616709383444,0.0,False,49.67689043209876,Low,1.0,552.0
WESTERN ELMS SURGERY,11,744566.43,67687.85727272728,0.0,-0.1381971248075968,0.1818181818181818,False,49.67206790123457,Low,,
GAYNOR & PARTNERS,37,2732895.04,73862.0281081081,0.0,-0.1309134705538685,0.1351351351351351,False,49.66242283950617,Low,8.0,61.0
FRESHWORKS INC,7,362183.74,51740.53428571428,0.0,-0.081353347347038,0.0,False,49.65760030864197,Low,,
NHS ASHFORD CCG,5,1185307.0,237061.4,0.0,-0.1408847223460507,0.2,False,49.65277777777778,Low,,
SOURCECODE UK LTD,10,681477.0,68147.7,0.0,-0.1257192217400245,0.1,False,49.63348765432099,Low,,
STOKESLEY MEDICAL PRACTICE,34,3025098.7,88973.49117647059,0.0,-0.128801488030799,0.1176470588235294,False,49.628665123456784,Low,,
DR MEARS & PARTNERS,21,1701058.35,81002.77857142857,0.0,-0.1153105171986485,0.0476190476190476,False,49.62384259259259,Low,,
DELL CORPORATION LTD,703,29727251.31,42286.27497866287,0.0042674253200568,-0.1537946495273719,0.0327169274537695,False,49.6141975308642,Low,,
USER VOICE,24,1000529.59,41688.73291666667,0.0,-0.1142758073942923,0.0416666666666666,False,49.60937499999999,Low,0.0,590.0
ROYAL COLLEGE OF SURGEONS OF ENGLAND,22,861815.1,39173.41363636364,0.0,-0.1150067832512887,0.0454545454545454,False,49.6045524691358,Low,1.0,552.0
WYE VALLEY NHS TRUST,448,139075901.58,310437.2803125,0.0,-0.1348807182743091,0.1584821428571428,True,49.58526234567901,Low,5.0,91.0
NHS DEVON CCG,145,53357333.78,367981.6122758621,0.0,-0.1504586979089683,0.2758620689655172,False,49.57561728395061,Low,2.0,317.0
JAMES FISHER MEDICAL CENTRE,12,680310.96,56692.58,0.0,-0.1227510198879288,0.0833333333333333,False,49.53703703703703,Low,,
THREEWAYS SURGERY,16,1395351.0,87209.4375,0.0,-0.1396086614215131,0.1875,False,49.498456790123456,Low,2.0,317.0
DR S K SUR & PARTNERS,5,483016.66,96603.332,0.0,-0.0822840504065483,0.0,False,49.49363425925925,Low,,
ROYTON & CROMPTON FAMILY PRACTICE,15,702271.26,46818.084,0.0,-0.1196136264557393,0.0666666666666666,False,49.47434413580247,Low,,
BRUNEL UNIVERSITY,18,1858436.06,103246.44777777778,0.0,-0.1282870420365039,0.1111111111111111,False,49.469521604938265,Low,0.0,590.0
READING BOROUGH COUNCIL,8,360260.69,45032.58625,0.0,-0.082343164582272,0.0,False,49.46469907407407,Low,,
NHS ISLINGTON CCG,16,2262653.07,141415.816875,0.0,-0.1662313751501679,0.75,False,49.45987654320987,Low,,
NHS ISLE OF WIGHT CCG,15,3872977.14,258198.476,0.0,-0.1311209626521639,0.1333333333333333,False,49.45505401234568,Low,,
DR SIMMONITE & PARTNERS,9,954544.82,106060.53555555554,0.0,-0.1443460025951314,0.2222222222222222,False,49.45505401234568,Low,,
SP SERVICES (UK) LTD,14,2046623.64,146187.40285714288,0.0,-0.1437217195137858,0.2142857142857142,False,49.44058641975308,Low,,
PCC FOR CLEVELAND,10,561722.0,56172.2,0.0,-0.0824527487188235,0.0,False,49.435763888888886,Low,,
HM LAND REGISTRY,6,289577.44,48262.90666666667,0.0,-0.0827563487111344,0.0,False,49.3971836419753,Low,1.0,552.0
HIGHPARKS MEDICAL PRACTICE,8,462172.58,57771.5725,0.0,-0.0827672301670573,0.0,False,49.38753858024691,Low,,
ACADEMY OF MEDICAL ROYAL COLLEGES,15,1155830.61,77055.374,0.0,-0.1198567921607442,0.0666666666666666,False,49.37789351851852,Low,0.0,590.0
CEDARS SURGERY MAIDENHEAD,35,3012226.54,86063.61542857143,0.0,-0.1290383624838903,0.1142857142857142,False,49.37789351851851,Low,,
DR MM SINGH,15,1098575.72,73238.38133333334,0.0,-0.1314376897062629,0.1333333333333333,False,49.36824845679012,Low,,
UNIVERSITY OF TEESSIDE,11,3407629.3,309784.4818181818,0.0,-0.1508087628297367,0.2727272727272727,False,49.35860339506173,Low,,
BIO PRODUCTS LABORATORY,6,177981.0,29663.5,0.0,-0.0828856869459136,0.0,False,49.35860339506172,Low,0.0,590.0
SCIENTIFIC LABORATORY SUPPLIES LTD,13,3615767.45,278135.95769230765,0.0,-0.1458758214749953,0.2307692307692307,False,49.35378086419753,Low,,
LONG & PARTNERS,18,1359925.56,75551.42,0.0,-0.1285997471030883,0.1111111111111111,False,49.34413580246913,Low,,
QUEEN MARY UNIVERSITY OF LONDON,34,14147888.15,416114.3573529412,0.0,-0.1433216188336272,0.2058823529411764,True,49.33931327160494,Low,1.0,552.0
EVA HEALTH TECHNOLOGIES LTD,30,2440924.06,81364.13533333334,0.0,-0.1572112272720979,0.3333333333333333,False,49.33449074074073,Low,,
NHS BATH AND NORTH EAST SOMERSET CCG,20,2089694.44,104484.722,0.0,-0.1663874698439971,0.6,False,49.31520061728395,Low,,
ROYAL COLLEGE OF GENERAL PRACTITIONERS,48,4934623.74,102804.66125,0.0,-0.1436849641982733,0.2083333333333333,False,49.30555555555555,Low,0.0,590.0
LANCASTER MEDICAL PRACTICE,51,4065361.69,79712.97431372548,0.0,-0.1293757105126258,0.1176470588235294,True,49.30073302469136,Low,,
INTRAHEALTH LTD,354,36447966.74,102960.35802259888,0.0,-0.1463753663115299,0.231638418079096,False,49.29591049382716,Low,,
DR R J YOUNG & PARTNERS,12,745506.26,62125.52166666667,0.0,-0.0832104860383964,0.0,False,49.29108796296296,Low,,
AGE UK,27,5500655.3,203727.97407407407,0.0,-0.153410197222726,0.2962962962962963,False,49.28144290123456,Low,,
DRAYTON SURGERY,11,556628.46,50602.58727272727,0.0,-0.0834248556972749,0.0,False,49.28144290123456,Low,,
NHS ROTHERHAM CCG,32,6776074.81,211752.3378125,0.0,-0.1446937998263006,0.21875,False,49.257330246913575,Low,1.0,552.0
HARBURY SURGERY,16,1246754.4,77922.15,0.0,-0.0836594246957685,0.0,False,49.25250771604938,Low,,
ADAM PRACTICE,35,2436673.17,69619.23342857143,0.0,-0.1238948716074451,0.0857142857142857,False,49.23321759259258,Low,8.0,61.0
PRACTIVE LTD,13,1376100.2,105853.86153846154,0.0,-0.1224796630236901,0.0769230769230769,False,49.20910493827161,Low,,
LILLIE ROAD PRACTICE,5,249182.35,49836.47,0.0,-0.0838812939324076,0.0,False,49.204282407407405,Low,,
NHS WANDSWORTH CCG,19,6245569.24,328714.1705263158,0.0,-0.1502845021384028,0.2631578947368421,False,49.204282407407405,Low,,
AMERSHAM HEALTH CENTRE,8,622829.27,77853.65875,0.0,-0.0839635261758583,0.0,False,49.18499228395061,Low,,
NHS SOUTHWARK CCG,29,8603425.86,296669.8572413793,0.0,-0.1552060203884229,0.3103448275862069,True,49.18016975308642,Low,1.0,552.0
NHS HERTFORDSHIRE AND WEST ESSEX ICB,84,30127773.74,358663.9730952381,0.0,-0.1606094478044268,0.369047619047619,True,49.18016975308642,Low,3.0,221.0
NORTH EAST LONDON NHS FOUNDATION TRUST,396,172817005.47,436406.57946969697,0.0,-0.1362029863986975,0.1590909090909091,True,49.17534722222221,Low,,
RAMSBURY SURGERY,10,428960.8,42896.08,0.0,-0.0839912792538181,0.0,False,49.16570216049382,Low,,
GRAIL BIO UK LTD,8,2687780.0,335972.5,0.0,-0.084013440546959,0.0,False,49.15605709876543,Low,,
DAWES FAMILY PRACTICE,5,159760.16,31952.032,0.0,-0.0842092646592194,0.0,False,49.11747685185185,Low,,
UNIVERSITY COLLEGE BIRMINGHAM,6,357938.5,59656.41666666666,0.0,-0.0842196996780597,0.0,False,49.107831790123456,Low,,
LEWIS C P & PARTNERS,20,1288708.52,64435.426,0.0,-0.1172174395410045,0.05,False,49.10300925925925,Low,,
LEEDS ROAD PRACTICE,34,4011166.8,117975.49411764706,0.0,-0.139494142122518,0.1764705882352941,False,49.09336419753086,Low,,
REFUGEE COUNCIL,6,595806.75,99301.125,0.0,-0.0844759075421376,0.0,False,49.08854166666666,Low,,
QUARTER JACK SURGERY,10,476580.74,47658.074,0.0,-0.0846553227822401,0.0,False,49.06925154320987,Low,,
NHS NORTH NORFOLK CCG,12,4298088.98,358174.0816666667,0.0,-0.1489789136744772,0.25,False,49.06442901234567,Low,2.0,317.0
CHILCOTE SURGERY TORQUAY,6,448158.88,74693.14666666667,0.0,-0.084671574944762,0.0,False,49.05960648148148,Low,,
MARTELLO HEALTH CENTRE,10,548828.46,54882.846,0.0,-0.0848994482148285,0.0,False,49.04996141975308,Low,,
CHERTSEY HEALTH CENTRE,26,2614977.4,100576.05384615384,0.0,-0.1230749666699047,0.0769230769230769,False,49.025848765432094,Low,,
NORTH EAST LINCOLNSHIRE COUNCIL,11,508005.69,46182.33545454546,0.0,-0.085081642882767,0.0,False,49.0210262345679,Low,,
UNIVERSITY HEALTH SERVICE,5,162750.85,32550.17,0.0,-0.0851824347577318,0.0,False,49.0113811728395,Low,,
MANOR SURGERY (REDRUTH),30,2127623.59,70920.78633333332,0.0333333333333333,-0.13482539552129,0.0,False,48.99691358024691,Low,,
NAVIGO,47,5133569.61,109224.88531914896,0.0212765957446808,-0.1615057815586291,0.0425531914893617,False,48.99691358024691,Low,0.0,590.0
HEALTH INFORMATION CONSULTING LTD,9,277728.0,30858.666666666668,0.0,-0.0853475313017383,0.0,False,48.99209104938271,Low,,
DR MURPHY & PTRS,8,233846.76,29230.845,0.0,-0.085441972475423,0.0,False,48.97280092592592,Low,,
IMPERIAL COLLEGE HEALTH PARTNERS LTD,83,23828447.62,287089.7303614458,0.0,-0.1390909454779953,0.1686746987951807,False,48.96797839506173,Low,,
LAGOM STRATEGY LTD,7,233292.5,33327.5,0.0,-0.0855322877732092,0.0,False,48.96315586419753,Low,,
BIRBECK MEDICAL GROUP,24,1520798.14,63366.589166666665,0.0,-0.1162003856272836,0.0416666666666666,False,48.94386574074073,Low,,
WEST LONDON MENTAL HEALTH NHS TRUST,22,49986869.0,2272130.409090909,0.0,-0.1607848972551069,0.3636363636363636,False,48.93904320987654,Low,,
LUCKETT & PARTNERS,15,1020115.94,68007.72933333334,0.0,-0.121121580696773,0.0666666666666666,False,48.92457561728395,Low,,
NEWCASTLE 2 DOMICILIARY SPECSAVERS LTD,23,937537.62,40762.505217391306,0.0434782608695652,-0.136428916525629,0.0,False,48.91493055555555,Low,,
GIBSON LANE PRACTICE,30,2346466.0,78215.53333333334,0.0,-0.1212418540411945,0.0666666666666666,False,48.89564043209876,Low,,
IG MEDICAL,29,2279984.97,78620.17137931036,0.0,-0.1217439067434006,0.0689655172413793,False,48.89081790123456,Low,,
YORK MEDICAL PRACTICE,8,356567.96,44570.995,0.0,-0.0857406121362074,0.0,False,48.88599537037037,Low,,
LARWOOD HEALTH PARTNERSHIP,21,1200128.2,57148.96190476191,0.0,-0.1173021679456144,0.0476190476190476,False,48.88117283950617,Low,,
WAYSIDE PRACTICE,17,983981.92,57881.28941176471,0.0,-0.1196742434144448,0.0588235294117647,False,48.876350308641975,Low,,
NHS CAMBRIDGESHIRE AND PETERBOROUGH CCG,73,33915308.07,464593.2612328768,0.0,-0.1477981839872114,0.2328767123287671,False,48.84259259259259,Low,2.0,317.0
SHADBOLT PARK SURGERY,26,2417155.69,92967.52653846152,0.0,-0.1235951464347982,0.0769230769230769,False,48.8329475308642,Low,,
TAVYSIDE HEALTH CENTRE,9,509945.98,56660.66444444445,0.0,-0.0861927771505636,0.0,False,48.8184799382716,Low,,
NHS DORSET CCG,109,21834103.88,200312.8796330275,0.0,-0.1651934223117839,0.4036697247706422,False,48.813657407407405,Low,2.0,317.0
AAH PHARMACEUTICALS LTD,169,24501637.15,144980.10147928994,0.0059171597633136,-0.1547535802337598,0.0059171597633136,False,48.8136574074074,Low,,
NHS BIRMINGHAM AND SOLIHULL ICB,40,12841322.82,321033.07050000003,0.0,-0.1473196671195103,0.225,False,48.78472222222221,Low,3.0,221.0
PIMLICO HEALTH AT THE MARVEN SURGERY,21,1524898.35,72614.20714285715,0.0,-0.1348685832809737,0.1428571428571428,False,48.77507716049382,Low,,
NHS BEXLEY CCG,12,1665169.04,138764.08666666667,0.0,-0.1594208645086739,0.3333333333333333,False,48.77507716049382,Low,,
BIRMINGHAM TRUST FOR PSYCHOANALYTIC PSYCHOTHERAPY,17,1226323.53,72136.67823529412,0.0,-0.1404408334062062,0.1764705882352941,False,48.77507716049382,Low,,
OFLYNN & PARTNERS,7,325076.3,46439.47142857143,0.0,-0.0863558131074113,0.0,False,48.770254629629626,Low,,
BROADCARE SOFTWARE LTD,6,603663.26,100610.54333333332,0.0,-0.0863728688781579,0.0,False,48.75096450617284,Low,,
KING EDWARD ROAD SURGERY,22,1461146.67,66415.75772727272,0.0454545454545454,-0.1373546355512392,0.0,False,48.74131944444444,Low,8.0,61.0
DR S J PARKINSON & PARTNERS,11,357429.29,32493.571818181816,0.0,-0.0864044513895734,0.0,False,48.74131944444444,Low,,
NHS LEEDS CCG,47,14672009.56,312170.4161702128,0.0,-0.1510502497457784,0.2553191489361702,False,48.73649691358024,Low,2.0,317.0
ST LAWRENCE SURGERY,20,1154871.62,57743.581000000006,0.0,-0.118363183494706,0.05,False,48.73649691358024,Low,,
BISHOPS WALTHAM SURGERY,24,1670899.8,69620.825,0.0,-0.1251057603152744,0.0833333333333333,False,48.72685185185185,Low,,
PEAKE (GB) LTD,12,338847.52,28237.29333333333,0.0,-0.08644257962303,0.0,False,48.71238425925925,Low,,
LEEDS COMMUNITY HEALTHCARE NHS TRUST,327,82953431.16,253680.2176146789,0.0,-0.1449098297303545,0.2018348623853211,True,48.70756172839506,Low,5.0,91.0
CITY OF WESTMINSTER,7,519352.2,74193.17142857143,0.0,-0.0865637202323655,0.0,False,48.70273919753086,Low,7.0,67.0
168 MEDICAL GROUP,33,3348746.57,101477.16878787878,0.0,-0.120494980986044,0.0606060606060606,False,48.70273919753086,Low,,
CANON MEDICAL SYSTEMS LTD,74,4061496.56,54885.08864864865,0.0135135135135135,-0.1641850447785843,0.054054054054054,False,48.69309413580247,Low,,
HUCKNALL ROAD MEDICAL CENTRE,5,151599.4,30319.88,0.0,-0.0865937436040537,0.0,False,48.68344907407407,Low,,
SALFORD CVS,26,3416250.0,131394.23076923078,0.0,-0.1165072617975,0.0384615384615384,False,48.68344907407407,Low,,
NHS GLOUCESTERSHIRE CCG,92,20528461.53,223135.45141304348,0.0,-0.167644210786905,0.4456521739130434,False,48.67862654320987,Low,2.0,317.0
ISEER LTD,6,192606.0,32101.0,0.0,-0.0866929136289723,0.0,False,48.67380401234568,Low,,
INTEGRAL HEALTH SOLUTIONS LTD,58,7955953.28,137171.60827586206,0.0,-0.1607031937680889,0.3448275862068966,False,48.66898148148148,Low,,
BEDWELL MEDICAL CENTRE,6,293801.52,48966.920000000006,0.0,-0.0867708054457806,0.0,False,48.66415895061728,Low,,
CENTRAL LONDON COMMUNITY HEALTHCARE NHS TRUST,291,81316743.4,279438.98075601377,0.0,-0.1512184001733231,0.2542955326460481,True,48.65933641975308,Low,0.0,590.0
PTFS EUROPE LTD,5,163873.66999999998,32774.734,0.0,-0.0869554175405933,0.0,False,48.635223765432094,Low,,
NHS KENT AND MEDWAY ICB,97,33399372.28,344323.4255670103,0.0,-0.1555374751151284,0.2989690721649484,False,48.63522376543209,Low,3.0,221.0
NHS CHESHIRE AND MERSEYSIDE ICB,91,45431742.03,499249.9124175824,0.0,-0.1459050921689201,0.2087912087912088,True,48.62075617283951,Low,3.0,221.0
MENDIP COUNTRY PRACTICE,20,1423513.55,71175.6775,0.0,-0.1285040027132906,0.1,False,48.62075617283951,Low,,
XEROX (UK) LTD,85,59914496.29,704876.4269411764,0.0,-0.0870736484025932,0.0,False,48.6159336419753,Low,,
IBM UK LTD,325,97268486.18,299287.6497846154,0.0,-0.1407550102172794,0.1753846153846154,False,48.6111111111111,Low,,
Q2 HEALTH CONSULTING LTD,5,390173.67,78034.734,0.0,-0.0874130176035722,0.0,False,48.56770833333333,Low,,
VALENTINE HEALTH PARTNERSHIP,8,339911.58,42488.9475,0.0,-0.0875652044494976,0.0,False,48.55806327160494,Low,,
NANAVATI BA,5,182097.26,36419.452000000005,0.0,-0.0876218592758914,0.0,False,48.54841820987654,Low,,
DR B HEAP & M ARAM,5,288372.51,57674.502,0.0,-0.0877372272423219,0.0,False,48.52912808641975,Low,,
ANNA FREUD CENTRE,44,11749601.2,267036.3909090909,0.0,-0.1456613369223267,0.2045454545454545,False,48.52430555555555,Low,0.0,590.0
LAKHANI JORDAN BHATIA & PARTNERS,14,472750.83,33767.91642857143,0.0,-0.0877540485171285,0.0,False,48.51948302469136,Low,8.0,61.0
NHS WEST SUFFOLK CCG,54,17626767.23,326421.6153703704,0.0,-0.1519093167269955,0.2592592592592592,False,48.505015432098766,Low,2.0,317.0
PENDLESIDE MEDICAL PRACTICE,12,714089.86,59507.488333333335,0.0,-0.0878377162056026,0.0,False,48.50019290123456,Low,,
TAUNTON & SOMERSET NHS FOUNDATION TRUST,100,88805352.47,888053.5247,0.0,-0.1553713122954316,0.29,False,48.49537037037037,Low,,
CITY HOSPITALS SUNDERLAND FOUNDATION NHS TRUST,11,12597218.31,1145201.6645454546,0.0,-0.1627143592865981,0.3636363636363636,False,48.49537037037037,Low,,
PRIORY GROUP LTD,300,204987238.6,683290.7953333333,0.0,-0.1386163091773893,0.1633333333333333,False,48.456790123456784,Low,,
PUCKERIDGE & STANDON SURGERY,13,999888.12,76914.47076923077,0.0,-0.0880233964156087,0.0,False,48.45196759259259,Low,3.0,221.0
PUBLIC HEALTH ENGLAND,48,8408295.56,175172.8241666667,0.0,-0.1486254704486567,0.2291666666666666,True,48.44714506172839,Low,1.0,552.0
KING STREET SURGERY BEDFORD,6,352039.27,58673.21166666666,0.0,-0.0880568122926033,0.0,False,48.4423225308642,Low,,
NHS BUCKINGHAMSHIRE OXFORDSHIRE AND BERKSHIRE WEST ICB,46,19266609.9,418839.34565217386,0.0,-0.1474022714366205,0.217391304347826,False,48.4423225308642,Low,3.0,221.0
NHS HAMPSHIRE AND ISLE OF WIGHT ICB,71,27590781.09,388602.5505633803,0.0,-0.1528134778460975,0.2676056338028169,True,48.4375,Low,3.0,221.0
EFFICIO LTD,65,21804500.85,335453.8592307693,0.0,-0.1422277935385187,0.1846153846153846,False,48.4326774691358,Low,,
RAPE & SEXUAL ABUSE (RASA) CENTRE LTD,12,1009940.57,84161.71416666667,0.0,-0.0881417835661235,0.0,False,48.4326774691358,Low,,
SURGERY STEEDS MEADOW,7,356657.1,50951.014285714286,0.0,-0.0884168850864364,0.0,False,48.40374228395061,Low,,
DR FURN DAVIES & PARTNERS,12,1435618.66,119634.88833333332,0.0,-0.0885892899111408,0.0,False,48.36516203703703,Low,,
DR SIMPSON & PARTNERS CIRENCESTER,21,1928434.59,91830.21857142856,0.0,-0.1188385798696101,0.0476190476190476,False,48.36033950617284,Low,,
ORCHARD PARTNERSHIP (THE),15,846332.88,56422.192,0.0,-0.1228687813051187,0.0666666666666666,False,48.34587191358024,Low,,
RDE BLISWORTH HANSLOPE & GRANGE PARK SURGERIES,48,3508263.86,73088.83041666666,0.0,-0.1587374776299843,0.3125,False,48.34104938271605,Low,,
HUNTER HEALTHCARE RESOURCING LTD,15,481412.0,32094.13333333333,0.0,-0.0887136627923464,0.0,False,48.326581790123456,Low,,
BRIDGEWATER SURGERIES,30,1618392.7,53946.42333333333,0.0,-0.1229456681050357,0.0666666666666666,False,48.316936728395056,Low,,
NHS NORFOLK AND WAVENEY ICB,63,23991121.04,380811.44507936505,0.0,-0.1469041138698129,0.2063492063492063,False,48.31211419753086,Low,,
KIMS HOSPITAL LTD,44,26719455.41,607260.3502272727,0.0,-0.1276330281036315,0.0909090909090909,False,48.30246913580247,Low,,
NHS HERTS VALLEYS CCG,47,15864660.76,337545.9736170213,0.0,-0.1474236477017547,0.2127659574468085,False,48.30246913580246,Low,2.0,317.0
CHELSTON HALL SURGERY,5,477138.45,95427.69,0.0,-0.0887759042121619,0.0,False,48.297646604938265,Low,,
MILLSTREAM MEDICAL CENTRE,7,332535.4,47505.05714285715,0.0,-0.0888684703233668,0.0,False,48.27835648148148,Low,,
BRADFORD DISTRICT CARE NHS FOUNDATION TRUST,320,84258942.71,263309.19596875,0.0,-0.1340647783237051,0.128125,True,48.273533950617285,Low,5.0,91.0
DR PPJ FAULKNER & PARTNERS,26,2980478.16,114633.7753846154,0.0,-0.1253095511004285,0.0769230769230769,False,48.263888888888886,Low,,
NHS BEDFORDSHIRE CCG,51,18316798.84,359152.91843137256,0.0,-0.1523841762223461,0.2549019607843137,False,48.244598765432094,Low,2.0,317.0
BLACKMORE VALE PARTNERSHIP (THE),5,361011.54,72202.30799999999,0.0,-0.0893356022459922,0.0,False,48.2397762345679,Low,,
KINGSKERSWELL&IPPLEPEN MEDICAL PRACTICE,6,344647.83,57441.305,0.0,-0.0893850756255927,0.0,False,48.2301311728395,Low,,
NORTHOWRAM PRACTICE,10,544683.3200000001,54468.33200000001,0.0,-0.0894585174718402,0.0,False,48.22048611111111,Low,,
INHEALTH LTD,622,131028087.76,210656.08964630225,0.0,-0.1284243379491059,0.0948553054662379,False,48.21566358024691,Low,,
HIGHFIELD SURGERY BLACKPOOL,5,427871.72,85574.344,0.0,-0.0894644340355807,0.0,False,48.21084104938271,Low,,
INCREMENTAL GROUP LTD,12,635460.07,52955.00583333333,0.0,-0.1267686951968595,0.0833333333333333,False,48.20601851851851,Low,,
TSG ASSOCIATES LLP,5,151367.52000000002,30273.504000000004,0.0,-0.0895076805734605,0.0,False,48.19155092592592,Low,,
PEARTREE GROUP PRACTICE,12,702308.02,58525.668333333335,0.0,-0.0895435883143277,0.0,False,48.16261574074073,Low,,
CHEVELEY PARK MEDICAL CENTRE,10,500674.16,50067.416000000005,0.0,-0.0895582216101839,0.0,False,48.15297067901234,Low,,
COOL ICE BOX CO LTD,11,1007667.39,91606.12636363636,0.0,-0.1279410111964041,0.0909090909090909,False,48.14814814814815,Low,,
LYNDHURST SURGERY LYNDHURST,14,1076587.42,76899.10142857142,0.0,-0.0895779772146873,0.0,False,48.14332561728395,Low,,
WELLINGTON MEDICAL CENTRE,12,836629.42,69719.11833333333,0.0,-0.0895981082893648,0.0,False,48.13368055555555,Low,,
BAYWATER HEALTHCARE UK LTD,49,2175514.87,44398.262653061225,0.0204081632653061,-0.1354777971194929,0.0,False,48.11921296296296,Low,,
SOUTH AXHOLME PRACTICE,21,1332229.25,63439.48809523809,0.0,-0.1195960081811216,0.0476190476190476,False,48.10956790123457,Low,,
STENNACK SURGERY,16,1286867.33,80429.208125,0.0625,-0.1413399776974064,0.0,False,48.09992283950617,Low,,
DR S RASOOL,13,1004367.18,77259.01384615384,0.0,-0.0897454658516668,0.0,False,48.09510030864197,Low,,
DR J J LOWES & PARTNERS,5,482715.22,96543.044,0.0,-0.0897809533352308,0.0,False,48.075810185185176,Low,,
BOUNDS GREEN GROUP PRACTICE,26,3411996.2,131230.62307692308,0.0,-0.1181656231855251,0.0384615384615384,False,48.066165123456784,Low,,
HITACHI VANTARA LTD,108,27135055.09,251250.5100925926,0.0,-0.1541818905000689,0.2685185185185185,False,48.0613425925926,Low,,
CARNALL FARRAR LTD,175,30342877.68,173387.87245714286,0.0,-0.1507348422565748,0.2342857142857143,False,48.06134259259259,Low,,
SWANLOW MEDICAL CENTRE,9,542666.24,60296.24888888889,0.0,-0.0899401271814258,0.0,False,48.046875,Low,,
DR R G S QUARTLEY & PARTNERS,23,1790167.57,77833.37260869566,0.0,-0.1190818967864112,0.0434782608695652,False,48.0420524691358,Low,,
ELMS MEDICAL PRACTICE,10,667229.4,66722.94,0.0,-0.1296962096208269,0.1,False,48.02276234567901,Low,,
NORTHUMBRIA UNIVERSITY,21,2097954.51,99902.59571428572,0.0,-0.1372630206994358,0.1428571428571428,False,48.02276234567901,Low,,
HI WELDRICK LTD,5,127625.24,25525.048,0.0,-0.0900465490355541,0.0,False,47.99864969135802,Low,,
BLACK COUNTRY HEALTHCARE NHS FOUNDATION TRUST,151,61718760.32,408733.51205298014,0.0,-0.1581604245172175,0.2980132450331126,False,47.96489197530864,Low,,
LINCOLNSHIRE COUNTY COUNCIL,68,14880428.69,218829.8336764706,0.0,-0.1477688218315276,0.2058823529411764,False,47.95042438271605,Low,3.0,221.0
UNIVERSITY OF LIVERPOOL,57,29036238.83,509407.6987719298,0.0,-0.1625981780500963,0.3333333333333333,False,47.94560185185185,Low,0.0,590.0
CIPFA,8,851700.0,106462.5,0.0,-0.0901964955863769,0.0,False,47.94077932098765,Low,0.0,590.0
SWAN MEDICAL GROUP (THE),24,2098292.76,87428.865,0.0,-0.1189984527170233,0.0416666666666666,False,47.940779320987644,Low,,
DEVON DOCTORS LTD,26,1038919.41,39958.43884615385,0.0,-0.1185502911405607,0.0384615384615384,False,47.93113425925925,Low,,
WELLSPRING SURGERY,16,1020052.62,63753.28875,0.0,-0.1232285395472884,0.0625,False,47.91184413580247,Low,,
NHS WALTHAM FOREST CCG,15,3576331.59,238422.106,0.0,-0.1466342128900225,0.2,False,47.88773148148148,Low,1.0,552.0
BETHESDA MEDICAL CENTRE,10,366428.54,36642.85400000001,0.0,-0.090599012253734,0.0,False,47.88290895061728,Low,3.0,221.0
NHS NORTH EAST HAMPSHIRE AND FARNHAM CCG,13,2827437.98,217495.22923076924,0.0,-0.139407554318152,0.1538461538461538,True,47.873263888888886,Low,1.0,552.0
HINDON SURGERY,8,381964.32,47745.54,0.0,-0.0906008519522801,0.0,False,47.873263888888886,Low,,
MERSEY AND WEST LANCASHIRE TEACHING HOSPITALS NHS TRUST,158,164110411.63,1038673.4913291138,0.0,-0.1638063462236901,0.3417721518987341,False,47.8587962962963,Low,,
REGIS HEALTHCARE LTD,176,25316335.9,143842.81761363635,0.0,-0.1577345051182129,0.2897727272727273,False,47.85879629629629,Low,,
MEDICAL GROUP,21,1071373.67,51017.793809523806,0.0,-0.1201908236321346,0.0476190476190476,False,47.85879629629629,Low,,
SALFORD ROYAL HOSPITALS NHS FOUNDATION TRUST,60,101228593.75,1687143.2291666667,0.0,-0.1711664782724139,0.4333333333333333,True,47.853973765432094,Low,5.0,91.0
BANCROFT MEDICAL CENTRE,11,613648.4199999999,55786.22,0.0,-0.090738713805783,0.0,False,47.844328703703695,Low,,
NHS BRISTOL N SOMERSET S GLOS CCG,156,36456074.84,233692.78743589745,0.0,-0.1606889518749939,0.3141025641025641,False,47.82021604938271,Low,1.0,552.0
BRADLEY & PARTNERS,9,409602.37,45511.374444444446,0.0,-0.0909558924956717,0.0,False,47.80574845679012,Low,,
"NHS SHROPSHIRE, TELFORD AND WREKIN CCG",29,4871609.2700000005,167986.52655172415,0.0,-0.1555285459186872,0.2758620689655172,False,47.80092592592592,Low,,
DR WARD J P Q & PARTNERS,10,615806.28,61580.628,0.0,-0.0909877383472306,0.0,False,47.79610339506172,Low,,
DR JC MCCRUM & PARTNERS,23,2447368.32,106407.31826086956,0.0,-0.1197199983098362,0.0434782608695652,False,47.791280864197525,Low,,
APPRILIS LTD,9,292465.02,32496.11333333333,0.0,-0.1325715885153132,0.1111111111111111,False,47.78163580246913,Low,,
STAFFA HEALTH,19,1465503.2,77131.74736842106,0.0,-0.1317594979376667,0.1052631578947368,False,47.77681327160494,Low,,
NHS BOLTON CCG,33,6012540.68,182198.2024242424,0.0,-0.1440398628677202,0.1818181818181818,False,47.77199074074074,Low,2.0,317.0
HMRC,7,636745.77,90963.68142857144,0.0,-0.0910608072742697,0.0,True,47.76716820987654,Low,1.0,552.0
DR N S E HAYWARD & PARTNERS,19,1175760.49,61882.13105263158,0.0,-0.1216023948670613,0.0526315789473684,False,47.76234567901234,Low,,
NHS EAST SURREY CCG,10,2820532.11,282053.211,0.1,-0.1461825788416565,0.0,False,47.74305555555555,Low,2.0,317.0
NHS CANTERBURY AND COASTAL CCG,9,2790732.07,310081.3411111111,0.0,-0.1327895678773387,0.1111111111111111,False,47.72376543209876,Low,1.0,552.0
MOSAIQUE LTD,17,1377455.75,81026.80882352941,0.0,-0.123096457079273,0.0588235294117647,False,47.71894290123457,Low,,
MANCHESTER ROAD SURGERY SHEFFIELD,5,336074.43,67214.886,0.0,-0.0911879362560821,0.0,False,47.71894290123456,Low,,
SHEEP STREET SURGERY BURFORD,10,676105.56,67610.55600000001,0.0,-0.0912401981749449,0.0,False,47.69965277777777,Low,,
SOVEREIGN PRACTICE,24,1516143.3,63172.6375,0.0,-0.1196880062500638,0.0416666666666666,False,47.68036265432098,Low,,
KNOLL SURGERY,12,663148.12,55262.34333333333,0.0,-0.0914701456331396,0.0,False,47.67071759259259,Low,,
"NHS HAMPSHIRE, SOUTHAMPTON AND ISLE OF WIGHT CCG",28,9347822.13,333850.79035714286,0.0,-0.1534007992177309,0.25,False,47.65625,Low,,
LIVING POTENTIAL CONSULTING,12,2321045.58,193420.465,0.0,-0.0915008872957141,0.0,False,47.6514274691358,Low,0.0,590.0
OAK TREE FOREST LTD,192,25069551.74,130570.58197916666,0.0,-0.1560651146841244,0.2760416666666667,False,47.64660493827161,Low,,
POLICE & CRIME COMMISSIONER FOR SOUTH YORKSHIRE,18,5142722.16,285706.7866666667,0.0,-0.0915122083303792,0.0,False,47.641782407407405,Low,,
VIDA HEALTHCARE,17,730736.95,42984.52647058823,0.0,-0.091555719164416,0.0,False,47.63213734567901,Low,2.0,317.0
NHS NORTH EAST AND NORTH CUMBRIA ICB,85,27126514.48,319135.46447058825,0.0,-0.1494899569200283,0.2117647058823529,True,47.62731481481481,Low,3.0,221.0
CREST FAMILY PRACTICE,20,1095104.8,54755.240000000005,0.0,-0.1308154730300415,0.1,False,47.62731481481481,Low,,
DR RG SIGURDSSON & PARTNERS,26,1481323.09,56973.965,0.0,-0.1195818123074309,0.0384615384615384,False,47.62249228395062,Low,,
DE LAGE LANDEN LEASING LTD,8,289482.96,36185.37,0.0,-0.0915920852140818,0.0,False,47.61284722222221,Low,,
TOGETHERALL,16,1468424.0,91776.5,0.0,-0.1453131410968921,0.1875,False,47.608024691358025,Low,,
KINGSTON UNIVERSITY,8,1056842.65,132105.33125,0.0,-0.1354067767585493,0.125,False,47.60320216049382,Low,,
NHS BEDFORDSHIRE LUTON AND MILTON KEYNES ICB,46,19828408.87,431052.36673913046,0.0,-0.1461642542781792,0.1956521739130435,False,47.59837962962963,Low,3.0,221.0
DR K SAMAL & PTR,17,1060269.88,62368.81647058823,0.0,-0.1234128004241625,0.0588235294117647,False,47.59355709876543,Low,,
DR ME GLAZE & PARTNERS,6,354225.01,59037.50166666667,0.0,-0.0917302938533503,0.0,False,47.58391203703703,Low,,
LEDBURY HEALTH PARTNERSHIP,14,690060.92,49290.06571428572,0.0,-0.0918535059455828,0.0,False,47.57426697530863,Low,,
GOLDEN BROOK PRACTICE,20,2106756.21,105337.8105,0.0,-0.1310268926170816,0.1,False,47.55979938271605,Low,,
DR PEARSON R L & PARTNERS,16,1024801.56,64050.0975,0.0,-0.1355616382338457,0.125,False,47.55497685185185,Low,,
SOLUTIONS STRATEGY RESEARCH FACILITATION LTD,9,295291.76,32810.195555555554,0.0,-0.0919922859877088,0.0,False,47.55497685185185,Low,,
BOWLAND MEDICAL PRACTICE,25,2085139.38,83405.5752,0.0,-0.1279038413779169,0.08,False,47.545331790123456,Low,,
LINTHORPE SURGERY,28,2154473.74,76945.49071428573,0.0,-0.1325147492441316,0.1071428571428571,False,47.54050925925925,Low,,
DR MJ SHAH & VM SHAH,7,263348.92,37621.27428571428,0.0,-0.0921578175075077,0.0,False,47.535686728395056,Low,,
C J D PEACH,5,508255.3,101651.06,0.0,-0.0922186683175203,0.0,False,47.516396604938265,Low,,
NHS CROYDON CCG,14,2737415.27,195529.66214285715,0.0,-0.1386057285587359,0.1428571428571428,True,47.51157407407408,Low,1.0,552.0
NESTON MEDICAL CENTRE,10,504743.98,50474.398,0.0,-0.0922683221709372,0.0,False,47.50675154320987,Low,,
WELLS HEALTH CENTRE GLASTONBURY ROAD WELLS,8,794527.05,99315.88125,0.125,-0.148392545454868,0.0,False,47.49710648148148,Low,,
LUCKRAFT & PARTNERS,18,1164920.6,64717.81111111112,0.0,-0.1231325054262878,0.0555555555555555,False,47.46334876543209,Low,8.0,61.0
HIPPO DIGITAL LTD,242,55006997.89,227301.6441735537,0.0,-0.1531510365548081,0.2438016528925619,False,47.4440586419753,Low,,
YOR LOCAL MEDICAL COMMITTEE LTD,6,379377.03,63229.505000000005,0.0,-0.1426233706737208,0.1666666666666666,False,47.4440586419753,Low,,
DR LUMLEY L C & PARTNERS,10,464944.26,46494.426,0.0,-0.092536224470451,0.0,False,47.43923611111111,Low,,
OLIVE JAR DIGITAL LTD,15,1714753.07,114316.87133333334,0.0,-0.1479104023777249,0.2,False,47.42476851851852,Low,,
HOLSWORTHY HEALTH CENTRE HOLSWORTHY,18,1436713.61,79817.42277777777,0.0,-0.1233095809453749,0.0555555555555555,False,47.41512345679011,Low,,
GUISELEY & YEADON MEDICAL PRACTICE,13,702326.34,54025.10307692307,0.0,-0.0926789008802461,0.0,False,47.41030092592592,Low,,
WIRRAL COMMUNITY NHS FT,94,16945272.19,180268.8530851064,0.0,-0.1555523935200248,0.2659574468085106,False,47.38618827160494,Low,5.0,91.0
UPTON SURGERY,11,524600.18,47690.92545454546,0.0,-0.0927028743891502,0.0,False,47.38136574074073,Low,,
DR NJ MUTTUCHUMARU,29,2716987.36,93689.21931034482,0.0,-0.1380529115696498,0.1379310344827586,False,47.38136574074073,Low,,
JAMES COCHRANE PRACTICE,5,486980.92,97396.184,0.0,-0.0927069856225623,0.0,False,47.37172067901234,Low,,
NHS DEVON ICB,77,20234146.91,262781.1287012988,0.0,-0.1637146500518837,0.3246753246753247,False,47.34760802469136,Low,3.0,221.0
BEECH TREE SURGERY,16,571846.96,35740.435,0.0,-0.0929067043629386,0.0,False,47.33314043209876,Low,3.0,221.0
WHEATFIELD SURGERY,6,373237.02,62206.170000000006,0.0,-0.0929830086109406,0.0,False,47.32349537037037,Low,,
HMC (KIMBERLEY)LTD,5,278346.11,55669.222,0.0,-0.0930158110992063,0.0,False,47.31385030864197,Low,,
NHS FYLDE & WYRE CCG,20,5751625.85,287581.2925,0.0,-0.1224662201729765,0.05,False,47.30902777777777,Low,2.0,317.0
UNIVERSITY OF MANCHESTER (THE),125,44987733.01,359901.86408,0.0,-0.1614471561425932,0.304,False,47.29938271604938,Low,,
NHS LAMBETH CCG,23,3732809.47,162296.06391304347,0.0,-0.1714603422232904,0.391304347826087,False,47.29456018518518,Low,,
NHS BARNET CCG,5,1434805.96,286961.192,0.0,-0.1724827777857434,0.4,False,47.27527006172839,Low,,
DR HARKNESS & PARTNERS,12,1520126.62,126677.21833333334,0.0,-0.1289899999449046,0.0833333333333333,False,47.27044753086419,Low,2.0,317.0
NHS OXFORDSHIRE CCG,71,15944584.93,224571.6187323944,0.0,-0.1550784348763986,0.2535211267605634,False,47.27044753086419,Low,2.0,317.0
BURGES SALMON LLP,6,184174.83,30695.805000000004,0.0,-0.0932244404129278,0.0,False,47.2559799382716,Low,,
TRUSTMARQUE SOLUTIONS LTD,272,69510987.17,255555.0998897059,0.0,-0.1422359400599321,0.1654411764705882,False,47.231867283950606,Low,,
NHS CORNWALL AND THE ISLES OF SCILLY ICB,45,12938144.84,287514.3297777778,0.0,-0.1517091082320807,0.2222222222222222,False,47.22704475308642,Low,3.0,221.0
ESPLANADE SURGERY,18,1606786.3,89265.90555555555,0.0,-0.0933351576818303,0.0,False,47.21739969135802,Low,,
LUTON & DUNSTABLE HOSPITAL NHS FOUNDATION TRUST,73,63784610.97,873761.7941095891,0.0,-0.1577712085457815,0.273972602739726,False,47.19328703703703,Low,,
DEVON TRAINING HUB LTD,16,2326829.15,145426.821875,0.0,-0.1547628355513951,0.25,False,47.18364197530864,Low,,
NHS LINCOLNSHIRE CCG,61,16425145.44,269264.6793442623,0.0,-0.1646821226459049,0.3278688524590163,False,47.18364197530864,Low,2.0,317.0
CSC COMPUTER SCIENCES LTD,9,273205.26,30356.14,0.0,-0.0934601749928363,0.0,False,47.17881944444444,Low,,
HAMSTREET SURGERY,13,715834.8,55064.21538461539,0.0,-0.093546811869495,0.0,False,47.14988425925925,Low,,
CONFEDERATION HILLINGDON CIC (THE),24,3432625.43,143026.05958333332,0.0,-0.1548789352255889,0.25,False,47.14506172839506,Low,,
LAKESIDE PRACTICE,10,623561.37,62356.137,0.0,-0.0935609337658594,0.0,False,47.14023919753086,Low,,
DR BLOXHAM & PARTNERS,17,990583.06,58269.59176470589,0.0,-0.1247270618286745,0.0588235294117647,False,47.13059413580247,Low,,
UNIVERSITY OF HUDDERSFIELD HEC,14,2773681.54,198120.11,0.0,-0.1398654501082888,0.1428571428571428,False,47.125771604938265,Low,,
GELDER LTD,15,1226632.11,81775.474,0.0,-0.1381065855813102,0.1333333333333333,False,47.12094907407407,Low,,
BAE SYSTEMS APPLIED INTELLIGENCE,10,996000.0,99600.0,0.0,-0.148959925321727,0.2,False,47.11612654320988,Low,,
NHS COVENTRY AND WARWICKSHIRE ICB,32,13721931.51,428810.3596875,0.0,-0.1310615587647098,0.09375,False,47.10165895061728,Low,3.0,221.0
DR JONES & PARTNERS CAMBRIDGE,10,519003.48,51900.348,0.0,-0.0937591863409313,0.0,False,47.10165895061728,Low,,
CORNWALL PARTNERSHIP NHS FOUNDATION TRUST,153,56862939.59,371653.19993464055,0.0,-0.1528011431720156,0.2287581699346405,False,47.09683641975308,Low,0.0,590.0
OAKRIDGE PARK MEDICAL CENTRE,7,367305.6,52472.228571428575,0.0,-0.0938040752634663,0.0,False,47.092013888888886,Low,,
NHS DORSET ICB,41,12694423.24,309620.07902439026,0.0,-0.1448802500223475,0.1707317073170731,False,47.07754629629629,Low,3.0,221.0
ASPEN MEDICAL PRACTICE,12,567186.76,47265.56333333333,0.0,-0.0938816683289231,0.0,False,47.072723765432094,Low,,
NHS GREENWICH CCG,13,3453231.88,265633.2215384615,0.0,-0.1531798618378248,0.2307692307692307,False,47.05825617283951,Low,,
HIGH ST SURGERY,10,526430.02,52643.002,0.0,-0.0939965322878646,0.0,False,47.03414351851851,Low,,
MENDIP VALE MEDICAL PRACTICE,35,3208920.41,91683.44028571428,0.0,-0.1200604669220201,0.0285714285714285,False,47.01003086419752,Low,2.0,317.0
OXTED HEALTH CENTRE,6,443309.27,73884.87833333334,0.0,-0.0942054879641646,0.0,False,46.99556327160494,Low,,
DR MCINTYRE & PARTNERS,20,1652504.89,82625.2445,0.0,-0.1233755995797969,0.05,False,46.99074074074073,Low,,
MOUNTAIN HEALTHCARE LTD,763,76614859.15,100412.65943643512,0.0,-0.1282852927711418,0.0747051114023591,False,46.98109567901234,Low,,
KINGSTON HEALTH CENTRE,14,953646.96,68117.64,0.0,-0.1278774477970208,0.0714285714285714,False,46.97145061728395,Low,,
NHS MANCHESTER CCG,73,16580881.54,227135.36356164384,0.0,-0.1568946104518915,0.2602739726027397,False,46.96180555555556,Low,2.0,317.0
MASTERCALL HEALTHCARE,12,404798.4,33733.2,0.0,-0.1296503437384095,0.0833333333333333,False,46.95216049382715,Low,5.0,91.0
KAINOS SOFTWARE LTD,25,4885287.53,195411.5012,0.0,-0.1368415678668592,0.12,False,46.94251543209876,Low,,
DR POWIS M D & PARTNERS,16,601431.11,37589.444375,0.0,-0.0943919409980499,0.0,False,46.93769290123456,Low,,
FILEY SURGERY,14,1078096.84,77006.91714285714,0.0,-0.094568073771598,0.0,False,46.91840277777777,Low,,
MEDICAL CENTRE CRYSTAL PEAKS,13,764682.64,58821.74153846154,0.0,-0.0945889251936504,0.0,False,46.90875771604938,Low,,
SOUTH MILFORD SURGERY,10,499781.36,49978.136,0.0,-0.0946564983572814,0.0,False,46.89911265432099,Low,3.0,221.0
GLENLYN MEDICAL CENTRE,17,1546246.44,90955.67294117648,0.0,-0.1254262845911362,0.0588235294117647,False,46.89911265432099,Low,,
NHS GREATER PRESTON CCG,21,4355077.28,207384.6323809524,0.0,-0.1321607544339018,0.0952380952380952,False,46.8798225308642,Low,2.0,317.0
COLERIDGE MEDICAL CENTRE,5,438638.5,87727.7,0.0,-0.0947026390412703,0.0,False,46.8701774691358,Low,,
HEALTH & SOCIAL CARE INFORMATION CENTRE,141,43894976.61,311311.8908510638,0.0,-0.1603558068416189,0.2836879432624113,False,46.8653549382716,Low,1.0,552.0
DR P EVERDEN & PARTNERS,8,676479.8,84559.975,0.0,-0.0947030726067986,0.0,False,46.860532407407405,Low,,
AIRE LOGIC LTD,548,78058083.5,142441.75821167885,0.0,-0.1381590130876183,0.1259124087591241,False,46.84606481481482,Low,,
POOLE HOSPITAL NHS FOUNDATION TRUST,140,125548515.03,896775.1073571428,0.0,-0.1571695541087217,0.2571428571428571,False,46.83159722222222,Low,,
BRAINTREE SPECSAVERS,13,389937.23,29995.171538461535,0.0,-0.0947958543348642,0.0,False,46.83159722222221,Low,4.0,136.0
EDGE HILL UNIVERSITY,44,7487232.8,170164.3818181818,0.0,-0.1703486086774232,0.3636363636363636,False,46.82677469135802,Low,1.0,552.0
3SIXTY CARE LTD,7,734117.23,104873.89,0.0,-0.0948251712204461,0.0,False,46.82195216049382,Low,,
DR P D KERR & PARTNERS,5,468442.31000000006,93688.462,0.0,-0.0948413143835141,0.0,False,46.81230709876543,Low,,
TUXFORD MEDICAL CENTRE,28,1850102.45,66075.0875,0.0,-0.1213485242027066,0.0357142857142857,False,46.79783950617284,Low,,
DR KANNEGANTI & PTR,7,239361.39,34194.48428571429,0.0,-0.0950344311019961,0.0,False,46.764081790123456,Low,2.0,317.0
THE CHILDREN'S TRUST,15,6139344.66,409289.644,0.0,-0.1275802186263152,0.0666666666666666,False,46.74479166666666,Low,,
MARLOW MEDICAL GROUP,17,732162.42,43068.37764705883,0.0,-0.0951175803877756,0.0,False,46.735146604938265,Low,,
SWALLOWFIELD MEDICAL PRACTICE,10,477465.1,47746.51,0.0,-0.0951210650857483,0.0,False,46.72550154320987,Low,,
NHS WOLVERHAMPTON CCG,28,5262606.100000001,187950.21785714288,0.0,-0.1610585143565153,0.2857142857142857,False,46.72067901234568,Low,2.0,317.0
NHS NORTH WEST LONDON CCG,30,12600106.78,420003.5593333333,0.0,-0.1394741056487082,0.1333333333333333,False,46.71585648148148,Low,2.0,317.0
AUCKLAND MEDICAL GROUP,13,822220.72,63247.74769230769,0.0,-0.0951394502623364,0.0,False,46.71585648148148,Low,,
WOMEN & GIRLS NETWORK,12,1492111.06,124342.58833333332,0.0,-0.0951408963841056,0.0,False,46.70621141975308,Low,,
JAMISON & PARTNERS,8,374572.33,46821.54125,0.0,-0.0951648114375083,0.0,False,46.69656635802468,Low,3.0,221.0
DE SILVO LTD,5,132816.94,26563.388,0.0,-0.095212760910861,0.0,False,46.68692129629629,Low,,
ACCENTURE (UK) LTD,411,129020706.5,313918.99391727493,0.0,-0.140342419997928,0.1386861313868613,False,46.682098765432094,Low,,
TRAFFORD PRIMARY HEALTH LTD,8,490000.0,61250.0,0.0,-0.1825484594514939,0.5,False,46.65798611111112,Low,,
NHS SUNDERLAND CCG,28,8312926.48,296890.23142857145,0.0,-0.1287110785794063,0.0714285714285714,True,46.63387345679012,Low,2.0,317.0
ARCHUS LTD,22,1262420.02,57382.72818181818,0.0,-0.1319237552937002,0.0909090909090909,False,46.63387345679012,Low,,
KORN FERRY (UK) LTD,20,3159377.38,157968.869,0.0,-0.1338882853464528,0.1,False,46.63387345679012,Low,,
MID DOWNS MEDICAL PRACTICE,18,1384816.39,76934.24388888889,0.0,-0.1362148511042288,0.1111111111111111,False,46.62422839506173,Low,,
DR MEHTA & PARTNERS,7,317586.63,45369.51857142857,0.0,-0.0955121945719106,0.0,False,46.61940586419753,Low,,
ADDERLEY GREEN MEDICAL SERVICES LTD,10,636807.97,63680.797,0.0,-0.0955904802197224,0.0,False,46.59047067901234,Low,,
DR R WESTERMAN & PARTNERS,5,281716.98,56343.39599999999,0.0,-0.0956387241284421,0.0,False,46.57118055555555,Low,2.0,317.0
WORK PSYCHOLOGY LTD,7,973506.0,139072.2857142857,0.0,-0.0956575066836372,0.0,False,46.56153549382715,Low,,
AINSDALE MEDICAL CENTRE,25,1722628.75,68905.15,0.0,-0.1301092671140852,0.08,False,46.532600308641975,Low,,
SQW LTD,15,628483.92,41898.928,0.0,-0.0958113988935986,0.0,False,46.53260030864197,Low,,
RESTORE PLC,5,144430.1,28886.02,0.0,-0.0958920127996,0.0,False,46.522955246913575,Low,,
NHS KERNOW CCG,87,32163358.78,369693.7790804598,0.0,-0.1486714232849574,0.1839080459770115,False,46.51813271604938,Low,2.0,317.0
OPTICAL WORLD,7,208764.39,29823.484285714283,0.0,-0.0960624685721968,0.0,False,46.503665123456784,Low,4.0,136.0
HINDUJA GLOBAL SOLUTIONS UK LTD,102,48240474.58,472945.82921568624,0.0,-0.1358293949974622,0.1078431372549019,False,46.4988425925926,Low,,
YORK MEDICAL GROUP,50,4543715.79,90874.3158,0.0,-0.1380240231377966,0.12,False,46.48919753086419,Low,,
DR DODDRELL & PARTNERS,14,1101483.36,78677.38285714285,0.0,-0.0962241814539786,0.0,False,46.484375,Low,,
XYTAL HEALTH MANAGEMENT LTD,35,1288434.99,36812.42828571428,0.0,-0.1265006812926088,0.0571428571428571,False,46.47472993827161,Low,,
ROCHE DIAGNOSTICS LTD,13,2746086.32,211237.4092307692,0.0,-0.0963086380014458,0.0,False,46.4747299382716,Low,,
LEATSIDE SURGERY TOTNES,5,387890.59,77578.11799999999,0.0,-0.0963666214908402,0.0,False,46.43614969135802,Low,,
RAILWAY MEDICAL GROUP,30,1822462.87,60748.76233333334,0.0,-0.1223622228846067,0.0333333333333333,False,46.426504629629626,Low,,
HADLEIGH HEALTH CENTRE,14,714632.72,51045.194285714286,0.0,-0.0964347839572516,0.0,False,46.41685956790123,Low,,
BOURNEMOUTH UNIVERSITY,15,1286484.47,85765.63133333334,0.0,-0.1283255399854145,0.0666666666666666,False,46.40721450617284,Low,0.0,590.0
DR J D HODGSON & PARTNERS,35,3272213.13,93491.8037142857,0.0,-0.1376960037951246,0.1142857142857142,False,46.39756944444444,Low,3.0,221.0
NHS SOMERSET CCG,97,26180245.13,269899.4343298969,0.0,-0.1535432525194381,0.2164948453608247,False,46.39274691358025,Low,2.0,317.0
CASTLE PRACTICE (THE),14,702260.08,50161.43428571429,0.0,-0.0966255691713568,0.0,False,46.37827932098765,Low,,
RUGBY VISION PLUS LTD,6,172217.46,28702.91,0.0,-0.0966356470065647,0.0,False,46.36863425925925,Low,,
COBALT HEALTH,91,24173639.25,265644.3873626374,0.0,-0.1478617462722465,0.1758241758241758,False,46.363811728395056,Low,,
POWERON PLATFORMS LTD,6,219046.0,36507.66666666666,0.0,-0.0966412476958072,0.0,False,46.35898919753086,Low,,
EDGE HEALTH LTD,22,1530414.0,69564.27272727272,0.0,-0.124229078621681,0.0454545454545454,False,46.35416666666666,Low,,
ATTENBOROUGH SURGERY,13,982492.6,75576.35384615386,0.0,-0.0966589418156867,0.0,False,46.34934413580247,Low,,
LEEDS CITY COUNCIL,7,381898.57,54556.938571428575,0.0,-0.0967169279595629,0.0,False,46.33969907407407,Low,7.0,67.0
JOLLY SS,18,1399363.88,77742.43777777777,0.0,-0.126619687851141,0.0555555555555555,False,46.31558641975308,Low,,
DR M MILLER & PARTNERS,10,1247518.42,124751.842,0.0,-0.0969320112904701,0.0,False,46.291473765432094,Low,3.0,221.0
ERNST & YOUNG LLP,54,11053224.36,204689.34,0.0,-0.1402163339005492,0.1296296296296296,False,46.2866512345679,Low,,
NORTHWAY SURGERY,16,1134500.9,70906.30625,0.0,-0.0969924842519953,0.0,False,46.281828703703695,Low,,
CHISNELL P & PARTNERS,5,443745.0,88749.0,0.0,-0.0970441174231166,0.0,False,46.2721836419753,Low,,
DR M PATEL,5,319428.3,63885.66,0.0,-0.0970607541217734,0.0,False,46.26253858024691,Low,,
DR D S MCMASTER & PARTNER,8,473997.25,59249.65625,0.0,-0.0971184274425972,0.0,False,46.24324845679012,Low,,
CATHEDRAL MEDICAL CENTRE,15,1135261.24,75684.08266666667,0.0,-0.0971683659430535,0.0,False,46.22395833333333,Low,,
FRONTIER ECONOMICS LTD,12,1019355.0,84946.25,0.0,-0.131814436585907,0.0833333333333333,False,46.21913580246913,Low,,
ALEXANDRA OPTICIANS,8,255386.26,31923.2825,0.0,-0.0974667057699123,0.0,False,46.19502314814815,Low,4.0,136.0
HSL (FM) LLP,77,64156251.44,833198.0706493506,0.0,-0.0974933309623689,0.0,False,46.18537808641975,Low,,
CLIFTON ROAD SURGERY,21,2677747.39,127511.78047619048,0.0,-0.1341042320961171,0.0952380952380952,False,46.17573302469136,Low,,
DR DALTON & PARTNER,11,395384.22,35944.020000000004,0.0,-0.0975001851866771,0.0,False,46.17573302469136,Low,,
AVENUES MEDICAL CENTRE,19,1328000.28,69894.75157894737,0.0,-0.1265042537822732,0.0526315789473684,False,46.17091049382716,Low,8.0,61.0
SHEEPCOT MEDICAL CENTRE,9,401360.66,44595.628888888896,0.0,-0.0975845569214313,0.0,False,46.15644290123456,Low,,
PRIORY AVENUE SURGERY HIGH WYCOMBE,14,1437413.48,102672.39142857144,0.0,-0.1296798316534997,0.0714285714285714,False,46.15162037037037,Low,,
LANDSCAPE PRINTING SYSTEMS LTD,5,548292.0499999999,109658.41,0.0,-0.0975894843574247,0.0,False,46.14679783950616,Low,,
JANSSEN CILAG LTD,14,2093169.52,149512.10857142857,0.0714285714285714,-0.148821101644544,0.0,False,46.13715277777777,Low,,
JERICO HEALTH CENTRE BOGDANOR,9,325610.08,36178.897777777776,0.0,-0.0976140083925845,0.0,False,46.12750771604938,Low,,
PORTSDOWN GROUP PRACTICE,40,2669945.21,66748.63025,0.0,-0.1353389546944652,0.1,False,46.12268518518518,Low,,
COMMUNITY HEALTH PARTNERSHIPS LTD,483,71936560.27,148936.97778467907,0.0,-0.1344240385748723,0.0973084886128364,False,46.113040123456784,Low,,
NORTH END SURGERY,16,716272.35,44767.021875,0.0,-0.0977606415989215,0.0,False,46.0985725308642,Low,,
CARLISLE HEALTHCARE,24,1281182.73,53382.61375,0.0,-0.1242385984534413,0.0416666666666666,False,46.09857253086419,Low,,
UK HEALTH SECURITY AGENCY,71,17241721.89,242841.1533802817,0.0,-0.1541920000580742,0.2112676056338028,False,46.09375,Low,3.0,221.0
SPRING HALL MEDICAL PRACTICE,12,690567.54,57547.295000000006,0.0,-0.0977622313215615,0.0,False,46.0889274691358,Low,,
ZOES PLACE BABY HOSPICE,9,2544758.0,282750.8888888889,0.0,-0.0979009183853581,0.0,False,46.079282407407405,Low,7.0,67.0
POTTERELLS MEDICAL CENTRE,13,678329.02,52179.15538461538,0.0,-0.0979213447676888,0.0,False,46.06963734567901,Low,,
PORTISHEAD MEDICAL GROUP,33,2124154.58,64368.32060606061,0.0,-0.1280081713412015,0.0606060606060606,False,46.05999228395061,Low,,
CANTERBURY CHRIST CHURCH UNIVERSITY,26,7808989.94,300345.76692307694,0.0,-0.130933804632646,0.0769230769230769,False,46.045524691358025,Low,,
IDE LANE SURGERY EXETER,11,677665.62,61605.965454545454,0.0,-0.098069629039788,0.0,False,46.04070216049382,Low,,
OLD BRIDGE SURGERY,17,1297054.83,76297.34294117648,0.0588235294117647,-0.1475607242925646,0.0,False,46.03587962962963,Low,,
DR JP MOUNTY & PARTNERS,11,500309.2,45482.65454545455,0.0,-0.0981090137307734,0.0,False,46.03105709876543,Low,,
BRIDGEGATE MEDICAL CENTRE,26,2169276.35,83433.70576923077,0.0,-0.12395769498689,0.0384615384615384,False,46.02141203703704,Low,,
POLICE & CRIME COMMISSIONER FOR BEDFORDSHIRE,28,2835073.88,101252.63857142856,0.0,-0.1236660277390722,0.0357142857142857,False,46.00694444444444,Low,,
DR A KAYE & PARTNERS,7,457625.46,65375.06571428572,0.0,-0.0983049825470916,0.0,False,45.982831790123456,Low,,
DYKES HALL MEDICAL CENTRE,9,466261.34,51806.81555555555,0.0,-0.0983767735123298,0.0,False,45.973186728395056,Low,,
MULLION & CONSTANTINE GROUP PRACTICE,17,980829.95,57695.87941176471,0.0588235294117647,-0.1477123183803535,0.0,False,45.96836419753086,Low,,
DR OBRIEN D C & DR MATIOPOULOU V,7,384178.92,54882.70285714285,0.0,-0.0983994769552538,0.0,False,45.96354166666666,Low,,
REDWOOD TECHNOLOGIES LTD,6,933310.64,155551.77333333337,0.0,-0.0984443508988573,0.0,False,45.94425154320987,Low,,
TOTAL GAS & POWER LTD,10,437956.58,43795.658,0.1,-0.1518801661585262,0.0,False,45.93942901234567,Low,,
MOTT MACDONALD LTD,305,67003851.26,219684.75822950815,0.0,-0.1468558420183085,0.1639344262295081,False,45.920138888888886,Low,,
SOUTHERNSBROADSTOCK LTD,47,7815076.01,166278.2129787234,0.0,-0.1446209222174234,0.1489361702127659,False,45.91531635802469,Low,,
PONTELAND MEDICAL GROUP,13,563911.58,43377.81384615384,0.0,-0.0984818489065026,0.0,False,45.91531635802468,Low,3.0,221.0
DR COOPER & PARTNERS ROTHERHAM,12,868073.8200000001,72339.485,0.0,-0.0985145362156953,0.0,False,45.90567129629629,Low,,
DEVELOPING HEALTH & INDEPENDENCE,7,990539.0,141505.57142857142,0.0,-0.0985648417144178,0.0,False,45.8960262345679,Low,,
LINGWELL CROFT SURGERY,8,416276.68,52034.585,0.0,-0.0986645267786655,0.0,False,45.8863811728395,Low,,
AINTREE UNIVERSITY HOSPITALS NHS FOUNDATION TRUST,85,50914799.57,598997.642,0.0,-0.1744523029243234,0.3529411764705882,False,45.8815586419753,Low,5.0,91.0
EAST LANE SURGERY CHIEVELEY,9,1092675.27,121408.36333333334,0.0,-0.0987052453719781,0.0,False,45.87673611111111,Low,,
TELEFONICA O2 UK LTD,282,38900058.54,137943.47,0.0,-0.1515555112240867,0.1914893617021276,False,45.86709104938271,Low,,
BLENHEIM MEDICAL CENTRE,12,605697.79,50474.81583333333,0.0,-0.0987429496262129,0.0,False,45.86709104938271,Low,,
GOLDEN VALLEY PRACTICE,16,1081540.52,67596.2825,0.0,-0.0987615560021038,0.0,False,45.85744598765432,Low,,
KINGSWOOD HEALTH CENTRE,23,1534727.21,66727.27,0.0,-0.1254103593368111,0.0434782608695652,False,45.85262345679013,Low,,
NHS NORWICH CCG,16,3952661.26,247041.32875,0.0,-0.151339196069562,0.1875,False,45.84297839506173,Low,2.0,317.0
RICHMOND SURGERY,26,1489230.84,57278.10923076923,0.0,-0.1316390395920977,0.0769230769230769,False,45.84297839506173,Low,,
CHRISTIE HOSPITAL NHS FOUNDATION TRUST,32,81816745.4,2556773.29375,0.0,-0.1597813665921707,0.25,False,45.83333333333333,Low,,
WHITBY GROUP PRACTICE WHITBY,17,965553.34,56797.25529411765,0.0,-0.0988456880296088,0.0,False,45.82851080246913,Low,,
WILLOW PRACTICE,14,1430148.53,102153.46642857142,0.0,-0.1305096426268975,0.0714285714285714,False,45.81404320987654,Low,,
NHS FRIMLEY CCG,26,7250532.859999999,278866.6484615384,0.0,-0.157448377143842,0.2307692307692307,False,45.80439814814815,Low,2.0,317.0
NEONIQ TRAINING SOLUTIONS LTD,8,388514.27,48564.28375,0.0,-0.0989911283670334,0.0,False,45.78993055555555,Low,,
THISTLEMOOR MEDICAL CENTRE,7,331096.05,47299.43571428571,0.0,-0.0990533443160786,0.0,False,45.78028549382715,Low,,
MAGNOLIA HOUSE SURGERY,37,3887389.8,105064.58918918918,0.0,-0.1235868579350248,0.027027027027027,False,45.77546296296296,Low,,
CHAWTON PARK SURGERY,5,203154.0,40630.8,0.0,-0.0990549520184847,0.0,False,45.77064043209876,Low,,
CORPORATE TRAVEL MANAGEMENT NORTH LTD,202,81278277.81,402367.71193069307,0.0049504950495049,-0.139655978101586,0.0,False,45.77064043209876,Low,,
OUR HEALTH PARTNERSHIP,6,905717.19,150952.86500000002,0.0,-0.0991485967946917,0.0,False,45.76099537037037,Low,,
MIRFIELD HEALTH CENTRE,5,426682.8,85336.56,0.0,-0.0993200548430371,0.0,False,45.722415123456784,Low,2.0,317.0
NHS GREATER MANCHESTER ICB,299,65340591.4,218530.40602006688,0.0,-0.1523500851917375,0.197324414715719,True,45.71759259259259,Low,3.0,221.0
HSL ANALYTICS LLP,70,25574037.26,365343.38942857145,0.0,-0.1283846052193862,0.0571428571428571,False,45.703125,Low,,
EDINGTON SURGERY QUARRY GROUND BROADWAY EDINGTON,6,355103.56,59183.926666666666,0.1666666666666666,-0.1555297976441528,0.0,False,45.6983024691358,Low,,
VIRGIN CARE SERVICES LTD (ST LAWRENCE MEDICAL CENTRE),33,3848809.65,116630.59545454546,0.0303030303030303,-0.144295370986848,0.0,False,45.67901234567901,Low,,
NHS WIGAN BOROUGH CCG,31,12133616.15,391406.9725806452,0.0,-0.1418135408366632,0.1290322580645161,False,45.65972222222221,Low,2.0,317.0
QUALITY MEDICAL SOLUTIONS LTD,13,1209796.68,93061.28307692308,0.0,-0.0996614077563467,0.0,False,45.65489969135802,Low,,
MERSEY PLACE MEDICAL PRACTICE,15,666727.04,44448.46933333333,0.0,-0.0997573125687884,0.0,False,45.645254629629626,Low,,
SHAWBROOK BANK LTD,12,345960.0,28830.0,0.0,-0.0998260479849102,0.0,False,45.63560956790123,Low,,
LANCASHIRE CARE NHS FOUNDATION TRUST,90,52953636.18,588373.7353333334,0.0,-0.1595949867928225,0.2444444444444444,False,45.63078703703704,Low,5.0,91.0
DR PERRINS & PARTNERS,23,1779550.48,77371.76,0.0,-0.1261169433509281,0.0434782608695652,False,45.63078703703704,Low,,
CLINISYS SOLUTIONS LTD,5,114431.27,22886.254,0.0,-0.0998662037685427,0.0,False,45.62596450617284,Low,,
ALLOGA UK LTD,143,32925894.74,230251.01216783217,0.0069930069930069,-0.1406655491030223,0.0,False,45.60667438271605,Low,,
CAE TECHNOLOGY SERVICES LTD,15,1858602.49,123906.83266666668,0.0,-0.0999843854539764,0.0,False,45.60667438271605,Low,,
DR JM RIBCHESTER & PARTNERS,35,2510570.12,71730.57485714286,0.0,-0.134024566499071,0.0857142857142857,False,45.597029320987644,Low,,
WOODBERRY PRACTICE,7,302720.78,43245.82571428572,0.0,-0.1000402953974941,0.0,False,45.58738425925925,Low,,
DR N PATEL & PARTNERS ROTHERHAM,28,4200746.19,150026.64964285717,0.0,-0.1312957749975419,0.0714285714285714,False,45.582561728395056,Low,3.0,221.0
HEALTH INNOVATION NORTH EAST AND NORTH CUMBRIA LTD,6,2047617.3,341269.55,0.0,-0.100084051841406,0.0,False,45.56809413580247,Low,,
XMA LTD,96,14157333.19,147472.22072916667,0.0,-0.1454065415340798,0.1458333333333333,False,45.56327160493827,Low,,
BEHAVIOURAL INSIGHTS LTD,10,461290.19,46129.019,0.0,-0.1001318975825143,0.0,False,45.54880401234568,Low,,
NHS LINCOLNSHIRE EAST CCG,21,3673132.55,174911.0738095238,0.0,-0.1592887366736343,0.238095238095238,True,45.53915895061728,Low,2.0,317.0
AUGHTON SURGERY,11,715007.52,65000.68363636364,0.0,-0.1003210391295803,0.0,False,45.51986882716049,Low,,
BRISTOL COMMUNITY HEALTH CIC,87,21007712.57,241467.96057471263,0.0,-0.1726213902175401,0.3218390804597701,False,45.51504629629629,Low,,
KESTON HOUSE MEDICAL PRACTICE,9,438131.88,48681.32,0.0,-0.100326821492054,0.0,False,45.510223765432094,Low,,
HCRG CARE SERVICES LTD,197,47151925.14,239349.8738071066,0.0,-0.1615889484622466,0.2538071065989847,False,45.5054012345679,Low,,
FRIARSGATE PRACTICE,36,2352965.75,65360.15972222222,0.0,-0.128661723447389,0.0555555555555555,False,45.48611111111111,Low,,
DR TABOR & PARTNERS,26,2202818.48,84723.7876923077,0.0,-0.1257077414145913,0.0384615384615384,False,45.48128858024691,Low,,
TWO RIVERS MEDICAL CENTRE,18,894281.5,49682.30555555556,0.0,-0.1005021449350171,0.0,False,45.48128858024691,Low,,
PARK MEDICAL CENTRE CHESTER,6,536629.14,89438.19,0.0,-0.1005200607646944,0.0,False,45.46199845679012,Low,,
DR R BARNETT & PARTNERS,15,1426586.76,95105.784,0.0,-0.130430181226211,0.0666666666666666,False,45.46199845679012,Low,,
AKERMAN MEDICAL PRACTICE,6,306978.73,51163.121666666666,0.0,-0.1005588693274443,0.0,False,45.45235339506172,Low,,
NHS BURY CCG,23,4316050.31,187654.3613043478,0.0,-0.1426921245665354,0.1304347826086956,False,45.44753086419753,Low,2.0,317.0
HIGH STREET SURGERY,10,642011.38,64201.138,0.0,-0.1006294713794977,0.0,False,45.44270833333333,Low,,
LINCOLNSHIRE PARTNERSHIP NHS FOUNDATION TRUST,285,50781619.42,178181.12077192985,0.0,-0.1523534136894316,0.1859649122807017,True,45.40895061728395,Low,,
DR WALLACE P A & PARTNERS,27,2223633.38,82356.79185185184,0.0,-0.1256784395390823,0.037037037037037,False,45.38966049382716,Low,,
DR BROPHY & PARTNERS,9,1070035.0,118892.77777777778,0.0,-0.1399694605901534,0.1111111111111111,False,45.38001543209876,Low,,
THORNEY MEDICAL PRACTICE,32,1880231.1,58757.221875,0.0,-0.1476138065715206,0.15625,False,45.36554783950616,Low,,
NHS BATH AND NORTH EAST SOMERSET SWINDON AND WILTSHIRE ICB,62,15521918.93,250353.53112903223,0.0,-0.1650358457772228,0.2741935483870967,False,45.331790123456784,Low,3.0,221.0
MAPLES HEALTH CENTRE,8,424103.42,53012.9275,0.0,-0.1010493097777883,0.0,False,45.32696759259259,Low,,
CORPORATE TRAVEL MANAGEMENT NORTH OF ENGLAND LTD,18,758466.58,42137.03222222222,0.0555555555555555,-0.1494122833613337,0.0,False,45.3028549382716,Low,,
WOODHOUSE HEALTH CENTRE,10,574736.12,57473.612,0.0,-0.1011690656417561,0.0,False,45.298032407407405,Low,,
TP HEALTH LTD,6,332927.71,55487.95166666666,0.0,-0.1011778686339154,0.0,False,45.28838734567901,Low,,
"NHS NORTH, EAST, WEST DEVON CCG",19,5499182.470000001,289430.6563157895,0.0,-0.1731344472719308,0.3157894736842105,False,45.28356481481481,Low,,
ONE HEALTH LEWISHAM (SAS),26,3090148.07,118851.84884615384,0.0,-0.1332927291942381,0.0769230769230769,False,45.28356481481481,Low,,
ST ANDREWS HOUSE,13,903714.6,69516.50769230768,0.0,-0.1013455217695166,0.0,False,45.26909722222221,Low,,
ROYAL BOURNEMOUTH AND CHRISTCHURCH HOSPITALS NHS FOUNDATION TRUST,132,107151208.85,811751.5821969697,0.0,-0.1679878768139628,0.2878787878787879,False,45.254629629629626,Low,,
NATIONAL INSTITUTE FOR HEALTH AND CLINICAL EXCELLENCE,113,20351741.77,180103.90946902655,0.0,-0.1569669531137533,0.2123893805309734,False,45.254629629629626,Low,1.0,552.0
DR BELDERSON L & PARTNERS,19,1516668.92,79824.68,0.0,-0.1013540770026181,0.0,False,45.24980709876543,Low,,
23RED LTD,38,2397685.64,63096.99052631579,0.0,-0.1392802388140206,0.1052631578947368,False,45.24016203703704,Low,,
DR M WHITTON & PARTNERS,22,1529036.85,69501.675,0.0,-0.1276071676566423,0.0454545454545454,False,45.22569444444444,Low,2.0,317.0
PINHOE SURGERY EXETER,5,320157.76,64031.552,0.0,-0.1015071187055085,0.0,False,45.22087191358024,Low,,
DR RHYS-DAVIES & PARTNERS,7,571686.43,81669.49,0.0,-0.1015705485272234,0.0,False,45.21122685185185,Low,,
ACTIVE CARE GROUP,30,9866494.38,328883.146,0.0,-0.1258333374723122,0.0333333333333333,False,45.201581790123456,Low,,
NHS SOUTHPORT AND FORMBY CCG,40,5011831.39,125295.78475,0.0,-0.1623957540209477,0.25,False,45.15817901234568,Low,1.0,552.0
NHS WILTSHIRE CCG,30,5083286.93,169442.89766666666,0.0,-0.1646995996067367,0.2666666666666666,False,45.15335648148148,Low,2.0,317.0
EYE OPTICIANS,9,272005.15,30222.794444444447,0.0,-0.1016664191379571,0.0,False,45.15335648148148,Low,4.0,136.0
SODEXO LTD,172,18967015.72,110273.34720930232,0.005813953488372,-0.1699076582824137,0.0116279069767441,False,45.14371141975309,Low,,
DR KOTECHA S B & PARTNERS,36,3443366.52,95649.07,0.0,-0.1293336600701579,0.0555555555555555,False,45.138888888888886,Low,,
DR L M HUSSAIN,12,680678.79,56723.232500000006,0.0,-0.1017396643350097,0.0,False,45.1147762345679,Low,,
BEECHWOOD MEDICAL PRACTICE,14,751156.7,53654.05,0.0,-0.1017489340212851,0.0,False,45.1051311728395,Low,,
DR T B PATEL & PARTNERS,11,820923.98,74629.45272727273,0.0,-0.1364705254728647,0.0909090909090909,False,45.09066358024691,Low,,
SPRINGS HEALTH CENTRE,20,1345995.14,67299.75700000001,0.0,-0.1017760976907262,0.0,False,45.08584104938271,Low,,
ABBEY SURGERY TAVISTOCK,25,1686635.49,67465.4196,0.0,-0.1018278718536444,0.0,False,45.07619598765432,Low,,
COMPASS,6,1185175.43,197529.2383333333,0.0,-0.1021807554947284,0.0,False,45.01832561728395,Low,,
LOOMER ROAD SURGERY,17,824598.11,48505.77117647059,0.0,-0.1024468670801144,0.0,False,44.98939043209876,Low,,
NHS WIRRAL CCG,37,11373255.26,307385.2772972973,0.0,-0.144999318671732,0.1351351351351351,False,44.96527777777778,Low,2.0,317.0
DR W B HENDERSON & PARTNERS,25,1810190.36,72407.6144,0.0,-0.1275073130983761,0.04,False,44.960455246913575,Low,,
ANGLIA RUSKIN UNIVERSITY,76,11348128.01,149317.47381578948,0.0,-0.1673651987710499,0.2763157894736842,False,44.9363425925926,Low,0.0,590.0
VINE SURGERY HINDHAYES LANE STREET,5,353701.65,70740.33,0.0,-0.1025647056720728,0.0,False,44.93152006172839,Low,,
IPC LTD,19,964022.98,50738.051578947365,0.0526315789473684,-0.1502975005333731,0.0,False,44.9266975308642,Low,,
NORTH WEST SECURITY SERVICES,5,285131.99,57026.398,0.0,-0.1025809507672995,0.0,False,44.921875,Low,6.0,81.0
DR PARKIN & PARTNERS NEWARK,7,295618.74,42231.24857142857,0.0,-0.1026037996091428,0.0,False,44.9122299382716,Low,,
ARCH HEALTH CIC,33,4805392.78,145617.96303030304,0.0,-0.1265809723420338,0.0303030303030303,False,44.9025848765432,Low,,
PROCARE HEALTH LTD,12,550968.37,45914.03083333333,0.0,-0.1511886680747808,0.1666666666666666,False,44.88811728395062,Low,,
DR A IWANTSCHAK & PARTNERS,14,579042.52,41360.18,0.0,-0.1027238526067865,0.0,False,44.88329475308642,Low,,
GLOUCESTER ROAD MEDICAL CENTRE,10,2022743.82,202274.382,0.0,-0.1027288635836068,0.0,False,44.87364969135802,Low,2.0,317.0
NOVOSCO LTD,6,354869.8,59144.96666666667,0.0,-0.1027415052111167,0.0,False,44.864004629629626,Low,,
KEELE UNIVERSITY,72,10229964.7,142082.84305555554,0.0,-0.1547115083991247,0.1944444444444444,False,44.85918209876543,Low,3.0,221.0
SURVIVORS IN TRANSITION,8,556260.0,69532.5,0.0,-0.1027463685662899,0.0,False,44.85435956790123,Low,,
BOOTS OPTICIANS PROFESSIONAL SERVICES LTD,7,230280.82,32897.26,0.0,-0.1028693021929859,0.0,False,44.82542438271605,Low,,
FRIENDS OF THE ELDERLY,6,361277.0,60212.833333333336,0.0,-0.1028850464332212,0.0,False,44.81577932098765,Low,7.0,67.0
HIGH STREET SURGERY (WALSALL),16,1032837.74,64552.35875,0.0,-0.1028873869785916,0.0,False,44.80613425925925,Low,,
CHESSEL PRACTICE,10,491920.26,49192.026,0.0,-0.10298474076066,0.0,False,44.78684413580247,Low,,
NHS BRISTOL NORTH SOMERSET AND SOUTH GLOUCESTERSHIRE ICB,92,24797810.45,269541.4179347826,0.0,-0.1622344923791326,0.2391304347826087,True,44.78202160493827,Low,3.0,221.0
BUTE HOUSE SURGERY,12,760340.3,63361.69166666667,0.0,-0.1029905899389133,0.0,False,44.77719907407407,Low,,
NHS HEYWOOD MIDDLETON & ROCHDALE CCG,22,2928680.95,133121.86136363636,0.0,-0.1373782724416668,0.0909090909090909,False,44.77237654320987,Low,2.0,317.0
BACK UP TRUST,13,600000.0,46153.84615384616,0.0,-0.1030243241686469,0.0,False,44.76755401234568,Low,,
NHS SOUTH LINCOLNSHIRE CCG,10,866755.77,86675.577,0.0,-0.1561545130152178,0.2,False,44.76273148148148,Low,,
WOODVIEW MEDICAL CENTRE,20,1352049.86,67602.493,0.05,-0.1506483179111361,0.0,False,44.76273148148148,Low,,
HEALTH EDUCATION COOPERATIVE LTD (THE),8,1283700.0,160462.5,0.0,-0.1030480241929627,0.0,False,44.73861882716049,Low,,
NORTH CUMBRIA UNIVERSITY HOSPITALS NHS TRUST,51,31530223.47,618239.6758823529,0.0,-0.1722298461969338,0.2941176470588235,False,44.73379629629629,Low,,
DR DE SOUZA & PARTNERS,34,2804588.61,82487.90029411764,0.0,-0.1371511514797062,0.088235294117647,False,44.69521604938272,Low,,
BOSTON SCIENTIFIC LTD,59,2414400.0,40922.03389830508,0.0338983050847457,-0.1483487129541429,0.0,False,44.69039351851851,Low,,
KNOWLE HOUSE SURGERY CROWNHILL RIVERSIDE LCG,5,345133.15,69026.62999999999,0.0,-0.1033089910098495,0.0,False,44.69039351851851,Low,,
SHROPSHIRE COMMUNITY HEALTH NHS TRUST,233,51132423.98,219452.4634334764,0.0,-0.1527640227666548,0.1716738197424892,True,44.68557098765432,Low,5.0,91.0
UNIVERSITY OF SOUTHAMPTON,140,74571628.38,532654.4884285714,0.0,-0.1257457919681587,0.0142857142857142,False,44.68557098765432,Low,0.0,590.0
SW HEALTHCARE,78,15486079.87,198539.4855128205,0.0,-0.1657693836258813,0.2564102564102564,False,44.65663580246913,Low,,
NORFOLK CONSTABULARY,17,3049595.0,179387.9411764706,0.0,-0.1033878440772033,0.0,False,44.65181327160494,Low,,
WHITECHAPEL SPECSAVERS LTD,6,205200.78,34200.13,0.0,-0.1034536586552545,0.0,False,44.64216820987654,Low,,
HAMELN PHARMA LTD,7,953582.23,136226.03285714285,0.0,-0.1035372129508563,0.0,False,44.61323302469136,Low,,
NHS EAST STAFFORDSHIRE CCG,16,1849777.32,115611.0825,0.0,-0.1322558623923021,0.0625,False,44.61323302469136,Low,,
ANDOVER MEDICAL CENTRE,6,221434.35,36905.725,0.0,-0.1035444793253663,0.0,False,44.60358796296296,Low,2.0,317.0
MILTON ABBAS SURGERY,15,1170651.36,78043.42400000001,0.0,-0.103610489598477,0.0,False,44.58429783950616,Low,,
LOCALA COMMUNITY PARTNERSHIPS C.I.C,129,11029992.71,85503.81945736433,0.0,-0.158464845234581,0.2015503875968992,False,44.579475308641975,Low,,
EASTFIELD MEDICAL CENTRE,33,2358349.5,71465.13636363637,0.0,-0.1439361062605542,0.1212121212121212,False,44.57465277777778,Low,,
GODIVA GROUP PRACTICE,17,1078358.24,63432.83764705883,0.0,-0.1314945250422268,0.0588235294117647,False,44.57465277777778,Low,,
HAMILTON & PARTNERS ROWLEY REGIS,19,790696.22,41615.59052631579,0.0,-0.1036413082629593,0.0,False,44.57465277777777,Low,,
SPECSAVERS WYTHENSHAWE,11,337985.82,30725.98363636364,0.0,-0.1036460535875406,0.0,False,44.56500771604938,Low,4.0,136.0
TOGETHER FOR MENTAL WELLBEING SUPPORT SERVICES LTD,38,2351878.38,61891.53631578947,0.0,-0.1412984058637149,0.1052631578947368,False,44.55536265432099,Low,,
VERSION 1 SOLUTIONS LTD,10,788929.9700000001,78892.997,0.0,-0.1401916077156492,0.1,False,44.53125,Low,,
RUBICON HEALTH CONSULTING LTD,7,273976.61,39139.51571428571,0.0,-0.1037720914427856,0.0,False,44.516782407407405,Low,,
DR W J EDWARDS & PARTNERS,11,1467196.25,133381.47727272726,0.0,-0.1037902106500924,0.0,False,44.50713734567901,Low,2.0,317.0
BOGNOR MEDICAL PRACTICE,8,491049.42,61381.1775,0.0,-0.1038352688397346,0.0,False,44.48784722222221,Low,3.0,221.0
TEMPLE HILL SURGERY,9,576438.7,64048.74444444444,0.0,-0.1039097834800177,0.0,False,44.47820216049382,Low,,
UNIVERSITY OF NORTHAMPTON,47,5490627.66,116821.86510638296,0.0,-0.1627996010973402,0.2340425531914893,False,44.473379629629626,Low,0.0,590.0
NHS WEST ESSEX CCG,42,8173375.91,194604.18833333327,0.0,-0.1555099263367334,0.1904761904761904,False,44.45891203703704,Low,2.0,317.0
LEICESTERSHIRE COUNTY COUNCIL,9,797023.2,88558.13333333333,0.0,-0.1040838898484694,0.0,False,44.43962191358024,Low,7.0,67.0
SAME DAY GLASSES LTD TA SPECIALEYES EYECARE OPTICIANS,8,244267.0,30533.375,0.0,-0.1041276239467015,0.0,False,44.410686728395056,Low,4.0,136.0
OKEHAMPTON MEDICAL CENTRE,25,1434715.12,57388.6048,0.0,-0.1287881655825981,0.04,False,44.410686728395056,Low,,
REDWELL MEDICAL CENTRE,18,1418530.68,78807.26,0.0555555555555555,-0.1520792763490232,0.0,False,44.40586419753086,Low,,
SOUTH TYNESIDE NHS FOUNDATION TRUST,12,2740813.09,228401.0908333333,0.0,-0.1895401508164307,0.3333333333333333,False,44.39621913580247,Low,,
SOUTH ISLINGTON GP ALLIANCE LTD,14,672660.0,48047.142857142855,0.0,-0.1041340589441773,0.0,False,44.391396604938265,Low,,
SECOND NATURE HEALTH LTD,9,343100.0,38122.22222222222,0.0,-0.1041571076535772,0.0,False,44.38175154320987,Low,,
LIME TREE SURGERY WORTHING,26,1477952.26,56844.31769230769,0.0,-0.1287287221041217,0.0384615384615384,False,44.36246141975308,Low,,
NORTH STAFFORDSHIRE GP FEDERATION,6,413596.0,68932.66666666667,0.0,-0.1919267026837516,0.3333333333333333,False,44.357638888888886,Low,,
WOOLSTONE MEDICAL CENTRE,8,611360.97,76420.12125,0.0,-0.1042239735133558,0.0,False,44.34317129629629,Low,,
DR R J BAKER & PARTNERS,15,781241.72,52082.78133333333,0.0,-0.1339488115425496,0.0666666666666666,False,44.3335262345679,Low,,
HOMERTON HEALTHCARE NHS FOUNDATION TRUST,267,132786964.78,497329.4561048689,0.0,-0.1473614500905208,0.1348314606741573,True,44.3287037037037,Low,,
INGEUS UK LTD,85,26083788.29,306868.0975294118,0.0,-0.151748642879906,0.1647058823529411,False,44.328703703703695,Low,,
DR YI PATEL & PARTNERS,10,404612.44,40461.244,0.0,-0.1043251170266936,0.0,False,44.3238811728395,Low,,
HYGEIAN CONSULTING LTD,40,3149398.12,78734.95300000001,0.0,-0.1542038480678069,0.175,False,44.3190586419753,Low,,
COMBS FORD SURGERY,12,789626.77,65802.23083333333,0.0,-0.1043774159511615,0.0,False,44.31423611111111,Low,,
NHS BEDFORDSHIRE LUTON & MILTON KEYNES CCG,24,6295835.32,262326.4716666667,0.0,-0.1739074733619093,0.2916666666666667,False,44.29494598765432,Low,2.0,317.0
NORTHERN HEALTH GPPO CHARLESTOWN,7,330924.96,47274.99428571429,0.0,-0.1046886778082563,0.0,False,44.24672067901234,Low,,
HART SURGERY,18,1136909.2,63161.62222222222,0.0,-0.1047175201587203,0.0,False,44.23707561728395,Low,,
NHS WEST NORFOLK CCG,13,1773438.9200000002,136418.37846153846,0.0,-0.1510599796296581,0.1538461538461538,False,44.22743055555555,Low,2.0,317.0
HOLDERNESS HEALTH (SOUTH HOLDERNESS MEDICAL PRACTICE),15,1063857.62,70923.84133333334,0.0,-0.1048193714038226,0.0,False,44.21778549382715,Low,,
BEDFORD HOSPITAL NHS TRUST,98,36045554.76,367811.7832653061,0.0,-0.161177410156589,0.2142857142857142,False,44.21296296296296,Low,,
ABBEY MEDICAL CENTER KENILWORTH,23,2693807.79,117122.07782608696,0.0,-0.1469632970964065,0.1304347826086956,False,44.21296296296296,Low,,
NHS NORTH EAST ESSEX CCG,42,9674765.93,230351.56976190477,0.0,-0.1447327085187857,0.119047619047619,False,44.208140432098766,Low,2.0,317.0
ICNH LTD T/A DRDOCTOR,19,1391456.4,73234.54736842104,0.0,-0.1421712405330511,0.1052631578947368,False,44.20814043209876,Low,,
ADAMARIS LTD,6,195733.8,32622.3,0.0,-0.1048198531584748,0.0,False,44.20814043209876,Low,,
UNIVERSITY OF EDINBURGH,18,1875085.45,104171.41388888888,0.0,-0.1435871863716155,0.1111111111111111,True,44.20331790123457,Low,0.0,590.0
OAKS MEDICAL PRACTICE (THE),12,773798.02,64483.168333333335,0.0,-0.1048945179156446,0.0,False,44.179205246913575,Low,,
STOCKWOOD MEDICAL CENTRE,15,1012284.22,67485.61466666666,0.0,-0.1049198896861188,0.0,False,44.169560185185176,Low,,
TRANSUNION INTERNATIONAL UK LTD,9,1336516.2,148501.8,0.0,-0.1049352791908991,0.0,False,44.159915123456784,Low,,
CGL,25,5942187.0,237687.48,0.0,-0.1450095617926515,0.12,False,44.14544753086419,Low,0.0,590.0
NHS WEST HAMPSHIRE CCG,35,6426571.62,183616.332,0.0,-0.1633661157701473,0.2285714285714285,False,44.1358024691358,Low,2.0,317.0
HAVELOCK GRANGE PRACTICE,10,516676.0,51667.6,0.0,-0.1049955678424602,0.0,False,44.1309799382716,Low,,
NHS SWINDON CCG,21,2634863.99,125469.71380952382,0.0,-0.1735938191282877,0.2857142857142857,False,44.126157407407405,Low,2.0,317.0
GOVERNMENT PROPERTY AGENCY,71,13878254.32,195468.37070422532,0.0,-0.1485611702165293,0.1408450704225352,False,44.126157407407405,Low,1.0,552.0
DR BRUMBY & PARTNERS,9,462932.26,51436.91777777778,0.0,-0.1050334245273378,0.0,False,44.10204475308642,Low,,
TEVA UK LTD,19,3349920.0,176311.57894736843,0.0,-0.1317775225562262,0.0526315789473684,False,44.09722222222221,Low,,
CAMDEN & ISLINGTON NHS FOUNDATION TRUST,156,108413913.12,694960.9815384615,0.0,-0.1514947928879642,0.1538461538461538,False,44.09239969135802,Low,,
BRITISH ISLAMIC MEDICAL ASSOCIATION,8,287500.01,35937.50125,0.0,-0.1050956756981251,0.0,False,44.09239969135802,Low,0.0,590.0
NEWTON PLACE SURGERY,15,1140127.0,76008.46666666666,0.0,-0.1347441831595799,0.0666666666666666,False,44.07310956790123,Low,2.0,317.0
TAUNTON ROAD MEDICAL CENTRE,5,366768.24,73353.648,0.0,-0.1051315670519,0.0,False,44.06346450617284,Low,,
DR ASH & PARTNERS,17,1216711.34,71571.25529411764,0.0,-0.1051850780689315,0.0,False,44.03452932098765,Low,,
AGE UK LONDON,5,959295.0,191859.0,0.0,-0.1056489326212191,0.0,False,43.97665895061728,Low,,
UNIVERSITY COLLEGE LONDON,146,34755463.91,238051.12267123285,0.0,-0.1627990650686001,0.2191780821917808,True,43.96219135802469,Low,1.0,552.0
DR GOMERSALL & PARTNERS,7,582135.79,83162.25571428573,0.0,-0.1057158361176161,0.0,False,43.95736882716049,Low,,
HASTINGS HOUSE,12,721587.0,60132.25,0.0,-0.1058605658438231,0.0,False,43.90914351851851,Low,,
DR INGAM P J & PARTNERS,46,4168100.09,90610.87152173911,0.0,-0.1392396366786214,0.0869565217391304,False,43.90432098765432,Low,,
SALISBURY HOUSE SURGERY,14,866987.87,61927.705,0.0,-0.1058707453141762,0.0,False,43.88985339506172,Low,,
NHS EASTERN CHESHIRE CCG,12,3589107.29,299092.27416666667,0.0,-0.1540692000855859,0.1666666666666666,False,43.88503086419753,Low,1.0,552.0
DR T P FOX & PARTNERS,11,478914.09,43537.64454545455,0.0,-0.1058797818868676,0.0,False,43.88020833333333,Low,,
BURNCROSS SURGERY,13,751497.91,57807.53153846154,0.0,-0.1059284250109075,0.0,False,43.87056327160494,Low,,
NORTHGATE MEDICAL PRACTICE,36,3316136.08,92114.89111111112,0.0,-0.1328126461924177,0.0555555555555555,False,43.86574074074073,Low,,
ALWOODLEY MEDICAL CENTRE,20,1646499.49,82324.9745,0.0,-0.1059715628638299,0.0,False,43.86091820987654,Low,,
DR ROBERTS & PARTNERS GATESHEAD,24,1435168.09,59798.67041666667,0.0,-0.1300943841645915,0.0416666666666666,False,43.85127314814815,Low,,
CAMILLUS HEALTH CARE LTD,13,743716.84,57208.98769230769,0.0,-0.1059729826845342,0.0,False,43.85127314814815,Low,,
NHS SUFFOLK AND NORTH EAST ESSEX ICB,85,27146287.65,319368.09,0.0,-0.1600879430299287,0.2,False,43.83680555555556,Low,3.0,221.0
NEW VICTORIA HOSPITAL,121,34852988.18,288041.2246280992,0.0,-0.1525966734287575,0.1570247933884297,False,43.83680555555555,Low,,
UNIVERSITY OF SUNDERLAND,23,4122488.62,179238.63565217392,0.0,-0.1555034377292925,0.1739130434782608,False,43.83198302469136,Low,,
TALENT BEYOND BOUNDARIES,5,417186.28,83437.25600000001,0.0,-0.1059970026985494,0.0,False,43.83198302469136,Low,0.0,590.0
"NHS BEDFORDSHIRE, LUTON & MILTON KEYNES CCG",16,3935665.15,245979.071875,0.0,-0.168087035592662,0.25,False,43.82716049382716,Low,,
NHS ENFIELD CCG,7,2057457.0,293922.4285714286,0.0,-0.150637135800067,0.1428571428571428,False,43.82716049382716,Low,,
SUDHA LTD TA EDGWORTH MEDICAL CENTRE,13,861449.14,66265.31846153847,0.0,-0.1060547413366316,0.0,False,43.82233796296296,Low,,
NHS HORSHAM AND MID SUSSEX CCG,12,2986465.7,248872.1416666667,0.0,-0.1543800875733925,0.1666666666666666,False,43.81751543209876,Low,2.0,317.0
TURNING POINT,40,5379249.19,134481.22975,0.0,-0.1516944289695349,0.15,False,43.80787037037037,Low,0.0,590.0
LONDON BOROUGH OF ENFIELD,9,452772.23,50308.02555555556,0.0,-0.1061958333934577,0.0,False,43.77411265432099,Low,0.0,590.0
DR S T ELLWOOD & PARTNERS,15,1194162.0,79610.8,0.0,-0.1062232781621401,0.0,False,43.7548225308642,Low,,
ST MARYS SURGERY ANDOVER,26,1958961.44,75344.67076923077,0.0,-0.1299375539191579,0.0384615384615384,False,43.7548225308642,Low,,
HEATHER VIEW MEDICAL CENTRE,5,758480.1799999999,151696.036,0.0,-0.1062489050988613,0.0,False,43.7451774691358,Low,,
NHS OLDHAM CCG,64,10673111.19,166767.36234375,0.0,-0.1637245663759271,0.21875,False,43.7403549382716,Low,2.0,317.0
BASSAIRE CLEANROOMS LTD,5,815517.41,163103.48200000002,0.0,-0.1063562647293835,0.0,False,43.70659722222221,Low,,
BRIDGEWATER COMMUNITY HEALTHCARE NHS FOUNDATION TRUST,358,69704120.95,194704.2484636872,0.0,-0.1496317385198386,0.1368715083798882,True,43.70177469135802,Low,5.0,91.0
BASILDON & THURROCK UNIVERSITY HOSPITALS NHS FOUNDATION TRUST,99,88415830.26,893089.1945454546,0.0,-0.1617718091034311,0.202020202020202,False,43.69212962962963,Low,,
NHS GUILDFORD AND WAVERLEY CCG,29,5714073.0,197037.0,0.0,-0.1673823680299265,0.2413793103448276,False,43.69212962962963,Low,,
3W HEALTH K82070,11,605485.51,55044.13727272728,0.0,-0.106513997062024,0.0,False,43.68730709876543,Low,8.0,61.0
NATIONAL CENTRE FOR SOCIAL RESEARCH,25,9065949.46,362637.9784,0.0,-0.1303082403640549,0.04,False,43.68730709876543,Low,,
FOLLY LANE MEDICAL CENTRE,12,643773.96,53647.83,0.0,-0.1066291748714845,0.0,False,43.639081790123456,Low,,
NHS MID AND SOUTH ESSEX ICB,66,19633577.04,297478.44,0.0,-0.1592900297808498,0.1969696969696969,False,43.62461419753086,Low,3.0,221.0
DORKING MEDICAL PRACTICE,5,313562.58,62712.516,0.0,-0.1066849870759318,0.0,False,43.61979166666666,Low,,
BILSTON URBAN VILLAGE MEDICAL CENTRE,9,643834.23,71537.13666666666,0.0,-0.1068630802582672,0.0,False,43.59085648148148,Low,,
BRITISH PSYCHOTHERAPY FOUNDATION,14,1879927.35,134280.525,0.0,-0.1373738235258801,0.0714285714285714,False,43.56674382716049,Low,,
BATHEASTON MEDICAL CENTRE,14,611418.1,43672.72142857143,0.0,-0.106965096715822,0.0,False,43.5522762345679,Low,,
OSWALD ROAD MEDICAL SURGERY,6,202794.55,33799.09166666667,0.0,-0.1070377953474901,0.0,False,43.52334104938271,Low,,
DR PICKERING N & PARTNERS,22,1391166.97,63234.86227272728,0.0,-0.132048167409518,0.0454545454545454,False,43.51851851851852,Low,,
COUNTRY PARK PRACTICE,7,313463.76,44780.537142857145,0.0,-0.1070618258887883,0.0,False,43.51369598765432,Low,,
ELM HOUSE SURGERY,5,464565.86,92913.172,0.0,-0.1070856246812333,0.0,False,43.50405092592592,Low,,
KINGS COLLEGE LONDON,114,39283957.93,344596.12219298247,0.0,-0.1626506674655884,0.2017543859649122,False,43.49922839506172,Low,0.0,590.0
DR LOGAN L C & PARTNERS,13,644170.62,49551.58615384616,0.0,-0.1071615587813595,0.0,False,43.48476080246913,Low,,
UNIVERSITY OF SUFFOLK,16,914554.9,57159.68125,0.0,-0.1590439843694888,0.1875,False,43.47993827160494,Low,,
UNIVERSITY OF LEEDS,139,19089545.57,137334.86021582733,0.0,-0.1577066398669978,0.1798561151079136,True,43.47993827160494,Low,1.0,552.0
DR SIHOTA & PARTNERS,8,697785.3200000001,87223.16500000001,0.0,-0.1072752511237724,0.0,False,43.44618055555555,Low,,
NHS EAST RIDING OF YORKSHIRE CCG,32,5093795.2,159181.1,0.0,-0.1535810629666781,0.15625,False,43.42689043209876,Low,2.0,317.0
LONDON BOROUGH OF SUTTON,7,397520.0,56788.57142857143,0.0,-0.1073847956436691,0.0,False,43.41724537037037,Low,7.0,67.0
SITEKIT APPLICATIONS LTD,52,12192001.44,234461.56615384616,0.0,-0.1422402117963,0.0961538461538461,False,43.41242283950616,Low,,
NHS HARINGEY CCG,9,1932486.48,214720.72,0.0,-0.1462069889154315,0.1111111111111111,False,43.39313271604938,Low,2.0,317.0
NHS SWALE CCG,11,1394282.73,126752.97545454543,0.0,-0.1586680856416049,0.1818181818181818,False,43.38348765432099,Low,,
P HORN & PARTNERS,14,953001.13,68071.50928571429,0.0,-0.1379566938732583,0.0714285714285714,False,43.38348765432098,Low,,
MILLCROFT MEDICAL CENTRE,17,998289.23,58722.89588235294,0.0,-0.1350827275450905,0.0588235294117647,False,43.36902006172839,Low,1.0,552.0
COASTAL MEDICAL PARTNERSHIP,15,893832.86,59588.85733333333,0.0,-0.1075734253410024,0.0,False,43.359375,Low,,
WORCESTERSHIRE HEALTH & CARE NHS TRUST,37,13137263.32,355061.1708108108,0.0,-0.1507299440623345,0.1351351351351351,False,43.3545524691358,Low,5.0,91.0
STONY MEDICAL CENTRE,8,435420.42,54427.5525,0.0,-0.1075951678896277,0.0,False,43.3497299382716,Low,,
SOUTHAMPTON UNIVERSITY HEALTH SERVICE,20,1082126.58,54106.329000000005,0.0,-0.1333263204698736,0.05,False,43.344907407407405,Low,,
KANTAR PUBLIC UK LTD,23,1500243.8,65227.99130434783,0.0,-0.1575644260225624,0.1739130434782608,False,43.33043981481481,Low,,
BURSCOUGH FAMILY PRACTICE,8,503312.84,62914.105,0.0,-0.1076295371315155,0.0,False,43.33043981481481,Low,,
NHS NORFOLK & WAVENEY CCG,80,27971518.19,349643.977375,0.0,-0.1616328039838782,0.2,False,43.31597222222223,Low,2.0,317.0
NHS WEST CHESHIRE CCG,19,5990760.19,315303.16789473686,0.0,-0.154263933251705,0.1578947368421052,False,43.31597222222222,Low,1.0,552.0
NORTHUMBERLAND TYNE AND WEAR NHS FOUNDATION TRUST,80,73613619.44,920170.243,0.0,-0.1669132770844239,0.225,False,43.31597222222221,Low,,
HATFIELD HEALTH CENTRE,8,436099.5,54512.4375,0.0,-0.1077560806227514,0.0,False,43.29185956790123,Low,,
NHS CALDERDALE CCG,29,5757332.97,198528.72310344825,0.0,-0.1448638303329292,0.1034482758620689,False,43.28703703703703,Low,2.0,317.0
ROYAL LIVERPOOL AND BROADGREEN UNIVERSITY HOSPITALS NHS TRUST,64,70554795.87,1102418.68546875,0.0,-0.1657768342627425,0.21875,True,43.26774691358024,Low,0.0,590.0
RUSTLINGS ROAD MEDICAL CENTRE,15,992041.94,66136.12933333333,0.0,-0.1078456556580305,0.0,False,43.25327932098765,Low,,
DR J PARTHA & PTNRS,18,1139441.24,63302.29111111111,0.0,-0.1079082095891342,0.0,False,43.24363425925925,Low,,
BERENDSEN UK LTD,5,142001.16,28400.232,0.0,-0.1079834755901488,0.0,False,43.23398919753086,Low,,
DR P H SHAH & PTRS,9,500128.6,55569.84444444444,0.0,-0.1080131721886779,0.0,False,43.22434413580247,Low,,
LODGE ROAD SURGERY,13,888446.83,68342.06384615385,0.0,-0.1395323710728295,0.0769230769230769,False,43.20987654320987,Low,,
DR GM WILSON & PARTNERS,17,3724962.34,219115.4317647059,0.0,-0.1080536596333563,0.0,False,43.20505401234568,Low,,
HULL AND EAST YORKSHIRE HOSPITALS NHS TRUST,18,46755930.25,2597551.6805555555,0.0,-0.1668207796280096,0.2222222222222222,False,43.19540895061728,Low,,
MULLI LTD,10,324113.0,32411.3,0.0,-0.1080597006841967,0.0,False,43.19540895061728,Low,,
VIRGIN CARE SERVICES LTD,208,34705877.28,166855.17923076922,0.0,-0.1608103076637686,0.1971153846153846,False,43.19058641975308,Low,,
BOWERS S & PARTNERS,9,885717.76,98413.08444444444,0.0,-0.1080876550129638,0.0,False,43.185763888888886,Low,,
DR CHESOVER D F & PARTNERS,30,3223531.59,107451.053,0.0,-0.1309847559093632,0.0333333333333333,False,43.176118827160494,Low,,
KENNET AND AVON MEDICAL PARTNERSHIP,9,349842.84,38871.426666666666,0.0,-0.1081407237154017,0.0,False,43.17611882716049,Low,,
SHIREHAMPTON GROUP PRACTICE,15,826774.86,55118.324,0.0,-0.1081410227203563,0.0,False,43.166473765432094,Low,,
MARLBOROUGH SURGERY,12,745558.9199999999,62129.91,0.0,-0.1081957303988104,0.0,False,43.13753858024691,Low,,
LONDON SOUTH BANK UNIVERSITY,33,3207406.28,97194.12969696969,0.0,-0.1537867755825059,0.1515151515151515,False,43.13753858024691,Low,,
BROMLEY EDUCATION AND TRAINING HUB CIC,25,4585339.68,183413.5872,0.0,-0.1486566906512964,0.12,False,43.12307098765432,Low,,
DENWARD MANUFACTURING,6,187968.0,31328.0,0.0,-0.1083219630649967,0.0,False,43.11824845679012,Low,,
PRIMARY CARE 24 (MERSEYSIDE) LTD,59,1970417.44,33396.90576271186,0.0169491525423728,-0.1510087709984785,0.0,False,43.08931327160494,Low,,
BARKING SPECSAVERS,14,423269.36,30233.52571428571,0.0,-0.1084172340249199,0.0,False,43.07966820987654,Low,4.0,136.0
DR OWEN & PARTNERS,12,689968.4,57497.36666666667,0.0,-0.1084592985160044,0.0,False,43.06037808641975,Low,,
DR CLAY S N & PARTNERS,14,1004180.06,71727.14714285715,0.0,-0.1084812187170132,0.0,False,43.05073302469136,Low,,
NHS SOUTH WEST LINCOLNSHIRE CCG,10,1099800.87,109980.087,0.0,-0.1446539440736741,0.1,False,43.04591049382716,Low,,
VICKERS & PARTNERS,7,291939.23,41705.60428571428,0.1428571428571428,-0.1647016406310958,0.0,False,43.02662037037037,Low,,
SPINAL INJURIES ASSOCIATION,14,548985.0,39213.21428571428,0.0,-0.1086561572150514,0.0,False,43.01215277777777,Low,,
OAKLANDS SURGERY BIRCHFIELD ROAD YEOVIL,34,2423245.43,71271.92441176472,0.0,-0.1420311602189187,0.088235294117647,False,43.00733024691358,Low,,
ROYAL HOSPITAL FOR NEURO DISABILITY,93,68909361.21,740960.8732258064,0.0,-0.108659055625726,0.0,False,43.00250771604938,Low,,
NHS STOCKPORT CCG,29,5052534.36,174225.3227586207,0.0,-0.145851448329874,0.1034482758620689,False,42.99768518518518,Low,2.0,317.0
WINYATES HEALTH CENTRE,16,1191656.06,74478.50375,0.0,-0.1086605310798209,0.0,False,42.99286265432099,Low,,
WHITAKER & LEACH,52,6089460.82,117105.01576923075,0.0,-0.1516029378088174,0.1346153846153846,False,42.988040123456784,Low,6.0,81.0
DR D H F KOPCKE & PARTNERS,19,1398068.87,73582.57210526316,0.0,-0.1087425197007571,0.0,False,42.9639274691358,Low,,
DR RICHARDSON & PARTNERS WISBECH,12,718807.15,59900.59583333333,0.0,-0.1087791693314146,0.0,False,42.954282407407405,Low,,
DR G SINGH,18,1763906.13,97994.785,0.0,-0.1088633701324184,0.0,False,42.94463734567901,Low,2.0,317.0
DR P NOAKES & PARTNERS,17,1179314.09,69371.41705882353,0.0,-0.1089145347865051,0.0,False,42.92534722222221,Low,,
LYNWOOD MEDICAL CENTRE,9,802905.56,89211.7288888889,0.0,-0.1477017765371804,0.1111111111111111,False,42.920524691358025,Low,2.0,317.0
LANDER MEDICAL PRACTICE,33,3675224.6,111370.44242424244,0.0,-0.1316352833776349,0.0303030303030303,False,42.88676697530864,Low,,
EVERBRIDGE EUROPE LTD,5,352914.5,70582.9,0.0,-0.1089440290352251,0.0,False,42.88676697530863,Low,,
UNIVERSITY OF BIRMINGHAM,101,25733489.87,254787.0284158416,0.0,-0.1676474848643362,0.2178217821782178,False,42.87229938271605,Low,0.0,590.0
DR S R LIGHTFOOT & PARTNERS,12,636990.06,53082.505000000005,0.0,-0.1090500175692384,0.0,False,42.857831790123456,Low,,
NHS HIGH WEALD LEWES HAVENS CCG,22,2699766.37,122716.65318181818,0.0,-0.1605055843426698,0.1818181818181818,True,42.83371913580247,Low,2.0,317.0
LEEK HEALTH CENTRE,17,1310558.68,77091.68705882353,0.0,-0.1092323731808652,0.0,False,42.80960648148148,Low,,
NOVARTIS PHARMACEUTICALS UK LTD,75,33360810.19,444810.80253333336,0.0,-0.1413627179986621,0.08,False,42.79996141975308,Low,,
SHIRLEY AVENUE & CHEVIOT ROAD PRACTICE,11,827875.84,75261.44,0.0,-0.1092359347953208,0.0,False,42.79996141975308,Low,,
NHS BLACKBURN WITH DARWEN CCG,29,6121212.5,211076.2931034483,0.0,-0.1467596291497207,0.1034482758620689,False,42.785493827160494,Low,1.0,552.0
ESCALLA TS LTD,21,2689976.0,128094.09523809524,0.0,-0.1442470741395736,0.0952380952380952,False,42.78067129629629,Low,,
DR HARBIDGE & PARTNERS,12,678301.19,56525.09916666666,0.0,-0.1093285573793661,0.0,False,42.7710262345679,Low,,
SHRUBBERY,12,657967.82,54830.651666666665,0.0,-0.1093433527107455,0.0,False,42.7613811728395,Low,,
NHS WARRINGTON CCG,31,6504322.38,209816.85096774192,0.0,-0.1515436532428398,0.1290322580645161,False,42.73726851851852,Low,1.0,552.0
UNIVERSITY OF CHESTER,33,3015628.4,91382.6787878788,0.0,-0.1609081982323473,0.1818181818181818,False,42.71797839506173,Low,,
ROWDEN MEDICAL PARTNERSHIP,18,1619012.04,89945.11333333334,0.0,-0.1094665799677554,0.0,False,42.69386574074073,Low,,
PRIORY ROAD MEDICAL CENTRE,18,1558579.84,86587.7688888889,0.0,-0.1094721800836596,0.0,False,42.68422067901234,Low,,
MEDTRONIC LTD,88,2437075.28,27694.03727272727,0.0,-0.1395141861874169,0.0681818181818181,False,42.68422067901234,Low,,
FACULTY OF MEDICAL LEADERSHIP & MANAGEMENT,16,1029960.8,64372.55,0.0,-0.1094770598249823,0.0,False,42.66493055555555,Low,0.0,590.0
SILVERDALE & RYECROFT PRACTICE,17,972028.11,57178.12411764706,0.0,-0.1095417239527473,0.0,False,42.64564043209876,Low,8.0,61.0
DR SWINDELL & PARTNERS,19,1377518.56,72500.97684210527,0.0,-0.10959837839984,0.0,False,42.63599537037037,Low,,
KILSHAW & PARTNERS,7,410038.95,58576.99285714285,0.1428571428571428,-0.16658600335305,0.0,False,42.63117283950617,Low,,
EQUINITI 360 CLINICAL LTD,6,79560.0,13260.0,0.0,-0.1096852186041584,0.0,False,42.607060185185176,Low,,
MAJEED & ORIORDAN,7,555469.4,79352.77142857143,0.0,-0.1098038194266831,0.0,False,42.5684799382716,Low,,
DRS PILLAI & NAIR,10,543018.9,54301.89,0.0,-0.1098579442971634,0.0,False,42.54918981481481,Low,,
SUNNYSIDE SURGERY,23,1710744.26,74380.1852173913,0.0,-0.1520946678901114,0.1304347826086956,False,42.53472222222221,Low,,
SCARTHO MEDICAL CENTRE,20,1945069.66,97253.483,0.0,-0.1358275380229604,0.05,False,42.53472222222221,Low,,
DR KABLER & PARTNERS,19,1400597.78,73715.67263157894,0.0,-0.1099942618230932,0.0,False,42.50096450617284,Low,,
ROYAL BOLTON HOSPITAL NHS FOUNDATION TRUST,147,61562811.68,418794.63727891154,0.0,-0.1726186458940375,0.2312925170068027,False,42.47685185185185,Low,5.0,91.0
UNIVERSITY OF WINCHESTER,8,614794.65,76849.33125,0.0,-0.1100327492374387,0.0,False,42.47202932098765,Low,,
NHS GREAT YARMOUTH & WAVENEY CCG,7,1044982.84,149283.26285714286,0.0,-0.1545518974965951,0.1428571428571428,False,42.45756172839506,Low,2.0,317.0
ROYAL VOLUNTARY SERVICE,96,38453906.74,400561.5285416667,0.0,-0.1343222417484951,0.0416666666666666,False,42.45273919753086,Low,,
NHS HEREFORDSHIRE CCG,11,2190222.64,199111.1490909091,0.0,-0.1619196035781936,0.1818181818181818,False,42.44791666666666,Low,,
TAMAR VALLEY HEALTH,49,4435675.52,90523.99020408162,0.0,-0.1381625280814937,0.0612244897959183,False,42.438271604938265,Low,,
LIVEWELL SOUTHWEST,205,81970547.37,399856.3286341464,0.0,-0.1421541142682773,0.0780487804878048,True,42.438271604938265,Low,,
DR F LASMAN & PARTNERS,13,645513.69,49654.89923076922,0.0,-0.1102733323065046,0.0,False,42.41415895061728,Low,8.0,61.0
12 POINT CARE LTD,14,841364.77,60097.48357142857,0.0,-0.1102788527741926,0.0,False,42.404513888888886,Low,,
PULBOROUGH MEDICAL GROUP,13,650336.88,50025.913846153846,0.0,-0.1103357117224655,0.0,False,42.3659336419753,Low,,
EAST CROYDON MEDICAL CENTRE,22,2510414.61,114109.755,0.0,-0.1353320883278291,0.0454545454545454,False,42.36111111111111,Low,2.0,317.0
SOUTHAMPTON UNIVERSITY HOSPITALS NHS FOUNDATION TRUST,32,91102040.22,2846938.756875,0.0,-0.1633834244701839,0.1875,False,42.35146604938272,Low,,
WESTBURY GROUP PRACTICE,14,927364.8,66240.34285714287,0.0,-0.1104226887533276,0.0,False,42.34664351851851,Low,,
GRIMBLE & PARTNERS,5,271404.71,54280.942,0.0,-0.1104608892788436,0.0,False,42.33699845679012,Low,,
MILDMAY MEDICAL PRACTICE,5,231704.02,46340.804,0.0,-0.1105294209166019,0.0,False,42.30806327160494,Low,,
WYRE FOREST HEALTH PARTNERSHIP,35,1472384.88,42068.13942857143,0.0,-0.1332999329909753,0.0285714285714285,False,42.26466049382716,Low,,
FITZWILLIAM HOSPITAL,5,146641.71,29328.342,0.0,-0.1108157205110822,0.0,False,42.25019290123456,Low,,
MODALITY SYSTEMS LTD,7,532906.32,76129.47428571428,0.0,-0.1108670702848678,0.0,False,42.24054783950616,Low,,
NGAN CY,18,1401614.78,77867.48777777777,0.0,-0.1378040026179138,0.0555555555555555,False,42.23572530864197,Low,,
NHS HALTON CCG,25,3417895.2,136715.80800000002,0.0,-0.1585713676025385,0.16,False,42.206790123456784,Low,2.0,317.0
PRIORY GARDENS MEDICAL PRACTICE,6,418050.02,69675.00333333333,0.0,-0.1109320457112884,0.0,False,42.19232253086419,Low,,
NORTON BROOK MEDICAL CENTRE KINGSBRIDGE,5,292811.88,58562.376,0.0,-0.1109459368210983,0.0,False,42.1826774691358,Low,,
PRIMROSE HILL SURGERY,7,522768.34,74681.19142857143,0.0,-0.1109712368704361,0.0,False,42.173032407407405,Low,,
TAVISTOCK INSTITUTE OF MEDICAL PSYCHOLOGY (THE),17,918750.0,54044.117647058825,0.0,-0.1387289623948295,0.0588235294117647,False,42.16338734567901,Low,,
CAMBRIDGESHIRE CONSTABULARY,24,2604626.75,108526.11458333331,0.0,-0.1110666947138759,0.0,False,42.14409722222221,Low,,
HELSTON MEDICAL CENTRE,27,2336203.6,86526.05925925926,0.0,-0.1345038682107242,0.037037037037037,False,42.139274691358025,Low,2.0,317.0
MANOR VIEW PRACTICE,23,1446782.99,62903.608260869565,0.0,-0.1111020816411048,0.0,False,42.13445216049382,Low,,
DR BOON & PARTNERS,10,998623.47,99862.347,0.0,-0.1477382530371085,0.1,False,42.11998456790123,Low,,
DR M J GRANDE & PARTNERS,8,577084.57,72135.57125,0.0,-0.1111144475075281,0.0,False,42.11516203703703,Low,,
NUNEATON VISION PLUS LTD - 0345,29,933702.5,32196.63793103448,0.0,-0.1343701173966558,0.0344827586206896,False,42.11033950617284,Low,,
HARTNELL TAYLOR COOK LLP,18,1455723.47,80873.5261111111,0.0,-0.138152921704582,0.0555555555555555,False,42.10069444444444,Low,,
WINDRUSH MEDICAL PRACTICE WITNEY,23,1663351.02,72319.6095652174,0.0,-0.111127748463949,0.0,False,42.09587191358024,Low,,
PATHFIELDS PRACTICE RIVERSIDE LCG,7,417508.31,59644.04428571429,0.0,-0.1111487300579943,0.0,False,42.08622685185185,Low,,
AHMED I & PTS,14,1323301.94,94521.56714285714,0.0,-0.1111901559875981,0.0,False,42.076581790123456,Low,,
DR MORLEY R L & PARTNERS,38,2315892.73,60944.545526315786,0.0,-0.1336485067838959,0.0263157894736842,False,42.07175925925925,Low,,
WINDSOR ROAD SURGERY,14,815430.8,58245.05714285715,0.0,-0.1112148027797149,0.0,False,42.05729166666666,Low,,
DR MANSINGH S & PTN,10,595432.66,59543.266,0.0,-0.1112348846327116,0.0,False,42.03800154320987,Low,,
EVERGREEN PCC,26,2771318.67,106589.1796153846,0.0,-0.1351020287304513,0.0384615384615384,False,42.01871141975308,Low,,
LEYS HEALTH CENTRE,9,443444.6,49271.62222222223,0.0,-0.1112622908890405,0.0,False,42.00906635802468,Low,,
TANGMERE MEDICAL CENTRE,5,558310.76,111662.152,0.0,-0.111264733242777,0.0,False,41.99942129629629,Low,,
CARDIFF AND VALE ULHB,101,28238505.0,279589.1584158416,0.0,-0.1475844136081753,0.099009900990099,False,41.91743827160494,Low,0.0,590.0
MORECAMBE BAY PRIMARY CARE COLLABORATIVE,34,3897606.52,114635.48588235294,0.0,-0.170382706583692,0.2058823529411764,False,41.91261574074073,Low,,
NEXUS HEALTH GROUP,17,806750.46,47455.909411764704,0.0,-0.1115086438386079,0.0,False,41.90297067901234,Low,,
BRISTOL 1 DOMICILIARY SPECSAVERS LTD,6,191809.86,31968.31,0.0,-0.1115499491526667,0.0,False,41.89332561728395,Low,,
NOTTINGHAM TRENT UNIVERSITY,7,401067.27,57295.32428571429,0.0,-0.1116344545588938,0.0,False,41.86439043209876,Low,,
ST FILLANS MEDICAL CENTRE,10,508608.76,50860.876,0.0,-0.1116402919465282,0.0,False,41.85474537037037,Low,,
PRIMARY CARE COMMISSIONING CIC,50,3535888.91,70717.7782,0.0,-0.1526363789017319,0.12,False,41.82098765432099,Low,1.0,552.0
SCCL - NHS SUPPLY CHAIN (MAINTENANCE),11,657144.56,59740.41454545455,0.0,-0.1468146107810147,0.0909090909090909,False,41.80169753086419,Low,,
SAXONBURY HOUSE PRACTICE,15,1274816.4,84987.76,0.0,-0.1116745593378279,0.0,False,41.7872299382716,Low,,
ODRISCOLL BJ,11,698003.83,63454.89363636363,0.0,-0.1116920998381766,0.0,False,41.75829475308642,Low,,
DR SPECHT & PARTNERS,7,549521.08,78503.01142857142,0.0,-0.1117440313275109,0.0,False,41.73900462962962,Low,,
CEDARS SURGERY SWANLEY,25,1998874.98,79954.9992,0.0,-0.1362381108132944,0.04,False,41.72935956790123,Low,,
TONG & GILLESPIE,18,1409795.65,78321.98055555555,0.0,-0.1516510545105083,0.1111111111111111,False,41.69560185185185,Low,,
MAINTEL EUROPE LTD,22,1056713.42,48032.42818181818,0.0,-0.1118611271983557,0.0,False,41.68113425925925,Low,,
BAXTER HEALTHCARE LTD,39,1335944.84,34254.995897435896,0.0,-0.1348000402621815,0.0256410256410256,False,41.67148919753086,Low,,
COUNTY DURHAM AND DARLINGTON NHS FOUNDATION TRUST,30,16266853.11,542228.437,0.0,-0.1771746098746832,0.2333333333333333,False,41.65702160493827,Low,,
ETHICAL HEALTHCARE LTD,5,190722.5,38144.5,0.0,-0.1119739603406935,0.0,False,41.623263888888886,Low,,
DR S A BOBAK,7,279490.16000000003,39927.16571428572,0.0,-0.112052483243169,0.0,False,41.594328703703695,Low,,
OAKFIELD SURGERY NEWMARKET,5,718601.34,143720.26799999998,0.0,-0.1120690607940249,0.0,False,41.57503858024691,Low,,
COVENTRY AND WARWICKSHIRE INTEGRATED PRIMARY CARE LTD,14,1337315.85,95522.56071428572,0.0,-0.1434079397848341,0.0714285714285714,False,41.57021604938271,Low,,
CUBE ELECTRICAL SERVICES LTD,6,217692.66,36282.11,0.0,-0.1120789927606283,0.0,False,41.56539351851851,Low,,
PICKER INSTITUTE EUROPE,88,5341073.66,60694.01886363637,0.0,-0.1589562989010183,0.1477272727272727,False,41.55092592592592,Low,0.0,590.0
TELDOC,38,2158939.98,56814.21,0.0,-0.135305764566057,0.0263157894736842,False,41.52199074074073,Low,,
DARTMOUTH MEDICAL PRACTICE,6,346579.67000000004,57763.27833333334,0.0,-0.112210300958317,0.0,False,41.517168209876544,Low,,
REDFERNE DHADDA & PARTNERS,7,595803.78,85114.82571428572,0.0,-0.1122131357151338,0.0,False,41.50752314814814,Low,,
INTEGRATED CARE 24 LTD,83,31066467.67,374294.7912048193,0.0,-0.1343180257550516,0.0120481927710843,False,41.49305555555556,Low,,
LINDEN HALL SURGERY,10,738210.72,73821.072,0.0,-0.1123021702478507,0.0,False,41.48823302469136,Low,,
SHEFFIELD HEALTH & SOCIAL CARE NHS FOUNDATION TRUST,170,58763177.55,345665.7502941176,0.0,-0.1568482518001686,0.1411764705882353,False,41.47376543209876,Low,,
WEST HERTFORDSHIRE TEACHING HOSPITALS NHS TRUST,259,89041177.18,343788.3288803089,0.0,-0.1580077636296373,0.1428571428571428,True,41.47376543209876,Low,,
GROVE MEDICAL CENTRE EGHAM,16,1813670.66,113354.41625,0.0,-0.1123476569340788,0.0,False,41.46894290123456,Low,,
BOW MEDICAL PRACTICE,16,1057607.33,66100.458125,0.0,-0.1123677640041021,0.0,False,41.45929783950616,Low,,
HAILEY VIEW SURGERY,15,891979.96,59465.33066666666,0.0,-0.1124175872898602,0.0,False,41.43036265432099,Low,,
HARLEY STREET MEDICAL CENTRE,10,510253.59,51025.359,0.0,-0.1124288708871807,0.0,False,41.4207175925926,Low,,
COMPASS HOUSE MEDICAL CENTRES,10,514056.6,51405.66,0.0,-0.1124682921064065,0.0,False,41.41107253086419,Low,,
"NHS AIREDALE, WHARFEDALE AND CRAVEN CCG",8,535390.65,66923.83125,0.0,-0.1547241594314057,0.125,False,41.4014274691358,Low,,
JA RICHARDSON (ELECTRICAL) LTD,8,789338.22,98667.2775,0.0,-0.1124685082998356,0.0,False,41.4014274691358,Low,,
NHS HAMMERSMITH AND FULHAM CCG,11,2014334.06,183121.2781818182,0.0,-0.1479063470216287,0.0909090909090909,False,41.3966049382716,Low,,
TILEHURST SURGERY PARTNERSHIP,6,240771.24,40128.54,0.0,-0.1124879828105396,0.0,False,41.391782407407405,Low,,
DR I HACZEWSKI & PARTNERS,7,673425.24,96203.60571428572,0.0,-0.1125897367606918,0.0,False,41.37249228395061,Low,,
M & C SAATCHI (UK) LTD,206,18363314.08,89142.30135922329,0.0,-0.1554229680664048,0.1262135922330097,False,41.36766975308642,Low,,
NHS SUPPLY CHAIN,20,46312781.23,2315639.0615000003,0.0,-0.1505717870369037,0.1,True,41.358024691358025,Low,0.0,590.0
DR WRIGHTSON L & PARTNERS,16,1068845.34,66802.83375,0.0,-0.1416799373923444,0.0625,False,41.35320216049382,Low,,
ALTACOM LTD,8,719605.66,89950.7075,0.0,-0.1548546211856049,0.125,False,41.34355709876543,Low,,
COURTYARD SURGERY,20,1825450.5,91272.525,0.0,-0.1126869110312044,0.0,False,41.32426697530863,Low,,
WATLING STREET SURGERY,10,516939.58,51693.958,0.0,-0.11272523102167,0.0,False,41.31462191358024,Low,,
DR FH WATERS & PARTNERS,7,417201.63,59600.23285714286,0.0,-0.1128204327724339,0.0,False,41.295331790123456,Low,3.0,221.0
LONDON MEDICAL ASSOCIATES LTD,7,418353.1,59764.72857142857,0.0,-0.1128351347554699,0.0,False,41.27604166666666,Low,,
SYNERGY HEALTH (UK) LTD,8,2312247.69,289030.96125,0.0,-0.1128527767695151,0.0,False,41.25675154320987,Low,,
MTI TECHNOLOGY LTD,55,5313447.85,96608.14272727272,0.0,-0.1522051757997837,0.109090909090909,False,41.25192901234568,Low,,
EAST DURHAM MEDICAL GROUP,12,684679.88,57056.65666666667,0.0,-0.1128568394899353,0.0,False,41.24710648148148,Low,,
NHS CHESHIRE CCG,41,15614391.27,380838.8114634146,0.0,-0.154705426237261,0.1219512195121951,False,41.24710648148148,Low,2.0,317.0
CHILDRENS TRUST (THE),81,28051225.99,346311.4319753087,0.0,-0.1372828760532807,0.037037037037037,False,41.24228395061728,Low,,
WATERLOO HOUSE SURGERY,6,276772.6,46128.76666666666,0.0,-0.1128775540755756,0.0,False,41.23746141975308,Low,,
PORTSLADE HEALTH CENTRE MEDICAL PRACTICE,9,741014.12,82334.90222222223,0.0,-0.1128908887653677,0.0,False,41.22781635802468,Low,,
SPA MEDICAL CENTRE,32,2382066.6,74439.58125,0.0,-0.1368638249343072,0.03125,False,41.222993827160494,Low,,
DR TUDOR V S & PARTNERS,18,1053942.86,58552.38111111111,0.0,-0.1128929142907567,0.0,False,41.21817129629629,Low,,
CMK MEDICAL CENTRE,9,483923.78,53769.30888888889,0.0,-0.1131841871486897,0.0,False,41.14101080246913,Low,2.0,317.0
K KARIA,8,846176.64,105772.08,0.0,-0.1131913959807434,0.0,False,41.13136574074073,Low,,
NHS SHROPSHIRE TELFORD AND WREKIN ICB,46,9010193.26,195873.76652173916,0.0,-0.1567844830330869,0.1304347826086956,True,41.08796296296296,Low,3.0,221.0
NHS SHROPSHIRE CCG,36,6642497.36,184513.8155555556,0.0,-0.1644686934748674,0.1666666666666666,False,41.06867283950618,Low,,
NORTH WEST BOROUGHS HEALTHCARE NHS FOUNDATION TRUST,113,37364409.23,330658.4887610619,0.0,-0.1661039497700984,0.168141592920354,False,41.05902777777778,Low,,
KAINOS LTD,31,5220991.84,168419.09161290323,0.032258064516129,-0.1601799192311356,0.0,False,41.05902777777777,Low,,
BARNARD CASTLE SURGERY,19,1023258.1,53855.68947368421,0.0,-0.1134161403088549,0.0,False,41.044560185185176,Low,,
ROLLE MEDICAL PARTNERSHIP,5,328323.03,65664.606,0.0,-0.1134595315708835,0.0,False,41.02527006172839,Low,,
NHS SOUTH NORFOLK CCG,15,4328514.57,288567.63800000004,0.0,-0.1576531858215575,0.1333333333333333,False,41.015625,Low,2.0,317.0
DR J WIJERATNE & PTNRS,5,321066.9,64213.380000000005,0.0,-0.1135393877731929,0.0,False,41.0059799382716,Low,,
DR LJ BROUGHTON & PARTNERS,15,1241145.2,82743.01333333334,0.0,-0.1135849372489,0.0,False,40.97704475308642,Low,8.0,61.0
WHITSTABLE MEDICAL PRACTICE,13,876260.8200000001,67404.67846153847,0.0,-0.1136415135398805,0.0,False,40.967399691358025,Low,2.0,317.0
543 DENTAL CENTRE LTD,16,496582.0,31036.375,0.0,-0.1429913064384813,0.0625,False,40.957754629629626,Low,,
FIRDALE MEDICAL CENTRE,9,813390.6,90376.73333333334,0.0,-0.1136814569210423,0.0,False,40.95775462962962,Low,,
MCKENZIE HOUSE SURGERY,11,654302.68,59482.06181818182,0.0,-0.1137453297065256,0.0,False,40.93846450617284,Low,,
MATHEWS PRACTICE,14,841772.84,60126.63142857143,0.0,-0.1138060097662743,0.0,False,40.92881944444444,Low,,
NHS CORBY CCG,5,230311.3,46062.26,0.0,-0.1138191581518935,0.0,False,40.91917438271605,Low,,
WOODLANDS FAMILY PRACTICE,9,380826.89,42314.09888888889,0.0,-0.1138989839609446,0.0,False,40.88059413580247,Low,,
DEVELOP CONSULTING LTD,76,3065321.0,40333.17105263158,0.0,-0.1530402367382604,0.1052631578947368,False,40.87094907407408,Low,,
DR A INGRAM & PARTNERS,10,651352.96,65135.296,0.0,-0.1139072003851298,0.0,False,40.87094907407407,Low,,
UNIVERSITY OF WOLVERHAMPTON,40,3042579.45,76064.48625,0.0,-0.1616220604275234,0.15,False,40.86612654320987,Low,0.0,590.0
HALESOWEN MEDICAL PRACTICE,13,770596.27,59276.63615384616,0.0,-0.1139363980927998,0.0,False,40.86130401234567,Low,,
NHS TAMESIDE AND GLOSSOP CCG,40,4045235.92,101130.898,0.0,-0.1564653910445078,0.125,False,40.85165895061728,Low,2.0,317.0
NEWTON DRIVE HEALTH CENTRE,8,474809.42,59351.1775,0.0,-0.1141705035234936,0.0,False,40.813078703703695,Low,,
LOWER INCE SURGERY,10,695647.76,69564.776,0.0,-0.1142307231370909,0.0,False,40.79378858024691,Low,,
MACLEODS PHARMA UK LTD,31,1883760.0,60766.45161290323,0.032258064516129,-0.1610326840284215,0.0,False,40.78896604938272,Low,,
IQVIA LTD,33,5092779.88,154326.66303030305,0.0,-0.1500309873164332,0.0909090909090909,False,40.78896604938271,Low,,
ECCLES & PARTNERS,10,717363.72,71736.372,0.0,-0.1143142551307933,0.0,False,40.76485339506172,Low,,
NORTH CHARNWOOD GP COMMUNITY NETWORK LTD,6,387230.95,64538.49166666667,0.0,-0.1143351796216945,0.0,False,40.75520833333333,Low,,
BURRELL & PARTNERS,12,649261.38,54105.115,0.0,-0.1144101357603088,0.0,False,40.735918209876544,Low,,
RETHINK,18,1059292.62,58849.59,0.0,-0.1546927542602502,0.1111111111111111,False,40.72145061728395,Low,,
ORCHARD MEDICAL CENTRE (THE) BRISTOL,32,2037015.65,63656.7390625,0.0,-0.1381916354787455,0.03125,False,40.69251543209876,Low,,
BOLTON EYE CLINIC LTD,14,562914.51,40208.17928571429,0.0,-0.1145603486191904,0.0,False,40.68769290123456,Low,,
STAFF COLLEGE LEADERSHIP IN HEALTHCARE (THE),7,387723.91,55389.130000000005,0.0,-0.1145821378580673,0.0,False,40.67804783950616,Low,,
NHS HAVERING CCG,7,2859593.44,408513.34857142856,0.0,-0.1146359041065187,0.0,False,40.65875771604938,Low,,
TAMKIN WP,6,439777.9,73296.31666666667,0.0,-0.1146459229262137,0.0,False,40.64911265432099,Low,,
DR A C BROOKS & PARTNERS,12,1183872.04,98656.00333333334,0.0,-0.1146511220263073,0.0,False,40.6394675925926,Low,2.0,317.0
TAURUS HEALTHCARE LTD,38,3474010.4,91421.32631578948,0.0,-0.153687656433205,0.1052631578947368,False,40.6298225308642,Low,,
NHS CASTLE POINT AND ROCHFORD CCG,66,11411560.66,172902.43424242423,0.0,-0.1629015389438584,0.1515151515151515,False,40.6201774691358,Low,2.0,317.0
PRINCESS ALEXANDRA HOSPITAL NHS TRUST,27,9354748.87,346472.18037037033,0.0,-0.1865374432470606,0.2222222222222222,False,40.610532407407405,Low,,
UNIVERSITY OF SALFORD MANCHESTER,10,1025692.64,102569.264,0.0,-0.1525980036458836,0.1,False,40.60570987654321,Low,,
LABCOLD LTD,9,770116.04,85568.44888888889,0.0,-0.1549319654820418,0.1111111111111111,False,40.576774691358025,Low,,
HINCKLEY & BOSWORTH MEDICAL ALLIANCE,17,1624751.07,95573.59235294118,0.0,-0.1437035081457529,0.0588235294117647,False,40.53337191358025,Low,,
DR PROWSE G D W & PTNRS,23,1661526.79,72240.2952173913,0.0,-0.1405073644118887,0.0434782608695652,False,40.52854938271605,Low,3.0,221.0
HAMPSHIRE AND ISLE OF WIGHT HEALTHCARE NHS FOUNDATION TRUST,45,5968264.27,132628.09488888888,0.0,-0.1595360269844364,0.1333333333333333,False,40.514081790123456,Low,,
UNIVERSITY OF DERBY,39,4036302.81,103494.94384615384,0.0,-0.1791729968843051,0.2051282051282051,False,40.504436728395056,Low,,
NHS EAST AND NORTH HERTFORDSHIRE CCG,81,19575660.04,241674.815308642,0.0,-0.1653441727065963,0.1604938271604938,False,40.48996913580247,Low,2.0,317.0
JENNER HEALTHCARE,10,501757.79,50175.779,0.0,-0.1151993442528824,0.0,False,40.47550154320987,Low,,
LIVING WELL CONSORTIUM LTD,9,1298889.44,144321.04888888888,0.0,-0.1554492664884646,0.1111111111111111,False,40.432098765432094,Low,,
HOLY CROSS HOSPITAL,6,155759.0,25959.83333333333,0.0,-0.1153248393762174,0.0,False,40.4272762345679,Low,,
NHS SOUTH WARWICKSHIRE CCG,43,9476832.16,220391.44558139532,0.0,-0.1661078344220859,0.1627906976744186,False,40.41763117283951,Low,2.0,317.0
LIVERPOOL JOHN MOORES UNIVERSITY,35,2532487.65,72356.79,0.0,-0.1689307385528452,0.1714285714285714,False,40.41763117283951,Low,0.0,590.0
SOUTH HERMITAGE SURGERY,14,1630942.19,116495.87071428572,0.0,-0.1153432596160566,0.0,False,40.4079861111111,Low,,
DR GR MURRAY & PARTNERS,13,856688.0599999999,65899.08153846153,0.0,-0.1153655690395534,0.0,False,40.38869598765432,Low,,
ADAM HTT LTD TA ADAM,20,842677.8,42133.89,0.0,-0.1638440846853143,0.15,False,40.37422839506173,Low,1.0,552.0
TODMORDEN GROUP PRACTICE,16,859746.4,53734.15,0.0,-0.1154145921449792,0.0,False,40.36940586419753,Low,,
CALDER VIEW SURGERY,8,507098.75,63387.34375,0.0,-0.1154196939011336,0.0,False,40.35976080246913,Low,,
DR A B BOLTON & PARTNERS,12,650705.3200000001,54225.443333333336,0.0,-0.1155038177800059,0.0,False,40.35011574074073,Low,,
WELTON FAMILY HEALTH CENTRE,14,1197383.74,85527.41,0.0,-0.1155240406264283,0.0,False,40.34047067901234,Low,,
DR BURNHAM & PARTNERS,16,793654.88,49603.43,0.0,-0.1156237643987651,0.0,False,40.31153549382715,Low,,
SEYMOUR JOHN PUBLIC SERVICES LTD,60,3425692.53,57094.8755,0.0,-0.1603747448834688,0.1333333333333333,False,40.30189043209876,Low,,
NEWGATE MEDICAL GROUP,25,1287945.13,51517.8052,0.0,-0.1157747253959026,0.0,False,40.27295524691357,Low,2.0,317.0
ROTHERHAM DONCASTER AND SOUTH HUMBER NHS FOUNDATION TRUST,211,56336064.39,266995.5658293839,0.0,-0.1568429565161054,0.1137440758293838,True,40.26813271604938,Low,,
FELIXSTOWE ROAD MEDICAL PRACTICE,6,328649.08,54774.84666666667,0.0,-0.1157904764441548,0.0,False,40.263310185185176,Low,2.0,317.0
SUTTON MANOR SURGERY,18,1109929.43,61662.746111111104,0.0,-0.1437355575152762,0.0555555555555555,False,40.25848765432098,Low,,
MANOR & PARK GROUP PRACTICE,14,826802.4500000001,59057.31785714287,0.0,-0.1158154028252907,0.0,False,40.253665123456784,Low,,
AXIOLOGIK LTD,46,6210842.58,135018.31695652174,0.0217391304347826,-0.1611040507765715,0.0,False,40.24884259259259,Low,,
INSOURCE SELECT LTD,47,4753888.88,101146.57191489362,0.0,-0.1641065993009903,0.1489361702127659,False,40.22472993827161,Low,,
TILEHURST VILLAGE SURGERY,10,702475.7,70247.56999999999,0.0,-0.1160401768423368,0.0,False,40.14756944444444,Low,,
DENTAL CONCEPTS,48,1922741.94,40057.12375,0.0208333333333333,-0.1612898610874644,0.0,False,40.14756944444444,Low,5.0,91.0
DR R HIRSON,16,1326234.8,82889.675,0.0,-0.116102145719037,0.0,False,40.13792438271605,Low,,
LA INTERNATIONAL COMPUTER CONSULTANTS LTD,124,16421594.47,132432.21346774194,0.0,-0.1673354695781481,0.1612903225806451,False,40.13310185185185,Low,,
LONG STREET SURGERY,8,399726.36,49965.795000000006,0.0,-0.1161255747021954,0.0,False,40.12827932098765,Low,,
WHARTON BUSINESS CONSULTING LTD,9,1139955.0,126661.66666666669,0.0,-0.1566652673655935,0.1111111111111111,False,40.08487654320987,Low,,
INSPIRE DENTAL READING,7,200860.0,28694.285714285717,0.0,-0.1164084815892053,0.0,False,40.07040895061728,Low,,
NHS IPSWICH AND EAST SUFFOLK CCG,48,9688683.14,201847.56541666668,0.0,-0.155313829165759,0.1041666666666666,False,40.04629629629629,Low,2.0,317.0
DR G A LEES & PARTNERS,12,562271.42,46855.95166666667,0.0,-0.1164977079578564,0.0,False,40.031828703703695,Low,,
RATCLIFFE ROAD PRACTICE,10,528383.96,52838.39599999999,0.0,-0.116502000972581,0.0,False,40.0221836419753,Low,,
CHANGE GROW LIVE,13,1292108.96,99392.99692307692,0.0,-0.1498426606147346,0.0769230769230769,False,39.96913580246914,Low,10.0,16.0
HAZELWOOD GROUP PRACTICE,9,385197.1,42799.677777777775,0.0,-0.116703524993014,0.0,False,39.96431327160494,Low,,
PARKSTONE HEALTH CENTRE,16,866035.92,54127.245,0.0,-0.1167700920298048,0.0,False,39.94502314814814,Low,8.0,61.0
DR SHARMA G K & PTNRS,14,899439.4199999999,64245.67285714285,0.0,-0.1168242991003815,0.0,False,39.92573302469136,Low,,
HOPWOOD MEDICAL CENTRE,19,962839.1,50675.742105263154,0.0,-0.1168462231695463,0.0,False,39.90644290123456,Low,2.0,317.0
MEDICAL PIPED GASES LTD,5,142120.2,28424.04,0.0,-0.1168486414025295,0.0,False,39.89679783950616,Low,,
CU SERVICES LTD,27,1614970.59,59813.72555555556,0.0,-0.1657277081111924,0.1481481481481481,False,39.87750771604938,Low,,
BOAT HOUSE SURGERY,14,889052.5,63503.75,0.0,-0.1168784410435956,0.0,False,39.86786265432099,Low,,
NHS SOUTHEND CCG,46,8398636.62,182579.05695652173,0.0,-0.1566193177832339,0.108695652173913,False,39.84375,Low,2.0,317.0
GRAVESEND MEDICAL CENTRE,6,349608.58,58268.09666666667,0.0,-0.116909853007507,0.0,False,39.8389274691358,Low,,
DR COONEY J A F & PARTNERS,13,580154.74,44627.28769230769,0.0,-0.1169273181406733,0.0,False,39.829282407407405,Low,,
YORK HOUSE MEDICAL CENTRE,11,1016107.8,92373.43636363636,0.0,-0.1169300444123498,0.0,False,39.81963734567901,Low,,
VALLEY MEDICAL CENTRE,6,290907.4,48484.56666666667,0.0,-0.1169317263690505,0.0,False,39.80999228395061,Low,,
SHARPSMART LTD,19,511759.46,26934.708421052637,0.0,-0.1169433588746955,0.0,False,39.80034722222221,Low,,
DR D M HUGHES & PARTNERS,18,952838.6,52935.47777777778,0.0,-0.1452906652314789,0.0555555555555555,False,39.78587962962962,Low,,
ASPIRO HEALTHCARE,78,4653964.63,59666.2132051282,0.0,-0.1614218178519089,0.1282051282051282,False,39.77623456790123,Low,2.0,317.0
ST MARYS SURGERY ELY,15,3121683.05,208112.2033333333,0.0,-0.1170957625747774,0.0,False,39.77141203703703,Low,3.0,221.0
STANSTED SURGERY,15,1019264.06,67950.93733333334,0.0,-0.1171872098768736,0.0,False,39.732831790123456,Low,,
DR SIVATHASAN & PARTNERS,8,1044164.84,130520.605,0.0,-0.1607272299053998,0.125,False,39.732831790123456,Low,,
GOODSAM LTD,45,6030213.72,134004.74933333334,0.0,-0.1482771653067882,0.0666666666666666,False,39.723186728395056,Low,,
VILLAGE SURGERY CRAMLINGTON,37,2132833.11,57644.138108108105,0.0,-0.1408130736504923,0.027027027027027,False,39.71836419753086,Low,,
RESTORE PLC - (WAS MAGNUM),8,311960.85,38995.10625,0.0,-0.1172177184173548,0.0,False,39.70389660493827,Low,,
NETCOMPANY UK LTD,152,27774515.27,182727.07414473683,0.0,-0.169567666477582,0.1644736842105263,False,39.69907407407407,Low,,
NHS NEWARK & SHERWOOD CCG,5,519784.18,103956.836,0.0,-0.1173792637843909,0.0,False,39.66531635802469,Low,,
HUNTINGDON ROAD SURGERY,10,420726.7,42072.67,0.0,-0.1174373109288093,0.0,False,39.6363811728395,Low,,
DR DAWSON & PARTNERS,6,323245.9,53874.31666666667,0.0,-0.1174400840713268,0.0,False,39.62673611111111,Low,,
OPTICAL WORLD (SOUTHALL) LTD,17,488282.46,28722.497647058823,0.0,-0.1174477995232498,0.0,False,39.61709104938272,Low,,
OPUS ENERGY LTD,44,6487661.83,147446.85977272727,0.0,-0.1492697255597321,0.0681818181818181,False,39.61709104938272,Low,,
MOUNT PLEASANT HEALTH CENTRE,13,816643.24,62818.71076923077,0.0,-0.1175614035056896,0.0,False,39.59780092592592,Low,,
UNIVERSITY OF EAST ANGLIA,112,19205428.01,171477.03580357143,0.0,-0.1752174616936825,0.1785714285714285,False,39.59780092592592,Low,,
DR ASG USHER & PARTNERS,20,1367522.64,68376.132,0.0,-0.1175895337922505,0.0,False,39.58815586419753,Low,8.0,61.0
ST LEONARDS PRACTICE,15,819983.23,54665.54866666666,0.0,-0.1177237015816642,0.0,False,39.55922067901234,Low,,
NHS HILLINGDON CCG,11,2792977.8200000003,253907.07454545455,0.0,-0.153571891661821,0.0909090909090909,False,39.55439814814814,Low,,
ERHIT LTD,41,3078338.44,75081.42536585366,0.0,-0.1445207328934896,0.048780487804878,False,39.501350308641975,Low,,
NHS HOUNSLOW CCG,7,2507056.39,358150.91285714286,0.0,-0.1179039718719944,0.0,False,39.491705246913575,Low,,
NHS SOUTH SEFTON CCG,45,6972157.39,154936.8308888889,0.0,-0.1635130734216649,0.1333333333333333,False,39.48206018518518,Low,1.0,552.0
DR GUNTAMUKKALA,8,297949.26,37243.6575,0.0,-0.1179107025714256,0.0,False,39.48206018518518,Low,2.0,317.0
ISIO GROUP LTD,34,2431817.7,71524.05,0.0,-0.1533865714727363,0.088235294117647,False,39.47723765432099,Low,,
NHS SALFORD CCG,40,5024056.8,125601.42,0.0,-0.1559731798028151,0.1,False,39.47723765432099,Low,2.0,317.0
COACHMANS MEDICAL PRACTICE,22,1335538.07,60706.27590909091,0.0454545454545454,-0.1695967044015524,0.0,False,39.472415123456784,Low,,
DR SANGHERA J S & PARTNERS,12,779417.06,64951.42166666667,0.0,-0.1179937057349972,0.0,False,39.4434799382716,Low,,
SCOTT PRACTICE,37,3736909.12,100997.54378378378,0.0,-0.1462166932297359,0.054054054054054,False,39.42418981481481,Low,3.0,221.0
R G CARTER BUILDING LTD,20,6299334.0,314966.7,0.0,-0.1561199086364131,0.1,False,39.40972222222222,Low,,
WOOLFORD RANPURA AHYOW & MILTON,13,915020.84,70386.21846153846,0.0,-0.1181342517222344,0.0,False,39.404899691358025,Low,2.0,317.0
G B M WINSTOCK,10,397867.58,39786.758,0.0,-0.1181547751812716,0.0,False,39.395254629629626,Low,,
UNIVERSITY OF SURREY,21,12295173.16,585484.4361904762,0.0,-0.1182538121569259,0.0,False,39.37596450617284,Low,,
GROSVENOR MEDICAL CENTRE CREWE,9,468839.64,52093.293333333335,0.0,-0.1182756016022698,0.0,False,39.36631944444444,Low,,
HEALTH INNOVATION WESSEX LTD,10,3027246.6,302724.66000000003,0.0,-0.1183173169285335,0.0,False,39.35667438271605,Low,,
HESWALL & PENSBY GROUP PRACTICE,52,4875738.25,93764.1971153846,0.0,-0.1432749267590614,0.0384615384615384,False,39.34702932098765,Low,,
DISCOVER MOMENTA LTD,41,3415515.26,83305.25024390244,0.0,-0.1615072799117619,0.1219512195121951,False,39.33738425925926,Low,,
DR L M THOMPSON & PARTNER,9,508647.84,56516.426666666666,0.0,-0.118410302796801,0.0,False,39.31809413580247,Low,,
PORTLAND EYECARE SERVICES LTD,10,309636.89,30963.689,0.0,-0.1184546548077424,0.0,False,39.30844907407407,Low,,
ADUR MEDICAL GROUP,6,292824.52,48804.08666666667,0.0,-0.1184952790498734,0.0,False,39.29880401234568,Low,,
BANKFIELD SURGERY,19,1116423.64,58759.13894736842,0.0,-0.1185014439399124,0.0,False,39.289158950617285,Low,,
UNIVERSITY OF NOTTINGHAM,87,23853878.83,274182.5152873563,0.0,-0.1652548393743672,0.1379310344827586,False,39.28915895061728,Low,0.0,590.0
HOUNSLOW AND RICHMOND COMMUNITY HEALTHCARE NHS TRUST,209,50260805.78,240482.3243062201,0.0,-0.1589928818764124,0.1100478468899521,True,39.28433641975308,Low,,
QUEENS PARK SURGERY,5,253111.36,50622.272,0.0,-0.118513603007064,0.0,False,39.279513888888886,Low,,
URGENT CARE 24,65,3129576.31,48147.32784615385,0.0,-0.1653738190012177,0.1384615384615384,False,39.27469135802468,Low,,
IMEARY STREET SURGERY,9,791352.48,87928.05333333333,0.0,-0.1186376990151465,0.0,False,39.2409336419753,Low,,
MARPLE COTTAGE SURGERY,21,1367482.44,65118.21142857143,0.0,-0.1186783472342736,0.0,False,39.22164351851851,Low,,
GREYSTONE HOUSE SURGERY,34,2126483.44,62543.63058823529,0.0,-0.1479725546634215,0.0588235294117647,False,39.21199845679012,Low,,
ANENTA LTD,16,667172.93,41698.308125,0.0,-0.1189302667089076,0.0,False,39.15412808641975,Low,,
UNIVERSITY OF ESSEX,49,5586593.05,114012.10306122448,0.0,-0.1822707619059245,0.1836734693877551,False,39.09143518518518,Low,,
DR MORGAN D R & PARTNERS,7,324097.32,46299.61714285715,0.0,-0.119085400637736,0.0,False,39.08661265432099,Low,,
BLACKBROOK SURGERY LISIEUX WAY TAUNTON,17,1223788.23,71987.54294117646,0.0,-0.1191755307131764,0.0,False,39.0673225308642,Low,,
NAUTILUS CONSULTING LTD,13,378582.0,29121.69230769231,0.0,-0.1191978950073167,0.0,False,39.03838734567901,Low,,
BROOK YOUNG PEOPLE,13,1014150.85,78011.60384615384,0.0,-0.1192118234547978,0.0,False,39.01909722222222,Low,,
VIRGIN MEDIA BUSINESS LTD,172,8682874.93,50481.830988372094,0.0,-0.1415421601438297,0.0116279069767441,False,39.00945216049382,Low,,
DR RG TURNER&PARTNERS,10,872580.51,87258.051,0.0,-0.1193905774005737,0.0,False,39.00945216049382,Low,2.0,317.0
DACOLL LTD,19,634031.41,33370.07421052632,0.0,-0.1194439745001796,0.0,False,38.99016203703703,Low,,
HARBOROUGH FIELD SURGERY,46,3663774.59,79647.27369565217,0.0,-0.1424860759555928,0.0217391304347826,False,38.97569444444444,Low,,
KOH & PARTNER,12,676130.9,56344.24166666667,0.0,-0.119510587973458,0.0,False,38.97087191358024,Low,,
SOUTH DOWNS HEALTH AND CARE LTD,12,740129.1799999999,61677.43166666666,0.0,-0.1195866438426771,0.0,False,38.93229166666666,Low,,
CRESSEX HOUSE PRACTICE,15,763723.31,50914.88733333334,0.0,-0.1509616898416695,0.0666666666666666,False,38.922646604938265,Low,,
DR SAHOTA B S & DR CASSAM K,8,394173.42,49271.6775,0.0,-0.1196490507428763,0.0,False,38.89371141975308,Low,,
NHS LINCOLNSHIRE WEST CCG,11,1142530.71,103866.42818181818,0.0,-0.1555521311045727,0.0909090909090909,False,38.888888888888886,Low,,
RELATE LEICESTER LEICESTERSHIRE & RUTLAND,7,274620.75,39231.53571428572,0.0,-0.1196527833283114,0.0,False,38.88406635802469,Low,,
AS GILL & P CHEEMA,9,385062.84,42784.76,0.0,-0.1196671605721618,0.0,False,38.87442129629629,Low,,
GOLD STREET SURGERY,26,2041580.96,78522.34461538462,0.0,-0.1197447450940764,0.0,False,38.83584104938272,Low,,
TULASI MEDICAL CENTRE,8,728712.72,91089.09,0.0,-0.119812799896865,0.0,False,38.81655092592592,Low,,
ALEXION PHARMA UK LTD,9,327411.6,36379.066666666666,0.0,-0.1199066286844176,0.0,False,38.78761574074074,Low,,
HP INC.UK LTD,57,5178045.34,90842.90070175438,0.0,-0.1479743004234959,0.0526315789473684,False,38.782793209876544,Low,,
FIRECLAY HEALTH,16,807962.54,50497.65875,0.0,-0.1199188031335737,0.0,False,38.77797067901234,Low,,
SPINNEY TRAINING HUB,20,2068825.33,103441.2665,0.0,-0.1588435177731925,0.1,False,38.77314814814815,Low,,
THORNTON ROAD SURGERY,8,664196.46,83024.5575,0.0,-0.1199434609420556,0.0,False,38.75868055555555,Low,,
MARKET LAVINGTON SURGERY,23,1561489.24,67890.83652173913,0.0,-0.1200004872088157,0.0,False,38.739390432098766,Low,,
BISTECH PLC,10,327879.01,32787.901,0.0,-0.120041735621793,0.0,False,38.720100308641975,Low,,
BUYINGTEAM LTD TA PROXIMA,6,234375.0,39062.5,0.0,-0.1202807471653382,0.0,False,38.6622299382716,Low,,
ETHICAL LEGAL SERVICES LTD T/A BEACON,27,1521161.88,56339.32888888889,0.0,-0.1203832545444021,0.0,False,38.623649691358025,Low,,
COOPER N I & PARTNERS,70,6537807.35,93397.24785714284,0.0,-0.1464726680136108,0.0428571428571428,False,38.59953703703704,Low,,
LONG FURLONG MEDICAL CENTRE,6,363342.2,60557.03333333333,0.0,-0.1204692928572019,0.0,False,38.59471450617284,Low,,
TET LTD,134,10650858.01,79484.015,0.0,-0.1665607901327719,0.126865671641791,False,38.58024691358025,Low,,
SUPER OPTICAL,5,136869.94,27373.988,0.0,-0.1205019193012859,0.0,False,38.57542438271605,Low,4.0,136.0
SIEMENS FINANCIAL SERVICES LTD,13,372102.27,28623.25153846154,0.0,-0.1205077781487588,0.0,False,38.56577932098765,Low,,
EMMETT CARR SURGERY,21,1053713.86,50176.85047619047,0.0,-0.1205956936116447,0.0,False,38.52719907407407,Low,,
CDW LTD,183,19399687.23,106009.21983606556,0.0,-0.1579530124595516,0.0928961748633879,False,38.51273148148148,Low,,
SURVIVORS TRUST,9,598227.0,66469.66666666667,0.0,-0.1207282374381826,0.0,False,38.498263888888886,Low,0.0,590.0
ESSEX LOCAL MEDICAL COMMITTEES,12,333835.88,27819.656666666662,0.0,-0.1208332251345656,0.0,False,38.4596836419753,Low,,
CHAUDHURY P K,7,495000.78,70714.39714285714,0.0,-0.1208486279458119,0.0,False,38.45003858024691,Low,,
SURGERY HOULGATE WAY AXBRIDGE,22,1592677.72,72394.44181818182,0.0,-0.1209209888887414,0.0,False,38.44039351851851,Low,,
MEDICAL IMAGING UK LTD,481,73505497.44,152818.081995842,0.0,-0.1440182750971811,0.0187110187110187,False,38.43557098765432,Low,,
ACORN GROUP PRACTICE,9,376598.32,41844.25777777778,0.0,-0.120995839558442,0.0,False,38.411458333333336,Low,,
DEPARTMENT FOR EDUCATION,8,380858.32,47607.29,0.0,-0.1210307686324675,0.0,False,38.392168209876544,Low,,
NORTHERN LINCOLNSHIRE & GOOLE HOSPITALS,14,10427852.64,744846.6171428572,0.0,-0.1210589819384508,0.0,False,38.38252314814815,Low,,
ROBERTS M J & PARTNERS,20,2073033.94,103651.697,0.0,-0.1210948041468304,0.0,False,38.37287808641975,Low,,
KOTHARI C U & PARTNERS,20,1281568.96,64078.448,0.0,-0.1210984382741489,0.0,False,38.36323302469136,Low,,
LAKESIDE HEALTHCARE,48,2261691.93,47118.581875,0.0,-0.1443192447810309,0.0208333333333333,False,38.36323302469136,Low,8.0,61.0
NORTH SOMERSET COMMUNITY PARTNERSHIP,10,567181.0,56718.1,0.0,-0.1604239474579164,0.1,False,38.33912037037037,Low,,
CAPTAIN FRENCH LANE SURGERY,20,1308629.36,65431.46800000001,0.0,-0.1212166776203842,0.0,False,38.33429783950617,Low,,
RICHMOND MEDICAL,15,1425228.64,95015.24266666669,0.0,-0.1212489754627215,0.0,False,38.31500771604938,Low,,
UNIVERSITY HEALTH CENTRE,6,228771.98,38128.66333333334,0.0,-0.1212598870888976,0.0,False,38.30536265432099,Low,,
DR PJI HALL & PARTNERS,9,467227.97,51914.21888888889,0.0,-0.1212603396304458,0.0,False,38.2957175925926,Low,,
GREENSIDE MEDICAL PRACTICE,8,558060.47,69757.55875,0.0,-0.1213591300924042,0.0,False,38.25713734567901,Low,2.0,317.0
DERBYSHIRE HEALTHCARE NHS FOUNDATION TRUST,243,63601778.65,261735.71460905348,0.0,-0.1592279629652505,0.0946502057613168,True,38.24266975308642,Low,,
EVERGREEN PRACTICE,21,1434260.24,68298.10666666666,0.0,-0.1214586892933497,0.0,False,38.22820216049382,Low,,
STURMINSTER NEWTON PRACTICE,19,1312856.63,69097.71736842104,0.0,-0.1215306582234629,0.0,False,38.21855709876543,Low,,
CLAIRE CAIRNS ASSOCIATES LTD,50,2410382.98,48207.6596,0.0,-0.1556954796581983,0.08,False,38.20891203703703,Low,,
BRADFORD METROPOLITAN DISTRICT COUNCIL,17,931159.0,54774.05882352941,0.0,-0.1514648255536076,0.0588235294117647,False,38.19926697530864,Low,1.0,552.0
FRESENIUS MEDICAL CARE RENAL SERVICES LTD,427,31769745.35,74402.21393442624,0.0,-0.1535181745984218,0.0679156908665105,False,38.19444444444444,Low,,
CREWKERNE HEALTH CENTRE MIDDLE PATH CREWKERNE,13,1031064.64,79312.66461538462,0.0,-0.1215723945481046,0.0,False,38.18962191358024,Low,,
VISIONCARE AT HOME NORTHWEST LTD,10,324759.51,32475.951,0.0,-0.1216035802978097,0.0,False,38.16068672839506,Low,,
BLAKE MORGAN LLP,59,3009937.56,51015.89084745763,0.0,-0.1497971530972491,0.0508474576271186,False,38.15586419753086,Low,,
BARTON HOUSE SURGERY,8,824681.2999999999,103085.1625,0.0,-0.1216494299682022,0.0,False,38.14139660493827,Low,,
DRC LOCUMS LIMITED,5,114222.54,22844.508,0.0,-0.1216660713759494,0.0,False,38.13175154320987,Low,,
PUTNEYMEAD GROUP MEDICAL PRACTICE,8,645579.13,80697.39125,0.0,-0.1217212241330306,0.0,False,38.11246141975308,Low,,
DE MONTFORT UNIVERSITY,47,3493797.0300000003,74336.1070212766,0.0,-0.1633125698891119,0.1063829787234042,False,38.107638888888886,Low,0.0,590.0
NORTH STAFFORDSHIRE COMBINED HEALTHCARE NHS TRUST,145,31296186.81,215835.77110344823,0.0,-0.1635778125197436,0.1103448275862069,False,38.0883487654321,Low,,
WIRRAL COMMUNITY NHS TRUST,6,766869.25,127811.54166666669,0.0,-0.184840280066673,0.1666666666666666,False,38.06905864197531,Low,,
AHSAN OPTICAL LTD,9,365515.85,40612.87222222222,0.0,-0.1218147761026642,0.0,False,38.06423611111111,Low,,
CENTRAL SURGERY BARTON HUMBER,20,1269177.66,63458.883,0.0,-0.122227351653407,0.0,False,38.02565586419753,Low,,
D T COMMISSIONING AND CONSULTANCY SERVICES LTD,6,266360.0,44393.333333333336,0.0,-0.1223526506046243,0.0,False,37.99672067901234,Low,,
OAK TREE BARNET LTD TA ELLERN MEDE BARNET,95,3122830.0,32871.89473684211,0.0,-0.1663888031858859,0.1157894736842105,False,37.96296296296296,Low,,
PROFESSIONAL RECORD STANDARDS BODY,113,7854355.94,69507.5746902655,0.0,-0.1677862936933852,0.1238938053097345,True,37.96296296296296,Low,0.0,590.0
CIPD ENTERPRISES LTD,10,1543602.06,154360.206,0.0,-0.1223756337255718,0.0,False,37.958140432098766,Low,,
CARE UK LTD,36,10029253.12,278590.3644444445,0.0,-0.1515055906250488,0.0555555555555555,False,37.93402777777777,Low,,
RED & GREEN PRACTICES,26,1559000.9,59961.57307692307,0.0,-0.1224514842193414,0.0,False,37.929205246913575,Low,,
WW GBR LTD,39,2264475.22,58063.46717948718,0.0,-0.1560585517461753,0.0769230769230769,False,37.91473765432099,Low,,
"NHS HAMBLETON, RICHMONDSHIRE AND WHITBY CCG",7,896057.8,128008.25714285715,0.0,-0.1224736832445119,0.0,False,37.90991512345679,Low,,
QUALITAS CONSORTIUM UK LTD,70,2377820.0,33968.857142857145,0.0,-0.1469147104534099,0.0285714285714285,False,37.89544753086419,Low,,
ABBEY HOUSE MEDICAL PRACTICE,21,2488438.22,118497.0580952381,0.0,-0.1225543460553797,0.0,False,37.87133487654321,Low,,
BURY GP PRACTICES LTD,9,416102.28,46233.58666666667,0.0,-0.1225810822704769,0.0,False,37.86168981481481,Low,,
DR IH IBRAHIM & PARTNERS,18,862056.42,47892.02333333334,0.0,-0.1226489212003933,0.0,False,37.85204475308642,Low,,
OVIVA UK LTD,58,3431393.27,59161.95293103448,0.0,-0.1635457054385116,0.1034482758620689,False,37.83757716049382,Low,,
SOUTHOVER SURGERY TORQUAY,8,321391.87,40173.98375,0.0,-0.1227585071825938,0.0,False,37.80381944444444,Low,,
KC HOLIDAY DIALYSIS CENTRE,19,616480.0,32446.315789473683,0.0,-0.12281477695281,0.0,False,37.79417438271605,Low,,
CITY UNIVERSITY,5,470325.0,94065.0,0.0,-0.1228678254408968,0.0,False,37.78452932098765,Low,,
ATOS IT SERVICES UK LTD,233,25596157.83,109854.75463519312,0.0,-0.1607709464226309,0.0944206008583691,False,37.779706790123456,Low,,
PARK ROAD MEDICAL PRACTICE SHEPTON MALLET,8,732895.13,91611.89125,0.0,-0.1228739244233268,0.0,False,37.76523919753086,Low,,
PREMIER PRIMARYCARE LTD,26,1831051.34,70425.05153846154,0.0,-0.1228822309925886,0.0,False,37.75559413580247,Low,,
SCHOOL HILL MEDICAL PRACTICE,13,596897.04,45915.15692307693,0.0,-0.1229671843545413,0.0,False,37.73630401234568,Low,,
EMS GROUP SOLUTIONS LTD,21,2842183.07,135342.05095238093,0.0,-0.1612163503873364,0.0952380952380952,False,37.73630401234568,Low,,
NORFOLK COMMUNITY HEALTH AND CARE NHS TRUST,173,58992693.4,340998.2277456647,0.0,-0.1513577981553086,0.0520231213872832,False,37.73148148148148,Low,5.0,91.0
HERSCHEL MEDICAL CENTRE,17,1547412.84,91024.28470588235,0.0,-0.1230017458151346,0.0,False,37.726658950617285,Low,,
NHS NENE CCG,36,5971931.3100000005,165886.9808333333,0.0,-0.166342408873103,0.1111111111111111,True,37.6929012345679,Low,2.0,317.0
UNIVERSITY OF CENTRAL LANCASHIRE,46,5730135.85,124568.17065217393,0.0,-0.1717148768620319,0.1304347826086956,False,37.6929012345679,Low,0.0,590.0
DR THOMAS & PARTNER,9,741905.53,82433.94777777778,0.0,-0.1232624560753765,0.0,False,37.65914351851852,Low,,
QUAY HEALTH SOLUTIONS CIC,25,2475589.81,99023.5924,0.0,-0.1233146317114295,0.0,False,37.62056327160494,Low,,
GLEN DIMPLEX HOME APPLIANCES,11,801274.8,72843.16363636364,0.0,-0.1605645530307386,0.0909090909090909,False,37.60609567901234,Low,1.0,552.0
LINDUM GROUP LTD,11,1037169.03,94288.09363636364,0.0,-0.1606784140882771,0.0909090909090909,False,37.58680555555556,Low,,
MINDRAY (UK) LTD,9,583531.1,64836.788888888885,0.0,-0.1234261758442823,0.0,False,37.56269290123456,Low,,
FORTIUS LONDON LTD,14,4446541.0,317610.0714285714,0.0,-0.1560432019304443,0.0714285714285714,False,37.55787037037037,Low,,
DARWIN MEDICAL PRACTICE,22,998593.53,45390.615,0.0,-0.1234922447156908,0.0,False,37.55304783950617,Low,,
SWANSEA BAY UNIVERSITY HEALTH BOARD,23,2142891.15,93169.1804347826,0.0,-0.1601364608178325,0.0869565217391304,False,37.52893518518518,Low,,
LINGFIELD SURGERY,21,1186453.95,56497.80714285714,0.0,-0.123597642573145,0.0,False,37.51446759259259,Low,,
KALEIDOSCOPE PLUS GROUP,23,1094461.07,47585.26391304348,0.0,-0.1236308946270157,0.0,False,37.4951774691358,Low,,
NORMANBY MEDICAL CENTRE,21,997323.93,47491.61571428572,0.0,-0.1236415065660241,0.0,False,37.485532407407405,Low,,
HOLMHURST MEDICAL CENTRE,11,580322.07,52756.55181818181,0.0,-0.1237524391126863,0.0,False,37.43730709876543,Low,,
SPENCER PRIVATE HOSPITAL,32,7618126.0,238066.4375,0.0,-0.162322876992618,0.09375,False,37.39872685185185,Low,,
ST CATHERINE'S SURGERY,63,4958578.88,78707.60126984127,0.0,-0.1514357879019937,0.0476190476190476,False,37.38425925925925,Low,,
WAVENET LTD,113,17473285.59,154630.84592920353,0.0,-0.1628066947040143,0.0973451327433628,False,37.38425925925925,Low,,
G ASKEW,13,1013370.23,77951.55615384615,0.0,-0.1238784371300217,0.0,False,37.379436728395056,Low,,
WAVEMAKER,22,1459957.6,66361.70909090909,0.0,-0.1512239776636922,0.0454545454545454,False,37.326388888888886,Low,,
CROSS ROAD SURGERY,17,2056683.15,120981.36176470589,0.0,-0.1240368606343704,0.0,False,37.32156635802469,Low,,
BATES IT LTD,12,413186.57,34432.214166666665,0.0,-0.1241479720559094,0.0,False,37.3022762345679,Low,,
NHS REDDITCH AND BROMSGROVE CCG,6,1884840.0,314140.0,0.0,-0.1241792974471894,0.0,False,37.29263117283951,Low,,
DR B AHMED & PARTNERS,9,656799.24,72977.69333333333,0.0,-0.1242670823792764,0.0,False,37.26369598765432,Low,,
STAFFORDSHIRE UNIVERSITY,22,1987929.59,90360.43590909091,0.0,-0.161844491598641,0.0909090909090909,False,37.25887345679012,Low,,
JANSSEN-CILAG LTD,6,181699.87,30283.311666666665,0.0,-0.1243419390106418,0.0,False,37.25405092592592,Low,,
DADGE DALBY MCCOLE & PARTNERS,12,656196.66,54683.055,0.0,-0.1243555120854245,0.0,False,37.244405864197525,Low,,
DR YOUNG G B & PARTNERS,24,1092016.04,45500.668333333335,0.0,-0.1243968491383422,0.0,False,37.22511574074074,Low,,
BENENDEN HOSPITAL TRUST,26,8648521.94,332635.4592307692,0.0,-0.1504987513095516,0.0384615384615384,False,37.20582561728395,Low,,
MANCHESTER METROPOLITAN UNIVERSITY,12,3393076.0,282756.3333333333,0.0,-0.1245347269709341,0.0,False,37.18653549382716,Low,,
GENERAL PRACTICE TASKFORCE (GPTF) LTD,9,922197.37,102466.37444444445,0.0,-0.1246550319108815,0.0,False,37.147955246913575,Low,,
HALFWAY SURGERY,14,807480.17,57677.155000000006,0.0,-0.1246828680256976,0.0,False,37.13831018518518,Low,,
THREE SIXTY ONE DEGREES,5,455229.09,91045.818,0.0,-0.124802573013249,0.0,False,37.09008487654321,Low,,
CLARE HOUSE SURGERY,24,1455650.16,60652.09,0.0,-0.1248347355642961,0.0,False,37.08043981481481,Low,,
CERNER LTD,84,6898215.1,82121.60833333332,0.0,-0.1521200211924267,0.0476190476190476,False,37.06597222222222,Low,,
WEYMOUTH STREET HOSPITAL,31,8068621.0,260278.09677419355,0.0,-0.1556947580459004,0.064516129032258,False,37.05632716049382,Low,,
DELTASCHEME LTD,10,619496.0,61949.6,0.0,-0.124983062177036,0.0,False,37.051504629629626,Low,,
SYNERGY HEALTH MANAGED SERVICES LTD,37,2960969.17,80026.19378378378,0.0,-0.1493866116831399,0.027027027027027,False,37.04668209876543,Low,,
PAUL STRICKLAND SCANNER CENTRE,78,15643605.6,200559.0461538461,0.0,-0.1482056399042429,0.0128205128205128,False,37.04668209876543,Low,,
ALLIANCE FOR BETTER CARE LTD,32,1460142.74,45629.460625,0.0,-0.1499332355183604,0.03125,False,37.03703703703704,Low,,
GAZPROM MARKETING & TRADING RETAIL LTD,41,2317959.25,56535.59146341463,0.0,-0.1490067358539924,0.024390243902439,False,37.02739197530864,Low,,
DH OPCO UK LTD,8,785799.48,98224.935,0.0,-0.1250891272243908,0.0,False,37.02256944444444,Low,,
NEW POND ROW PRACTICE,15,1054134.12,70275.60800000001,0.0,-0.1252384025182193,0.0,False,36.99363425925926,Low,,
VACCINATION UK LTD,356,45565113.52,127991.89191011238,0.0,-0.1493289015708132,0.0252808988764044,False,36.98881172839506,Low,,
QUALITEST GROUP UK LTD,127,6962480.83,54822.683700787406,0.0,-0.1724506798467142,0.1181102362204724,False,36.97916666666667,Low,,
ST HUGHS HOSPITAL,47,10962573.83,233246.2517021277,0.0,-0.155997760211958,0.0638297872340425,False,36.969521604938265,Low,,
AGILIA INFRASTRUCTURE PARTNERS LIMITED,9,238035.0,26448.33333333333,0.0,-0.1253032184208085,0.0,False,36.96469907407407,Low,,
G4S HEALTH SERVICES UK LTD,415,48010351.17,115687.59318072288,0.0,-0.1528029949080535,0.0481927710843373,False,36.950231481481474,Low,,
BOOTS OPTICIANS LTD,5,135308.5,27061.7,0.0,-0.1253203929223176,0.0,False,36.945408950617285,Low,,
DR DURR & PARTNERS,20,1426837.7,71341.885,0.0,-0.153254418615157,0.05,False,36.92129629629629,Low,,
LINCOLNSHIRE COMMUNITY HEALTH SERVICES NHS TRUST,6,495481.5,82580.25,0.0,-0.1254162426631273,0.0,False,36.89718364197531,Low,,
BROWNE JACOBSON LLP,39,2123130.28,54439.23794871794,0.0,-0.1496347196462302,0.0256410256410256,False,36.87789351851852,Low,,
DR GRANT & PARTNERS,18,1492691.52,82927.30666666667,0.0,-0.1255361723277747,0.0,False,36.85860339506173,Low,2.0,317.0
MYLAN UK HEALTHCARE LTD,18,5731390.2,318410.56666666665,0.0,-0.1255614575976871,0.0,False,36.84895833333333,Low,,
UNIVERSITY SURGERY PORTSMOUTH,14,655226.8,46801.91428571429,0.0,-0.1256146701491381,0.0,False,36.83931327160494,Low,,
PICK EVERARD,21,615954.1,29331.147619047617,0.0,-0.1256484201807905,0.0,False,36.82002314814815,Low,,
NHS KNOWSLEY CCG,41,5061987.38,123463.10682926828,0.0,-0.1657045293868967,0.0975609756097561,False,36.77662037037037,Low,2.0,317.0
THE NEW FOSCOTE HOSPITAL LTD,38,3026885.39,79654.87868421053,0.0,-0.1769313387177729,0.131578947368421,False,36.77662037037037,Low,,
NHS LUTON CCG,40,3461571.61,86539.29024999999,0.0,-0.1672116814862642,0.1,False,36.766975308641975,Low,5.0,91.0
SHEERNESS HEALTH CENTRE,7,520604.38,74372.05428571429,0.0,-0.1258148808399891,0.0,False,36.76215277777778,Low,,
SERCO LTD,142,22565668.17,158913.1561267606,0.0,-0.1647060752518302,0.0915492957746478,False,36.75733024691358,Low,,
LEACROFT PRACTICE,38,2996438.15,78853.63552631579,0.0,-0.1504246603368636,0.0263157894736842,False,36.75733024691358,Low,,
BEACON GP CARE LTD,11,686563.0,62414.81818181818,0.0,-0.1259530985963532,0.0,False,36.74286265432099,Low,,
HERTFORDSHIRE DOMICILIARY SPECSAVERS LTD,7,217891.99,31127.42714285714,0.0,-0.1259623932119468,0.0,False,36.73321759259259,Low,,
MASON ADVISORY LTD,26,1641102.01,63119.30807692308,0.0,-0.1517058809276704,0.0384615384615384,False,36.7235725308642,Low,,
FERN HOUSE SURGERY,23,1554228.66,67575.15913043478,0.0,-0.1262234550978635,0.0,False,36.66570216049382,Low,,
SCOTTISH WATER BUSINESS STREAM,23,354784.91,15425.430869565216,0.0,-0.1264064599016833,0.0,False,36.61747685185185,Low,,
ULTRAMEDIC LTD,6,36350.6,6058.433333333333,0.0,-0.1264721187045655,0.0,False,36.607831790123456,Low,,
AMBROSE AVENUE GROUP PRACTICE,62,2700471.33,43555.98919354839,0.0161290322580645,-0.1781360146843063,0.0,False,36.59336419753086,Low,,
HCRG MEDICAL SERVICES LTD,60,20727163.02,345452.717,0.0,-0.1500753930641768,0.0166666666666666,False,36.58371913580247,Low,,
DR F S ALLEN & PARTNERS,7,959171.36,137024.48,0.0,-0.1266065995639339,0.0,False,36.54996141975308,Low,3.0,221.0
RIVERSIDE SURGERY,56,2498443.48,44615.06214285714,0.0,-0.1518714815045806,0.0357142857142857,False,36.5258487654321,Low,2.0,317.0
DR S M A EVERITT & PARTNERS,12,963441.04,80286.75333333334,0.0,-0.1267680893515784,0.0,False,36.49209104938272,Low,,
JSR OPTICIANS,9,386343.7,42927.07777777778,0.0,-0.1267813306694341,0.0,False,36.47280092592592,Low,4.0,136.0
SSP HEALTH PRIMARY CARE LTD,9,378750.0,42083.333333333336,0.0,-0.1269121214530002,0.0,False,36.42457561728395,Low,,
DR DANBY J & PARTNERS,13,1539363.7,118412.5923076923,0.0,-0.1269808910844107,0.0,False,36.40528549382716,Low,,
EDENRED CHILDCARE VOUCHER LTD,31,901358.99,29076.096451612902,0.0,-0.127082731812157,0.0,False,36.35706018518518,Low,,
FULLWELL MEDICAL CENTRE,9,583809.36,64867.706666666665,0.0,-0.1271682035233805,0.0,False,36.3184799382716,Low,,
BENCHMARK MANAGEMENT CONSULTING LTD,225,19764074.13,87840.32946666666,0.0,-0.1632656340376668,0.08,False,36.3088348765432,Low,,
DR GILKAR I A & PARTNER,11,638202.19,58018.380909090905,0.0,-0.1272019537746869,0.0,False,36.29918981481481,Low,,
WENTWORTH MEDICAL PRACTICE,11,2042486.88,185680.62545454543,0.0,-0.1274299211466602,0.0,False,36.24131944444444,Low,,
CAMBERWELL GREEN SURGERY,22,1617108.3299999998,73504.92409090909,0.0,-0.1275286459191962,0.0,False,36.18344907407407,Low,3.0,221.0
NORTH HYDE PRACTICE,18,725550.73,40308.37388888889,0.0,-0.1276420289566374,0.0,False,36.11593364197531,Low,2.0,317.0
BOOTH & PARTNERS,48,2113871.26,44038.98458333333,0.0,-0.151761743633643,0.0208333333333333,False,36.08699845679012,Low,8.0,61.0
UNIVERSITY OF NOTTINGHAM HEALTH SERVICE,16,673777.52,42111.095,0.0,-0.1277859237611391,0.0,False,36.08699845679012,Low,,
LINCS COMMUNITY HEALTH SERVICES NHS TRUST,196,32600106.86,166327.07581632654,0.0,-0.1658182493568946,0.086734693877551,False,36.06288580246913,Low,,
MILLRISE MEDICAL PRACTICE,16,994500.69,62156.293125,0.0,-0.1278488621792854,0.0,False,36.048418209876544,Low,,
NHS SOUTH DEVON AND TORBAY CCG,11,1954660.63,177696.42090909093,0.0,-0.1673505858749089,0.0909090909090909,False,36.04359567901234,Low,,
DEPARTMENT FOR INTERNATIONAL TRADE,23,3351363.0,145711.4347826087,0.0,-0.1661618062568711,0.0869565217391304,False,36.02430555555556,Low,0.0,590.0
DR S AHMED & PARTNERS,12,709497.08,59124.75666666666,0.0,-0.1278877384112654,0.0,False,36.019483024691354,Low,,
DLA PIPER UK LLP,40,2044717.55,51117.93875,0.0,-0.1628688999497321,0.075,False,35.97608024691358,Low,,
ELLISON VIEW SURGERY,16,1044984.01,65311.500625,0.0,-0.1279687379824595,0.0,False,35.96161265432099,Low,,
SURREY HEALTHY CHILDREN & FAMILIES LLP,23,1758231.0,76444.82608695653,0.0,-0.1940904970607178,0.1304347826086956,False,35.956790123456784,Low,,
ID MEDICAL GROUP LTD,9,423540.1,47060.01111111111,0.0,-0.1280489128166947,0.0,False,35.9326774691358,Low,,
PENTELOW PRACTICE,16,1094641.36,68415.085,0.0,-0.1280547724374701,0.0,False,35.923032407407405,Low,,
ARJO UK LIMITED,7,580415.8200000001,82916.54571428572,0.0,-0.1280788881089821,0.0,False,35.91338734567901,Low,,
MANCHESTER 2 DOMICILIARY SPECSAVERS LTD,10,319046.49,31904.649,0.0,-0.1282447804067411,0.0,False,35.86516203703704,Low,,
RENAL SERVICES OPERATIONS LTD,6,222904.0,37150.66666666666,0.0,-0.128352837710365,0.0,False,35.826581790123456,Low,,
LAUREL BANK SURGERY,15,1244054.43,82936.962,0.0,-0.1613402379256846,0.0666666666666666,False,35.797646604938265,Low,3.0,221.0
MACHIN & PARTNERS,7,441048.04,63006.862857142856,0.0,-0.1285121676246424,0.0,False,35.76871141975308,Low,,
BT PLC,96,7616600.140000001,79339.58479166667,0.0,-0.1537135119174992,0.03125,False,35.754243827160494,Low,,
BOLTON COMMUNITY PRACTICE,8,604891.04,75611.38,0.0,-0.1285500004210886,0.0,False,35.74942129629629,Low,,
AQUILANT LTD T/A AQUILANT MEDICAL,41,7052255.2,172006.2243902439,0.0,-0.1708765430940166,0.0975609756097561,False,35.69637345679012,Low,,
AMWELL PRACTICE,13,1984724.25,152671.09615384616,0.0,-0.1288422627084325,0.0,False,35.63368055555555,Low,,
GARDEN CITY PRACTICE,9,633373.93,70374.88111111111,0.0,-0.12885664792204,0.0,False,35.62403549382716,Low,,
KELLER P & PARTNERS,6,1170916.91,195152.81833333336,0.0,-0.1289130623616658,0.0,False,35.595100308641975,Low,,
TILBURY DOUGLAS CONSTRUCTION LTD,42,15983886.71,380568.7311904762,0.0,-0.128951558245553,0.0,False,35.57581018518518,Low,,
AKAMAI TECHNOLOGIES LTD,15,864716.65,57647.776666666665,0.0,-0.1625573067799739,0.0666666666666666,False,35.5275848765432,Low,,
LANGTON MEDICAL GROUP,9,591131.77,65681.30777777778,0.0,-0.1291146806729632,0.0,False,35.479359567901234,Low,,
MIDLAND MEDICAL COMPANY,24,2079354.77,86639.78208333334,0.0,-0.129137694443772,0.0,False,35.469714506172835,Low,,
SWANSCOMBE HEALTH CENTRE,17,894228.69,52601.68764705882,0.0,-0.1291547178597236,0.0,False,35.46006944444444,Low,,
RUSSELL REYNOLDS ASSOCIATES,6,191650.15,31941.691666666666,0.0,-0.1292264035941423,0.0,False,35.44077932098765,Low,0.0,590.0
MILLGATE HEALTHCARE PARTNERSHIP,22,1246010.89,56636.85863636364,0.0,-0.129236670635967,0.0,False,35.42148919753086,Low,,
DR M HELME & PARTNERS,14,730985.72,52213.26571428571,0.0,-0.1292555711105317,0.0,False,35.40219907407407,Low,,
KIDDERMINSTER MEDICAL CENTRE,5,429016.24,85803.24799999999,0.0,-0.1292699377265891,0.0,False,35.39255401234568,Low,,
APOLLO MEDICAL SOFTWARE SOLUTIONS LTD,14,469500.0,33535.71428571428,0.0,-0.1292783672856899,0.0,False,35.382908950617285,Low,,
DR SK PATEL & PARTNERS,10,754703.74,75470.374,0.0,-0.1293483158786887,0.0,False,35.33468364197531,Low,,
BADENOCH & CLARK,20,979555.33,48977.7665,0.0,-0.1587920916656438,0.05,True,35.32986111111111,Low,5.0,91.0
NARROWCLIFF SURGERY,27,2123650.67,78653.72851851852,0.0,-0.129370344256351,0.0,False,35.32503858024691,Low,,
HEALTHCARE AT HOME LTD,218,13295085.23,60986.629495412846,0.0,-0.1601242901835253,0.055045871559633,False,35.31057098765432,Low,,
HALDON HOUSE SURGERY EXMOUTH,6,230305.36,38384.22666666667,0.0,-0.1294874042402611,0.0,False,35.28645833333333,Low,,
EYE MANIA LTD,23,740217.45,32183.367391304346,0.0,-0.129515574458767,0.0,False,35.27681327160494,Low,,
GLEBE HOUSE SURGERY,16,1435267.79,89704.236875,0.0,-0.1295253083908051,0.0,False,35.257523148148145,Low,2.0,317.0
ILLINGWORTH & GREGORY LTD,9,716447.44,79605.2711111111,0.0,-0.1296167428635287,0.0,False,35.238233024691354,Low,,
PEOPLEHUB NETWORK COMMUNITY INTEREST CO,5,232477.5,46495.5,0.0,-0.1296934565380182,0.0,False,35.19000771604938,Low,2.0,317.0
WESTCOURT SURGERY,8,560696.58,70087.0725,0.0,-0.1297201539019432,0.0,False,35.17071759259259,Low,,
KERNOW HEALTH COMMUNITY INTEREST CO,126,8756875.77,69499.01404761904,0.0,-0.1680558912860254,0.0793650793650793,False,35.16589506172839,Low,,
VICTORIA MEDICAL CENTRE (GREEN STREET CLINIC),19,1250842.52,65833.81684210527,0.0,-0.1297764877722064,0.0,False,35.141782407407405,Low,,
DAISY CORPORATE SERVICES,5,356736.0,71347.2,0.0,-0.1298175830193809,0.0,False,35.12249228395061,Low,1.0,552.0
PINE VIEW PRACTICE,16,791768.36,49485.5225,0.0,-0.1298536638050163,0.0,False,35.11284722222222,Low,,
DR S C MONELLA & PARTNERS,12,973687.47,81140.6225,0.0,-0.1298547934384074,0.0,False,35.10320216049382,Low,,
EYES AT HOME LTD,10,289774.05,28977.405,0.0,-0.1298674235156958,0.0,False,35.09355709876543,Low,,
POOL MEDICAL CENTRE,10,758717.33,75871.733,0.0,-0.1298733664854026,0.0,False,35.08391203703704,Low,,
DR JONES I P & PARTNERS,9,441095.66,49010.62888888889,0.0,-0.1299407094682273,0.0,False,35.06462191358025,Low,,
SHEFFIELD 2 DOMICILIARY SPECSAVERS LTD,8,227429.66,28428.7075,0.0,-0.1299554076904654,0.0,False,35.05497685185185,Low,,
HARBOUR MEDICAL PRACTICE (G82217),5,448772.14,89754.428,0.0,-0.1300722387326772,0.0,False,35.045331790123456,Low,,
LABURNUM HEALTH CENTRE,14,1399628.1,99973.43571428572,0.0,-0.1301042526103537,0.0,False,35.01639660493827,Low,,
ROCHE PRODUCTS LTD,68,2660134.31,39119.62220588236,0.0,-0.1547205143985058,0.0147058823529411,False,34.99710648148148,Low,,
FORWARD TRUST,211,40954531.79,194097.30706161135,0.0,-0.1544428596987357,0.0094786729857819,True,34.99228395061728,Low,,
ENDEAVOUR PRACTICE,17,839977.5800000001,49410.44588235294,0.0,-0.1301703184719542,0.0,False,34.97781635802469,Low,,
BIRMINGHAM CITY UNIVERSITY,50,3845595.29,76911.90580000001,0.0,-0.1691230711264436,0.08,False,34.97781635802469,Low,,
DR SUBRAMANIAN MANICKAM,20,1825332.31,91266.6155,0.0,-0.1301848475325099,0.0,False,34.9585262345679,Low,,
MARINE LAKE MEDICAL CENTRE,36,3150619.0,87517.19444444444,0.0,-0.1556506384790067,0.0277777777777777,False,34.9585262345679,Low,,
DR KARZOUN F K & PARTNERS,9,584556.84,64950.76,0.0,-0.1303318970420675,0.0,False,34.91994598765432,Low,,
OAKFIELD SURGERY LONDON,8,395477.4,49434.675,0.0,-0.1303948174407662,0.0,False,34.900655864197525,Low,,
PRACTICUS LTD,29,2190975.22,75550.86965517243,0.0,-0.1570852469910361,0.0344827586206896,False,34.85725308641975,Low,,
WE ARE WITH YOU,61,7233396.79,118580.27524590163,0.0,-0.1603165436421867,0.0491803278688524,False,34.857253086419746,Low,,
DR AINSWORTH AFC & PARTNERS,5,350136.74,70027.348,0.0,-0.1305745770370833,0.0,False,34.833140432098766,Low,,
DELL COMPUTER CORPORATION,17,687694.97,40452.64529411765,0.0,-0.1631191942871357,0.0588235294117647,False,34.82349537037037,Low,6.0,81.0
VITALITY ENKI,10,520011.24,52001.124,0.0,-0.1306599942559194,0.0,False,34.804205246913575,Low,,
OPCARE LTD,85,7466233.42,87838.04023529412,0.0,-0.1705206742889021,0.0823529411764705,False,34.79938271604938,Low,,
VISION EXPRESS,16,451053.3,28190.83125,0.0,-0.1308368525683758,0.0,False,34.77527006172839,Low,4.0,136.0
MULLENLOWE LONDON LTD,105,11407492.1,108642.7819047619,0.0,-0.1627508780871253,0.0571428571428571,False,34.765625,Low,,
ARNEWOOD PRACTICE,17,1222601.02,71917.70705882354,0.0,-0.1308656099834218,0.0,False,34.765625,Low,,
DR GREENWAY J & PARTNERS,10,621317.08,62131.708,0.0,-0.1788784209600925,0.1,False,34.73186728395061,Low,2.0,317.0
NHS SUTTON CCG,9,1875528.72,208392.08,0.0,-0.1310727638271424,0.0,False,34.698109567901234,Low,,
DR A C A DEWEEVER & PARTNERS,7,268185.9,38312.27142857143,0.0,-0.1311881504403831,0.0,False,34.65952932098765,Low,,
DR GASPAR A S & PARTNERS,7,379862.48,54266.06857142857,0.0,-0.1312370374684378,0.0,False,34.64988425925926,Low,2.0,317.0
TWELVES CO,17,1157728.06,68101.6505882353,0.0,-0.1313315696387228,0.0,False,34.62094907407407,Low,,
NICHE HEALTH & SOCIAL CARE CONSULTING LTD,89,4117561.19,46264.73247191011,0.0,-0.1601772877101151,0.0449438202247191,False,34.61612654320987,Low,,
STREATHAM HIGH PRACTICE,11,620137.3099999999,56376.11909090909,0.0,-0.131351256454855,0.0,False,34.61130401234568,Low,,
WATNEY EYECARE LTD,5,152350.09,30470.018,0.0,-0.1314228147650514,0.0,False,34.601658950617285,Low,,
MIDDLESEX UNIVERSITY,23,1774611.07,77157.00304347827,0.0,-0.1598441497418581,0.0434782608695652,False,34.59683641975309,Low,,
LOCKFIELD SURGERY & RAYNOR ROAD SURGERY,9,588481.11,65386.79,0.0,-0.1314530319140127,0.0,False,34.582368827160494,Low,,
ACE CENTRE NORTH,74,23358751.47,315658.8036486486,0.0,-0.1314877124788088,0.0,False,34.572723765432094,Low,,
LANNIGAN & PARTNERS,26,1294335.43,49782.13192307692,0.0,-0.1705680619526163,0.0769230769230769,False,34.50038580246913,Low,,
CORMACK J F,40,1711547.16,42788.679,0.0,-0.1571888359754747,0.025,False,34.49074074074074,Low,,
PORTER BROOK MEDICAL CENTRE,10,455064.63,45506.463,0.0,-0.1319069851091967,0.0,False,34.476273148148145,Low,,
LONDON PATHWAY,5,339583.33,67916.666,0.0,-0.1322403484569345,0.0,False,34.3798225308642,Low,0.0,590.0
FURLONG MEDICAL CENTRE,13,659945.7,50765.053846153845,0.0,-0.1322942486190513,0.0,False,34.33159722222222,Low,,
PLUMSTEAD H C PMS,13,957852.21,73680.93923076923,0.0,-0.1322945773832648,0.0,False,34.32195216049382,Low,,
DR J M SULLIVAN & PARTNERS,10,752816.89,75281.689,0.0,-0.1322957074672613,0.0,False,34.31230709876543,Low,,
HUNTERCOMBE NEURO LTD TA FRENCHAY BIRU,43,13127203.51,305283.80255813955,0.0,-0.1323085282412034,0.0,False,34.30266203703704,Low,,
CROOKES PRACTICE,5,372499.24,74499.848,0.0,-0.1323188542349013,0.0,False,34.29301697530864,Low,,
AT MEDICS STREATHAM PLACE,7,818232.91,116890.41571428571,0.0,-0.1323750344099096,0.0,False,34.27372685185185,Low,,
DR REDWOOD & PARTNERS,5,408112.14,81622.428,0.0,-0.1324018413498587,0.0,False,34.264081790123456,Low,,
LAKESIDE SPECSAVERS,5,157428.45,31485.69,0.0,-0.1324109650626321,0.0,False,34.244791666666664,Low,4.0,136.0
KEIGHLEY ROAD SURGERY,12,1192767.44,99397.28666666668,0.0,-0.1324498846590276,0.0,False,34.23514660493827,Low,,
ESMAIL AO,6,506732.56000000006,84455.42666666668,0.0,-0.1325091026853251,0.0,False,34.20621141975308,Low,,
OAK TREE SURGERY,44,3236885.39,73565.57704545454,0.0,-0.158187891304291,0.0227272727272727,False,34.201388888888886,Low,,
SOUTH REDDISH MEDICAL CENTRE,10,774331.72,77433.17199999999,0.0,-0.1325130634634283,0.0,False,34.19656635802469,Low,,
MAQUET LTD,5,323871.89,64774.378,0.0,-0.1325182809175644,0.0,False,34.1772762345679,Low,,
HIGHLANDS PRACTICE,13,886584.59,68198.81461538462,0.0,-0.1326679944514834,0.0,False,34.13869598765432,Low,,
DIFRENT LTD,10,685141.0,68514.1,0.0,-0.1326809049211145,0.0,False,34.129050925925924,Low,,
SOUTH DOC SERVICES LTD,13,1452486.24,111729.71076923076,0.0,-0.1327357710488543,0.0,False,34.10976080246913,Low,,
UNIVERSITY OF LINCOLN,31,2164623.32,69826.55870967741,0.0,-0.1680053232621576,0.064516129032258,False,34.076003086419746,Low,,
TORCHBOX LTD,11,547579.67,49779.97,0.0,-0.1329005161044302,0.0,False,34.07118055555555,Low,,
ASHTON MEDICAL GROUP,6,241334.56,40222.426666666666,0.0,-0.1330524820861154,0.0,False,34.051890432098766,Low,,
FORGE HEALTH GROUP,14,774875.35,55348.23928571429,0.0,-0.1331066827553872,0.0,False,34.022955246913575,Low,,
SINGH P K & PARTNER,12,310769.22,25897.435,0.0,-0.1331396346600592,0.0,False,34.01331018518518,Low,,
ST BARTHOLOMEWS MEDICAL CENTRE,12,564944.9,47078.74166666667,0.0,-0.133158833719248,0.0,False,34.003665123456784,Low,,
B BRAUN STERILOG (YORKSHIRE) LTD,59,4803132.6,81409.02711864407,0.0,-0.1331819821868114,0.0,False,33.99402006172839,Low,,
REED MOMENTA LTD,41,4226110.4,103075.86341463416,0.0,-0.1726468199126239,0.073170731707317,False,33.969907407407405,Low,,
RAMSAY HEALTH CARE UK,68,11062549.51,162684.55161764706,0.0,-0.1584551905305741,0.0147058823529411,False,33.95543981481481,Low,,
QUEENSWAY MEDICAL CENTRE WELLINGBOROUGH,29,2516083.02,86761.48344827586,0.0,-0.1334912086468812,0.0,False,33.907214506172835,Low,,
HUNT M J N & PARTNERS,11,699177.84,63561.62181818182,0.0,-0.1335095919317638,0.0,False,33.89756944444444,Low,,
CAPGEMINI UK PLC,86,12108626.72,140797.98511627907,0.0,-0.1716594877553311,0.0697674418604651,False,33.88310185185185,Low,,
HARBOUR VIEW HEALTHCARE,7,520687.94,74383.99142857143,0.0,-0.1336210594938295,0.0,False,33.86863425925926,Low,,
CITY UNIVERSITY OF LONDON,31,3240174.23,104521.74935483871,0.0,-0.1688129999009535,0.064516129032258,False,33.863811728395056,Low,,
COMBAT STRESS,57,4883333.34,85672.5147368421,0.0,-0.159220413384187,0.0175438596491228,False,33.854166666666664,Low,,
ST MAGNUS HOUSE LTD,30,11609773.67,386992.4556666667,0.0,-0.1338487595122733,0.0,False,33.801118827160494,Low,,
DR FREEMAN & PARTNERS,15,660842.22,44056.148,0.0,-0.1340191361867741,0.0,False,33.74324845679012,Low,,
PHOENIX FUTURES,81,12117984.9,149604.75185185185,0.0,-0.1590447261322765,0.0123456790123456,False,33.72878086419753,Low,,
CAUSEWAY MEDICAL CENTRE,7,759609.06,108515.58,0.0,-0.1342217749156634,0.0,False,33.68537808641975,Low,,
BT GLOBAL SERVICES,325,29100494.58,89539.98332307693,0.0,-0.1686892308390138,0.0615384615384615,True,33.68055555555556,Low,1.0,552.0
NEWQUAY HEALTH CENTRE,16,1505252.75,94078.296875,0.0,-0.1342676050917989,0.0,False,33.66608796296296,Low,,
CENTRAL ESSEX COMMUNITY SERVICES CIC,66,3382934.51,51256.58348484848,0.0,-0.1840464575095512,0.0909090909090909,False,33.66126543209876,Low,,
CEDAR PRACTICE,14,1262197.9,90156.99285714285,0.0,-0.1342724415667564,0.0,False,33.65644290123456,Low,,
TARPORLEY HEALTH CENTRE,5,375960.62,75192.124,0.0,-0.1342917501077913,0.0,False,33.64679783950617,Low,,
LEICESTERSHIRE 1 DOMICILIARY SPECSAVERS LTD,8,236854.75,29606.84375,0.0,-0.1343804528777936,0.0,False,33.60821759259259,Low,,
DELAPRE MEDICAL CENTRE,25,2232655.82,89306.2328,0.0,-0.1344469875307683,0.0,False,33.579282407407405,Low,,
WELL,44,8536528.67,194012.01522727276,0.0,-0.1344768423061819,0.0,False,33.56963734567901,Low,0.0,590.0
PENROSE,58,5200849.22,89669.81413793103,0.0,-0.1621721363617441,0.0344827586206896,False,33.526234567901234,Low,,
BRADGATE SURGERY,19,2579590.61,135767.92684210523,0.0,-0.1346987617281976,0.0,False,33.52141203703704,Low,2.0,317.0
VITA HEALTH GROUP,12,3320556.17,276713.01416666666,0.0,-0.1347351519462716,0.0,False,33.51176697530864,Low,,
DR OSAMA Z & PARTNERS,9,582993.6,64777.066666666666,0.0,-0.1348089129225774,0.0,False,33.482831790123456,Low,,
YOUR HEALTHCARE CIC,89,12736187.82,143103.23393258426,0.0,-0.1625523985526294,0.0337078651685393,False,33.44907407407408,Low,,
MIDLANDS DIVING CHAMBER,245,8547556.67,34887.98640816326,0.0,-0.1598324559170033,0.0040816326530612,True,33.420138888888886,Low,,
BARRACK LANE MEDICAL CENTRE,7,312194.1,44599.15714285714,0.0,-0.1349059323265121,0.0,False,33.41531635802469,Low,,
AMS INTERNATIONAL,5,211920.07,42384.014,0.0,-0.1349511587870903,0.0,False,33.40567129629629,Low,,
ACTIVE NEURO LTD,20,8030878.13,401543.9065,0.0,-0.1350219529382111,0.0,False,33.386381172839506,Low,,
NOVA HEALTHCARE,73,9744147.65,133481.47465753424,0.0,-0.1604539209756981,0.0136986301369863,False,33.37191358024691,Low,,
COVENTRY UNIVERSITY,35,1896001.98,54171.48514285714,0.0,-0.1692488585389968,0.0571428571428571,False,33.31886574074074,Low,,
DR D W BROWN & PARTNERS,7,632133.5,90304.78571428572,0.0,-0.1353430702517591,0.0,False,33.270640432098766,Low,,
LAINDON HEALTH CENTRE,33,3894420.64,118012.74666666667,0.0,-0.1354704353649881,0.0,False,33.23206018518518,Low,,
LANCASHIRE COUNTY COUNCIL,11,649585.0,59053.181818181816,0.0,-0.1356246189817184,0.0,False,33.1934799382716,Low,7.0,67.0
TEES VALLEY HOSPITAL,45,3877854.77,86174.55044444444,0.0,-0.1661576537416365,0.0444444444444444,False,33.14043209876543,Low,,
LANGLEY HEALTH CENTRE,14,855749.76,61124.98285714286,0.0,-0.1360392190419316,0.0,False,33.05844907407407,Low,,
HOSPITAL OF ST JOHN & ST ELIZABETH,16,10801400.0,675087.5,0.0,-0.1360873551544362,0.0,False,33.04880401234568,Low,,
IT WORKS HEALTH LTD,7,248640.0,35520.0,0.0,-0.1361085019500137,0.0,False,33.039158950617285,Low,,
SRCL LTD,247,9468592.33,38334.38190283401,0.0,-0.1615465884217761,0.0121457489878542,False,33.02469135802469,Low,,
INTERSERVE CONSTRUCTION LTD,24,3686239.38,153593.3075,0.0,-0.165855769596938,0.0416666666666666,False,33.000578703703695,Low,,
BROCKWELL PARK,8,381311.24,47663.905,0.0,-0.1362372942576991,0.0,False,32.98128858024691,Low,,
DR PEARLMAN A D & PARTNERS,6,274073.01,45678.835,0.0,-0.136367357781542,0.0,False,32.95235339506173,Low,2.0,317.0
WHITE KNIGHT RECRUITMENT LTD,117,6626198.0200000005,56634.17111111112,0.0,-0.1693241924663724,0.0512820512820512,False,32.91859567901234,Low,,
CHRISTIE CL & PARTNERS,8,514137.58,64267.1975,0.0,-0.1365945861411973,0.0,False,32.90412808641975,Low,,
WEST VIEW SURGERY,5,314939.8,62987.96,0.0,-0.1366690539460585,0.0,False,32.88483796296296,Low,,
CYGNET BEHAVIOURAL HEALTH LTD,23,863427.65,37540.33260869565,0.0,-0.1367252415271222,0.0,False,32.86554783950617,Low,,
SOMERSET PARTNERSHIP NHS FOUNDATION TRUST,41,13865118.75,338173.6280487805,0.0,-0.1686364264440534,0.048780487804878,False,32.84625771604938,Low,,
HAREWOOD MEDICAL PRACTICE,12,847021.7,70585.14166666666,0.0,-0.1368570834463111,0.0,False,32.83661265432099,Low,,
DR E LEWIS,15,1180355.3,78690.35333333333,0.0,-0.1368660210670676,0.0,False,32.8173225308642,Low,,
LIVING WELL TAKING CONTROL LLP,139,21148928.79,152150.56683453236,0.0,-0.1627337855310411,0.014388489208633,False,32.8125,Low,,
ROTHWELL & DESBOROUGH SURGERIES,27,2797902.64,103626.02370370372,0.0,-0.1370640197289956,0.0,False,32.78838734567901,Low,,
IRON MOUNTAIN (UK) LTD,17,508803.31,29929.606470588235,0.0,-0.1371021707723118,0.0,False,32.74980709876543,Low,,
DR FLAXMAN PA & PARTNERS,5,179422.36000000002,35884.472,0.0,-0.1371291598008685,0.0,False,32.74016203703704,Low,,
UNIVERSITY OF WORCESTER,39,2564893.96,65766.5117948718,0.0,-0.1704692195185795,0.0512820512820512,False,32.72569444444444,Low,,
DR JEFFERIES & PARTNERS,5,339588.12,67917.624,0.0,-0.1372138613886279,0.0,False,32.72087191358025,Low,,
ASHTON MEDICAL CENTRE,10,571046.52,57104.652,0.0,-0.1372473225638338,0.0,False,32.701581790123456,Low,,
G4S CARE AND JUSTICE SERVICES (UK) LTD,158,14050378.93,88926.44892405064,0.0,-0.1681959434405359,0.0443037974683544,False,32.64853395061728,Low,,
INFORMED SOLUTIONS LTD,52,2264823.0,43554.28846153846,0.0,-0.1639915976617838,0.0192307692307692,False,32.62442129629629,Low,,
QPERCOM LTD,16,1081175.951496914,67573.49696855713,0.0,-0.1375145792761035,0.0,False,32.566550925925924,Low,,
MEDINET CLINICAL SERVICES LTD,13,401480.0,30883.07692307692,0.0,-0.1376228647327663,0.0,False,32.54726080246913,Low,,
BRACKLEY MEDICAL CENTRE,35,2297226.96,65635.056,0.0,-0.1377018277075996,0.0,False,32.51832561728395,Low,,
BEAUMONT LODGE MEDICAL PRACTICE,10,468212.38,46821.238,0.0,-0.137750516591665,0.0,False,32.49903549382716,Low,,
MARKHAM J E,38,3427300.2800000003,90192.11263157896,0.0,-0.1377594784920683,0.0,False,32.489390432098766,Low,,
HEALTH CENTRE BACK HILLS,5,290039.63,58007.926,0.0,-0.1377758982916066,0.0,False,32.47974537037037,Low,,
DR PJ CLARKE & PARTNERS,6,561552.24,93592.04,0.0,-0.1378484305379922,0.0,False,32.45081018518518,Low,,
DR S N SINGH & PARTNER,5,344462.56,68892.512,0.0,-0.1380193510657087,0.0,False,32.40258487654321,Low,,
LOCAL CARE DIRECT,42,5031463.94,119796.76047619048,0.0,-0.170491983428864,0.0476190476190476,False,32.39776234567901,Low,5.0,91.0
PARKWAY H C,5,319865.82,63973.164,0.0,-0.1380493894988092,0.0,False,32.38329475308642,Low,,
DR J M CONNOLLY & PARTNERS,28,1851355.52,66119.84,0.0,-0.1380822358764886,0.0,False,32.364004629629626,Low,,
GREENFIELD MEDICAL PRACTICE,12,521179.22,43431.60166666667,0.0,-0.1380986289650933,0.0,False,32.354359567901234,Low,,
PEC BUILDING SERVICES,5,245789.66,49157.93199999999,0.0,-0.1381304698660996,0.0,False,32.33506944444444,Low,6.0,81.0
VODAFONE CORPORATE LTD,52,1607541.22,30914.25423076923,0.0,-0.1382000659697879,0.0,False,32.27719907407407,Low,,
PRINCES PARK MEDICAL CENTRE,9,447218.64,49690.96,0.0,-0.1382457735003444,0.0,False,32.26755401234568,Low,,
ST MARYS SURGERY SOUTHAMPTON,13,685158.63,52704.51,0.0,-0.1382553446031119,0.0,False,32.257908950617285,Low,,
FIDELITI LTD,5,153620.11000000002,30724.022000000004,0.0,-0.1383072087405314,0.0,False,32.248263888888886,Low,,
SPECIALEYES EYECARE LTD,44,1829980.39,41590.46340909091,0.0,-0.1383303496945176,0.0,False,32.238618827160494,Low,,
FDS CONSULTANTS,198,8941632.37,45159.75944444444,0.0,-0.1644054178837657,0.005050505050505,False,32.23379629629629,Low,5.0,91.0
ATLANTIC ENTERPRISE UK LTD,81,4599482.11,56783.72975308642,0.0,-0.1681126740347852,0.037037037037037,False,32.23379629629629,Low,,
DR KER D A J & PARTNERS MARKET OVERTON & SOMERBY SURGERY,7,621261.84,88751.69142857143,0.0,-0.1384797849877246,0.0,False,32.2193287037037,Low,,
BEAVER HEALTHCARE LTD,20,1288873.2,64443.66,0.0,-0.1730744966578438,0.05,False,32.214506172839506,Low,,
GREATER PETERBOROUGH NETWORK LTD,8,587571.04,73446.38,0.0,-0.1385662297470492,0.0,False,32.20003858024691,Low,,
COLEMAN & PARTNERS,15,1347180.64,89812.04266666668,0.0,-0.1385781228973941,0.0,False,32.19039351851852,Low,,
LANE END MEDICAL GROUP,12,614293.85,51191.15416666667,0.0,-0.1387423587844989,0.0,False,32.142168209876544,Low,,
ORCHARD PRACTICE DARTFORD,11,510739.16,46430.832727272726,0.0,-0.138864868596384,0.0,False,32.113233024691354,Low,,
MITIE WASTE & ENVIRONMENTAL SERVICES LTD,23,1285885.18,55908.05130434782,0.0,-0.1388754638601566,0.0,False,32.10358796296296,Low,,
ST AGNES SURGERY,28,1669600.22,59628.57928571429,0.0,-0.1388958116155578,0.0,False,32.09394290123456,Low,,
KIER BUSINESS SERVICES LTD,125,9259464.65,74075.7172,0.0,-0.1808015786415933,0.064,False,32.06983024691358,Low,,
KING STREET SURGERY MAIDSTONE,10,599654.14,59965.414,0.0,-0.1390267348180545,0.0,False,32.06500771604938,Low,,
HATMILL LTD,14,3490219.95,249301.425,0.0,-0.13905375384094,0.0,False,32.05536265432099,Low,,
ANSWER DIGITAL LTD,115,8608853.5,74859.59565217391,0.0,-0.1674464355916887,0.0260869565217391,False,32.04089506172839,Low,,
CLYWD & SNOWDONIA DOMICILIARY SPECSAVERS LTD,14,405918.74,28994.195714285717,0.0,-0.1391341331592199,0.0,False,32.016782407407405,Low,,
BRAMLEY VILLAGE HEALTH & WELLBEING CENTRE,18,1230060.1,68336.67222222223,0.0,-0.1392152066046032,0.0,False,32.00713734567901,Low,,
Q5 PARTNERS LLP,8,427065.0,53383.125,0.0,-0.1392208684292892,0.0,False,31.997492283950614,Low,,
BODRIGGY HEALTH CENTRE HAYLE,29,2127822.21,73373.17965517241,0.0,-0.1393285447691352,0.0,False,31.96855709876543,Low,,
PUBLIC SERVICE CONSULTANTS LTD (THE),46,3748086.77,81480.14717391305,0.0,-0.1718723522584636,0.0434782608695652,False,31.963734567901238,Low,,
COMMUNITY DENTAL SERVICES CIC,129,12224448.65,94763.16782945736,0.0,-0.1685099383942886,0.0310077519379844,False,31.96373456790123,Low,5.0,91.0
NOVUS PROPERTY SOLUTIONS LIMITED,9,1191579.36,132397.7066666667,0.0,-0.1395772232408012,0.0,False,31.891396604938272,Low,,
NETHERGREEN SURGERY,6,239335.9,39889.316666666666,0.0,-0.1396337887729086,0.0,False,31.85281635802469,Low,2.0,317.0
RENRAY HEALTHCARE LTD,7,223800.0,31971.42857142857,0.0,-0.1397538213443705,0.0,False,31.823881172839503,Low,,
LLOYDS PHARMACY CLINICAL HOMECARE LTD,153,8152741.98,53285.89529411765,0.0,-0.1666143251097356,0.0065359477124183,False,31.80941358024691,Low,,
WATFORD HEALTH CENTRE,10,505604.94,50560.494,0.0,-0.1399404125961029,0.0,False,31.785300925925924,Low,,
VANTAGE DIAGNOSTICS LTD,81,3619508.67,44685.29222222222,0.0,-0.1746754502577906,0.0493827160493827,False,31.761188271604937,Low,,
HEARTFLOW INC,16,4120200.0,257512.5,0.0,-0.1399874144260662,0.0,False,31.74672067901234,Low,,
UNIVERSITY OF GREENWICH,41,2880524.71,70256.70024390244,0.0,-0.1685009427154464,0.024390243902439,False,31.741898148148145,Low,,
CROWN HOSTING DATA CENTRES LTD,24,655601.92,27316.74666666667,0.0,-0.1400584927492717,0.0,False,31.72743055555555,Low,,
ROBERT FREW MEDICAL PARTNERS,42,4337926.14,103283.95571428572,0.0,-0.1400616713511476,0.0,False,31.71778549382716,Low,,
PUBLIC DIGITAL LTD,11,1128807.5,102618.86363636365,0.0,-0.1401833114393334,0.0,False,31.698495370370367,Low,,
CREDERA LTD,26,5020314.57,193089.0219230769,0.0,-0.140245112217502,0.0,False,31.669560185185183,Low,,
CASTLE PLACE SURGERY TIVERTON,5,416109.65,83221.93000000001,0.0,-0.1404019969124115,0.0,False,31.6309799382716,Low,,
BARNET FEDERATED GPS LTD,5,205833.0,41166.6,0.0,-0.1404180498914349,0.0,False,31.62133487654321,Low,,
HEALTH CARE SURGERY,5,310790.9,62158.18000000001,0.0,-0.1404614005779184,0.0,False,31.602044753086417,Low,,
DR KHATTAK S S & PARTNER,10,465495.24,46549.524,0.0,-0.1404950178315005,0.0,False,31.59239969135802,Low,,
REED WELLBEING LTD,150,22735709.39,151571.39593333335,0.0,-0.1687200165429161,0.02,False,31.587577160493822,Low,,
RODERICKS LTD,6,225243.65,37540.60833333333,0.0,-0.1406736783197064,0.0,False,31.52488425925926,Low,,
PROVIDE CIC,187,19989090.6,106893.53262032088,0.0,-0.1686431536231103,0.0160427807486631,False,31.520061728395063,Low,,
DR ROSSDALE REASEACH ACCOUNT,22,1153261.96,52420.99818181818,0.0,-0.1408049871144313,0.0,False,31.49594907407407,Low,,
AUDLEM MEDICAL PRACTICE,24,1455582.86,60649.285833333335,0.0,-0.1408701689925055,0.0,False,31.46701388888889,Low,3.0,221.0
BLACK COUNTRY PARTNERSHIP NHS FOUNDATION TRUST,27,6726172.35,249117.49444444443,0.0,-0.1728784254739345,0.037037037037037,False,31.423611111111107,Low,,
SEYMOUR JOHN PUBLIC SERVICES MIDLANDS LTD,15,910173.6,60678.24,0.0,-0.1410265747631171,0.0,False,31.40914351851852,Low,,
YORKSHIRE WATER SERVICES LTD,10,151762.53,15176.253,0.0,-0.141029775120028,0.0,False,31.39949845679012,Low,,
VIJ VIJ RIKHI & MOHINDROO,11,811179.3,73743.57272727274,0.0,-0.1410515048324918,0.0,False,31.389853395061728,Low,,
POUND HILL SURGERY,36,2602609.53,72294.70916666667,0.0,-0.1410593924643602,0.0,False,31.38020833333333,Low,,
MILTON KEYNES VISIONPLUS LTD,27,837783.35,31029.012962962963,0.0,-0.1411225228177991,0.0,False,31.370563271604937,Low,,
ABINGTON MEDICAL CENTRE,32,2570435.97,80326.1240625,0.0,-0.14125222972696,0.0,False,31.32233796296296,Low,,
CARNEWATER PRACTICE,27,2419539.64,89612.57925925926,0.0,-0.1412624941889006,0.0,False,31.312692901234563,Low,,
GREENWAY COMMUNTIY PRACTICE,9,520137.7,57793.07777777778,0.0,-0.1412845429371278,0.0,False,31.30304783950617,Low,,
TEMPLE FORTUNE HEALTH CENTRE PHGH,8,570690.79,71336.34875,0.0,-0.1413839002559897,0.0,False,31.2548225308642,Low,,
TEAMS MEDICAL PRACTICE,11,1127883.94,102534.90363636364,0.0,-0.1413876325868836,0.0,False,31.2451774691358,Low,,
MEDICA GROUP,16,515880.95,32242.559375,0.0,-0.1414018647856128,0.0,False,31.225887345679013,Low,0.0,590.0
CIRCLE HEALTH GROUP LTD,53,5197933.53,98074.2175471698,0.0,-0.1740381128013601,0.0377358490566037,False,31.192129629629623,Low,,
LONG EATON EYECARE LTD,6,175249.68,29208.28,0.0,-0.1415257918474123,0.0,False,31.17766203703704,Low,,
LAUNCESTON MEDICAL CENTRE,38,4031856.53,106101.48763157896,0.0,-0.1415480802465437,0.0,False,31.158371913580247,Low,2.0,317.0
LINKS MEDICAL PRACTICE,7,540157.79,77165.39857142858,0.0,-0.1415607091516118,0.0,False,31.148726851851848,Low,,
BAYER PLC,183,8503125.01,46465.16398907104,0.0,-0.1696531009299625,0.0054644808743169,False,31.134259259259256,Low,,
AMVALE MEDICAL TRANSPORT LTD,8,699254.88,87406.86,0.0,-0.1416549110182088,0.0,False,31.119791666666664,Low,,
"NHS DARTFORD, GRAVESHAM AND SWANLEY CCG",9,3240192.78,360021.42,0.0,-0.141736238027862,0.0,False,31.100501543209877,Low,,
PATCHWORK HEALTH,7,885599.77,126514.25285714286,0.0,-0.141805383890985,0.0,False,31.08121141975308,Low,0.0,590.0
COMMIFY UK LTD,14,628783.74,44913.124285714286,0.0,-0.1420407589947425,0.0,False,31.032986111111107,Low,,
HUGH STEEPER LTD,31,1742218.31,56200.59064516129,0.0,-0.1420914222244587,0.0,False,31.004050925925924,Low,,
GP FIRST LTD,12,1167898.28,97324.85666666667,0.0,-0.1420981544278192,0.0,False,30.994405864197525,Low,,
NHS HARROW CCG,6,2470955.48,411825.9133333333,0.0,-0.1421015234768222,0.0,False,30.984760802469133,Low,,
DR S RAVULA,6,551138.08,91856.34666666666,0.0,-0.1421166651198631,0.0,False,30.97511574074074,Low,3.0,221.0
AMAROX LTD,64,9914370.2,154912.03437500002,0.0,-0.1717988798734315,0.015625,False,30.970293209876544,Low,,
NHS SOUTH KENT COAST CCG,7,2415522.27,345074.61,0.0,-0.1421466170943963,0.0,False,30.96547067901234,Low,,
WEAVERS MEDICAL,47,4442692.54,94525.37319148936,0.0,-0.1421894928318955,0.0,False,30.93653549382716,Low,,
MEDIC HOUSE SURGERY & APPLEDORE MEDICAL CENTRE,12,338929.59,28244.1325,0.0,-0.1421945543737683,0.0,False,30.92689043209876,Low,,
SAXONBROOK MEDICAL CENTRE,45,3709238.88,82427.53066666666,0.0,-0.1422627706163916,0.0,False,30.888310185185183,Low,,
CIRCLE NOTTINGHAM LTD,20,1500144.75,75007.2375,0.0,-0.1842710886235074,0.05,False,30.873842592592588,Low,,
HEALTHNET HOMECARE LTD,107,4446072.0,41552.07476635514,0.0,-0.1717550308407305,0.0093457943925233,False,30.844907407407405,Low,,
DR BROWN N P & PARTNERS,10,474158.32,47415.832,0.0,-0.1426523754114074,0.0,False,30.81114969135802,Low,,
RASHEED R,58,2993770.68,51616.73586206897,0.0,-0.1731559837195486,0.0172413793103448,False,30.791859567901238,Low,3.0,221.0
GROVEHURST SURGERY,16,1319514.03,82469.626875,0.0,-0.1428837602040712,0.0,False,30.772569444444443,Low,,
WILLOWS MEDICAL CENTRE,21,1302150.9,62007.18571428571,0.0,-0.1428894624679893,0.0,False,30.762924382716044,Low,,
EPIQ SYSTEMS LTD,5,288651.75,57730.35,0.0,-0.1429321897543331,0.0,False,30.74363425925926,Low,,
STREATHAM HILL GROUP PRACTICE,10,436046.37,43604.637,0.0,-0.1430067560266483,0.0,False,30.70505401234568,Low,,
FALMOUTH HEALTH CENTRE,26,1621718.65,62373.79423076923,0.0,-0.1431111449589232,0.0,False,30.69540895061728,Low,,
DR DK OLIVER,21,860543.1599999999,40978.24571428571,0.0,-0.1838841066049086,0.0476190476190476,False,30.69058641975308,Low,2.0,317.0
NUFFIELD HEALTH PARKSIDE HOSPITAL,58,8245242.18,142159.34793103448,0.0,-0.1737338373238249,0.0172413793103448,False,30.68576388888889,Low,,
TPXIMPACT EXPERIENCE LTD,7,521837.57,74548.22428571428,0.0,-0.1435392815652386,0.0,False,30.59895833333333,Low,,
LYDDEN SURGERY,20,1471623.92,73581.196,0.0,-0.143614758988141,0.0,False,30.570023148148145,Low,,
CLOVER GROUP PRACTICE,10,635095.3,63509.530000000006,0.0,-0.1436424756440814,0.0,False,30.550733024691358,Low,,
STRATFORD VISIONPLUS LTD,40,1462702.28,36567.557,0.0,-0.1436477815929256,0.0,False,30.54108796296296,Low,,
REDCLIFFE SURGERY,12,822096.12,68508.01,0.0,-0.1437702179133892,0.0,False,30.4639274691358,Low,,
ST JOHNS MEDICAL CENTRE,9,471782.0,52420.22222222222,0.0,-0.1438890060185245,0.0,False,30.444637345679013,Low,,
VISIONCARE AT HOME NORTH WEST LTD,30,953050.81,31768.36033333333,0.0,-0.1439613147369488,0.0,False,30.42534722222222,Low,,
INTEGRATED PATHOLOGY SOLUTIONS (IPS),35,10727462.42,306498.92628571426,0.0,-0.144038566743903,0.0,False,30.39641203703704,Low,,
PATEL P J & PARTNER,41,2840384.58,69277.67268292683,0.0,-0.1761656073407175,0.024390243902439,False,30.391589506172835,Low,2.0,317.0
WEST BAR SURGERY,31,1668172.37,53812.01193548388,0.0,-0.1440471433874806,0.0,False,30.377121913580247,Low,,
MASTEK UK LTD,97,6296667.47,64914.09762886597,0.0,-0.1774789355258108,0.0309278350515463,False,30.35300925925926,Low,,
WILLIAMS D A & PARTNERS,44,4238299.27,96324.9834090909,0.0,-0.1442262552380191,0.0,False,30.328896604938272,Low,,
DUDLEY AND WALSALL MENTAL HEALTH PARTNERSHIP NHS TRUST,27,2918751.88,108101.92148148148,0.0,-0.1804161432484836,0.037037037037037,False,30.31442901234568,Low,,
AMBERJACK GLOBAL LTD,6,518436.0,86406.0,0.0,-0.1443347127781353,0.0,False,30.2710262345679,Low,,
THREE SPIRES MEDICAL PRACTICE,28,3022955.95,107962.7125,0.0,-0.144339196247146,0.0,False,30.261381172839503,Low,,
EAST BERKSHIRE PRIMARY CARE(OOHS),102,5489604.99,53819.65676470589,0.0,-0.1768061318342656,0.0196078431372549,False,30.198688271604937,Low,,
CLAYPATH & UNIVERSITY MEDICAL GROUP,6,253867.72,42311.28666666667,0.0,-0.1447318411288572,0.0,False,30.16493055555555,Low,,
DR SHAH R & PARTNERS,5,211065.58,42213.116,0.0,-0.1449225075839283,0.0,False,30.107060185185183,Low,,
RIVERDALE GRANGE LTD,36,8986131.14,249614.7538888889,0.0,-0.144960308216772,0.0,False,30.087770061728392,Low,,
LITTLE LONDON SURGERY,10,488227.22,48822.722,0.0,-0.1449693372496864,0.0,False,30.078124999999996,Low,,
DUNSTAN PARTNERSHIP,6,433324.72,72220.78666666667,0.0,-0.1449778538017077,0.0,False,30.0684799382716,Low,,
CROFT MEDICAL CENTRE,12,665708.93,55475.74416666667,0.0,-0.1451385957223503,0.0,False,30.020254629629623,Low,,
MOUNT CHAMBERS MEDICAL PRACTICE,39,2972191.34,76210.03435897436,0.0,-0.1452950432735989,0.0,False,30.000964506172835,Low,,
DR J JOLLY,5,241656.31,48331.262,0.0,-0.1453321656275782,0.0,False,29.981674382716044,Low,,
NHS BLOOD AND TRANSPLANT,15,1124860.46,74990.69733333333,0.0,-0.1454097111614792,0.0,True,29.95273919753086,Low,,
S12 SOLUTIONS LTD,12,560716.8,46726.4,0.0,-0.1454196588724522,0.0,False,29.94309413580247,Low,,
OAK TREE HEALTH CENTRE,13,709367.1,54566.7,0.0,-0.1454565744611108,0.0,False,29.92380401234568,Low,,
ST JAMES MEDICAL CENTRE ST JAMES STREET TAUNTON,9,898557.5,99839.72222222222,0.0,-0.1457777197752425,0.0,False,29.894868827160494,Low,,
ANGLIAN WATER BUSINESS NATIONAL LTD,13,521447.51,40111.346923076926,0.0,-0.1458385964800363,0.0,False,29.875578703703702,Low,,
GRESHAM OFFICE FURNITURE LTD,6,266875.6,44479.26666666666,0.0,-0.1458867502128745,0.0,False,29.83699845679012,Low,,
VISION SERVE LTD,22,720559.95,32752.725,0.0,-0.1459061634958005,0.0,False,29.81770833333333,Low,,
WATERLOO MANOR LTD,44,11566030.71,262864.33431818185,0.0,-0.146012043936813,0.0,False,29.798418209876544,Low,,
CRIBBS CAUSEWAY SPECSAVERS LTD,9,281820.59,31313.398888888885,0.0,-0.1462210892755344,0.0,False,29.750192901234563,Low,,
TRANSFORM HOSPITAL GROUP LTD,12,6325852.26,527154.355,0.0,-0.1465115800054587,0.0,False,29.701967592592588,Low,,
UNIVERSITY OF BRIGHTON,17,2653056.38,156062.13999999998,0.0,-0.1466470748217616,0.0,False,29.663387345679013,Low,,
HEALTHSHARE DIAGNOSTICS LTD,17,494381.2,29081.24705882353,0.0,-0.1466978739322272,0.0,False,29.653742283950614,Low,,
HUMANKIND,22,2153827.4,97901.24545454544,0.0,-0.1469505443545746,0.0,False,29.586226851851848,Low,2.0,317.0
DE SOUZA R F & PARTNERS,47,4556986.57,96957.1610638298,0.0,-0.1469531849797643,0.0,False,29.576581790123456,Low,,
DR J BROWN & PARTNERS,5,390853.26,78170.652,0.0,-0.1471205814401693,0.0,False,29.51871141975308,Low,,
DR PAYNE M L & PARTNERS,19,1309675.18,68930.27263157895,0.0,-0.1472223007436795,0.0,False,29.50906635802469,Low,,
GENERAL DYNAMICS UNITED KINGDOM LTD,38,10347694.61,272307.7528947369,0.0,-0.1472401494855141,0.0,False,29.49942129629629,Low,,
ORAL SURGERY LTD,46,1505814.15,32735.090217391305,0.0,-0.1472642759777353,0.0,False,29.4897762345679,Low,,
FOUR SEASONS HEALTH CARE LTD,40,12786926.08,319673.152,0.0,-0.1472768508620421,0.0,False,29.480131172839503,Low,,
EXMOOR MEDICAL CENTRE,8,638467.55,79808.44375,0.0,-0.1473077875302346,0.0,False,29.470486111111107,Low,,
MACPHERSON TJ & PARTNER,22,804553.41,36570.60954545455,0.0,-0.1473098674721425,0.0,False,29.460841049382715,Low,,
FOCUS CONSULTANTS 2010 LLP,11,379313.24,34483.02181818182,0.0,-0.147473297585244,0.0,False,29.37403549382716,Low,,
RIVERSLEY ROAD PRACTICE,7,489187.18,69883.88285714286,0.0,-0.1475721660745235,0.0,False,29.34510030864197,Low,,
BURY KNOWLE HEALTH CENTRE,14,645341.73,46095.837857142855,0.0,-0.1476079975438994,0.0,False,29.325810185185183,Low,,
NUTRIX PERSONNEL LTD,8,328885.13,41110.64125,0.0,-0.1476959389661736,0.0,False,29.306520061728392,Low,,
BRIDGING THE GAP PD SERVICES LTD,72,2050134.15,28474.085416666665,0.0,-0.1480709486303248,0.0,False,29.18113425925926,Low,,
HEALTHCARE AT HOME,13,442886.2,34068.16923076923,0.0,-0.1481279913591353,0.0,True,29.17148919753086,Low,0.0,590.0
EAST PARK MEDICAL CENTRE,14,859529.21,61394.94357142857,0.0,-0.1483348512404323,0.0,False,29.14255401234568,Low,,
PHOENIX PRACTICE LONDON,13,625093.04,48084.08,0.0,-0.1485219896505505,0.0,False,29.094328703703702,Low,,
DEVONPORT HEALTH CENTRE,7,314239.5,44891.357142857145,0.0,-0.1485551869399294,0.0,False,29.084683641975303,Low,,
EYECARE ONCALL LTD,20,625922.26,31296.113,0.0,-0.1485694622151524,0.0,False,29.06539351851852,Low,,
HERTS URGENT DENTAL CARE LTD,12,431290.94,35940.91166666667,0.0,-0.1487021788188139,0.0,False,29.007523148148145,Low,,
ST PETERS ANDROLOGY CENTRE,22,7795284.729999999,354331.1240909091,0.0,-0.1488081617345093,0.0,False,28.988233024691358,Low,,
DEXTROUS WEB LTD,15,809400.0,53960.0,0.0,-0.1489454832025054,0.0,False,28.920717592592588,Low,,
DRYLAND MEDICAL CENTRE,25,1744382.76,69775.3104,0.0,-0.1491533929889027,0.0,False,28.86284722222222,Low,,
INFORMED GENOMICS LTD,9,708680.0,78742.22222222222,0.0,-0.1492209216145687,0.0,False,28.853202160493822,Low,,
WESTCROFT HEALTH CENTRE,13,798697.04,61438.233846153846,0.0,-0.1492698420611158,0.0,False,28.83391203703703,Low,,
DXS (UK) LTD,9,981645.67,109071.7411111111,0.0,-0.1494208205733084,0.0,False,28.785686728395056,Low,,
ABINGTON PARK SURGERY,19,1423998.86,74947.30842105264,0.0,-0.1494257967465219,0.0,False,28.776041666666664,Low,,
DR JONES & PARTNERS WOLVERHAMPTON,15,1124014.71,74934.314,0.0,-0.1494804673258542,0.0,False,28.766396604938265,Low,,
ACF TECHNOLOGIES (UK) LTD,24,4315493.41,179812.22541666668,0.0,-0.1495996958190298,0.0,False,28.71817129629629,Low,,
CLARITY CONSULTING ASSOCIATES LTD,25,1449294.22,57971.7688,0.0,-0.1498612884936632,0.0,False,28.65065586419753,Low,,
MARAZION SURGERY,22,1024985.84,46590.26545454545,0.0,-0.1500202551228435,0.0,False,28.63136574074074,Low,,
SPRINGFIELD SURGERY BRACKLEY,20,1326852.27,66342.6135,0.0,-0.1500768509405966,0.0,False,28.59278549382716,Low,,
NEWBRIDGE CARE SYSTEMS LTD,110,28173763.3,256125.1209090909,0.0,-0.1502796736913061,0.0,False,28.58314043209877,Low,,
NEUROPHYSIOLOGY EXPERTS LTD,8,232455.0,29056.875,0.0,-0.1506334773739529,0.0,False,28.5059799382716,Low,,
ALBANY HOUSE MEDICAL CENTRE,17,2060928.06,121231.06235294118,0.0,-0.1506687966784332,0.0,False,28.477044753086417,Low,,
NORTH CHELMSFORD NHS HCC,31,3739163.89,120618.19,0.0,-0.1506796481155979,0.0,False,28.46739969135802,Low,,
CITY & HACKNEY GP CONFEDERATION,6,319064.93,53177.488333333335,0.0,-0.1507618499290321,0.0,False,28.428819444444443,Low,,
GREEN CLOUD HOSTING LTD,12,495651.28,41304.27333333333,0.0,-0.150836377093833,0.0,False,28.39023919753086,Low,,
CSL BEHRING UK LTD,48,2457936.71,51207.01479166667,0.0,-0.1509216406615978,0.0,False,28.37094907407407,Low,,
DRIVE DEVILBISS SIDHIL LTD,43,1302415.66,30288.73627906977,0.0,-0.1509483495387055,0.0,False,28.36130401234568,Low,,
KRISHAN,12,537395.34,44782.945,0.0,-0.1510409643322909,0.0,False,28.332368827160494,Low,,
ST MARYS HOSPITALS LTD,6,1578667.65,263111.275,0.0,-0.1510451731473852,0.0,False,28.32272376543209,Low,,
TRUSTED TECHNOLOGY PARTNERSHIP,12,469359.0,39113.25,0.0,-0.1510625718608248,0.0,False,28.29378858024691,Low,1.0,552.0
VITTY & PTNRS,10,592978.6599999999,59297.866,0.0,-0.1513279652725297,0.0,False,28.235918209876537,Low,,
PHS GROUP PLC,13,414898.36,31915.258461538466,0.0,-0.1516013384780104,0.0,False,28.1201774691358,Low,,
BUNZL HEALTHCARE,224,19525443.87,87167.16013392857,0.0,-0.1516225953047671,0.0,True,28.100887345679013,Low,0.0,590.0
WOODLAND PRACTICE,8,498204.64,62275.58,0.0,-0.1516239184368001,0.0,False,28.091242283950614,Low,,
LONDON HYPERBARIC & WOUND HEALING CENTRES LTD,77,14456711.72,187749.50285714288,0.0,-0.1517010729901753,0.0,False,28.05266203703703,Low,,
HILDEBRAND S C & PARTNERS,54,4466680.62,82716.30777777778,0.0,-0.1517059401713058,0.0,False,28.033371913580247,Low,,
BATTERSEA BRIDGE HOUSE LTD,24,5713933.77,238080.57375,0.0,-0.1518743944349137,0.0,False,27.985146604938265,Low,,
DR TA HAKEEM,16,916296.63,57268.539375,0.0,-0.151983797478407,0.0,False,27.9272762345679,Low,,
NHS THANET CCG,7,1907049.01,272435.57285714283,0.0,-0.1520377350892913,0.0,False,27.917631172839503,Low,,
PHS GROUP,27,755475.95,27980.59074074074,0.0,-0.1523922478842061,0.0,False,27.83082561728395,Low,1.0,552.0
2020 DELIVERY LTD,6,691200.0,115200.0,0.0,-0.1524868593236836,0.0,False,27.80189043209877,Low,,
SMARTESTENERGY LTD,28,1888281.15,67438.6125,0.0,-0.1524869466407692,0.0,False,27.792245370370367,Low,,
SAFFRON GROUP PRACTICE,7,1272123.51,181731.93,0.0,-0.1525770962061936,0.0,False,27.78260030864197,Low,2.0,317.0
ACUMA SOLUTIONS LTD,13,550092.5,42314.807692307695,0.0,-0.1528346949705633,0.0,False,27.657214506172835,Low,,
DR GARROD & PARTNERS CAMELFORD,15,377578.68,25171.912,0.0,-0.152844255547018,0.0,False,27.647569444444443,Low,,
PETERSGATE MEDICAL CENTRE,9,695463.49,77273.72111111111,0.0,-0.1528625188793366,0.0,False,27.637924382716044,Low,3.0,221.0
LONDON ROAD SURGERY,36,2993695.56,83158.21,0.0,-0.1529963556683862,0.0,False,27.61863425925926,Low,3.0,221.0
SAFER COMMUNITIES LTD,12,529035.0,44086.25,0.0,-0.1530518727576247,0.0,False,27.59934413580247,Low,,
LINCOLNSHIRE COMMUNITY HEALTH SERVICES,12,998485.43,83207.11916666667,0.0,-0.1530757228261121,0.0,False,27.58969907407407,Low,0.0,590.0
ALMAN R & PARTNERS,43,1996001.71,46418.64441860465,0.0,-0.1530884093561571,0.0,False,27.58005401234568,Low,,
DIAGNOSTIC HEALTHCARE LTD,44,1820696.3,41379.461363636365,0.0,-0.1531924835689867,0.0,False,27.54147376543209,Low,,
ABBEY MEDICAL PRACTICE WELLINGBOROUGH,38,2832935.53,74550.935,0.0,-0.1533376570943693,0.0,False,27.522183641975303,Low,,
LEICESTER TERRACE HEALTH CARE CENTRE,18,2041238.72,113402.1511111111,0.0,-0.1534318073647689,0.0,False,27.47395833333333,Low,,
SCHOEN CLINIC LONDON LTD,22,8432486.0,383294.8181818182,0.0,-0.1534408297282036,0.0,False,27.464313271604937,Low,,
DANETRE MEDICAL PRACTICE,28,2310011.53,82500.41178571428,0.0,-0.1534634809298792,0.0,False,27.454668209876537,Low,,
NEMS COMMUNITY BENEFIT SERVICE,15,1301824.62,86788.30799999999,0.0,-0.1534745153264004,0.0,False,27.445023148148145,Low,,
WEXHAM ROAD DENTAL SURGERY LTD,15,475170.0,31678.0,0.0,-0.1535236404149798,0.0,False,27.41608796296296,Low,,
B BRAUN MEDICAL LTD,25,1415994.0,56639.76,0.0,-0.1538126748071433,0.0,False,27.329282407407405,Low,,
GREYSWOOD PRACTICE,6,308439.33,51406.555,0.0,-0.1538131613780527,0.0,False,27.319637345679013,Low,,
DESHPANDE A M & PARTNER,24,641933.34,26747.2225,0.0,-0.1540243060396314,0.0,False,27.30034722222222,Low,,
GURU NANAK MEDICAL CENTRE,12,786988.27,65582.35583333333,0.0,-0.1540491425358174,0.0,False,27.290702160493822,Low,2.0,317.0
WOODLANDS CLERKLANDS PARTNERSHIP,18,1660131.37,92229.52055555554,0.0,-0.1540525050474165,0.0,False,27.28105709876543,Low,,
DRS R & PK TANDON,13,346316.57,26639.73615384616,0.0,-0.1541709473518635,0.0,False,27.26176697530864,Low,,
HUB PHARMACY LTD,50,1472580.58,29451.6116,0.0,-0.1541901034751041,0.0,False,27.242476851851848,Low,,
SWANSEA BAY UNIVERSITY LOCAL HEALTH BOARD,27,3533692.0,130877.48148148147,0.0,-0.1543946674647921,0.0,False,27.194251543209877,Low,,
RAME GROUP PRACTICE,36,2747778.61,76327.1836111111,0.0,-0.1544333125842857,0.0,False,27.18460648148148,Low,,
BYFIELD MEDICAL CENTRE,21,1145649.04,54554.71619047619,0.0,-0.1544874447548824,0.0,False,27.15567129629629,Low,,
CAMBIAN CHILDCARE LTD,15,2978613.55,198574.23666666663,0.0,-0.1544982022563787,0.0,False,27.1460262345679,Low,,
GREATER PETERBOROUGH LTD,7,552046.78,78863.82571428572,0.0,-0.1545547828125647,0.0,False,27.117091049382715,Low,,
REVVITY (UK) LTD,24,1090852.98,45452.2075,0.0,-0.154725496887656,0.0,False,27.03993055555555,Low,,
INDUSTRIAL ENERGY SERVICES LTD,15,538103.81,35873.58733333334,0.0,-0.1547836326865097,0.0,False,27.010995370370367,Low,,
BLACK PEAR SOFTWARE LTD,9,450433.06,50048.11777777778,0.0,-0.1548973535716788,0.0,False,26.972415123456784,Low,,
PATIENTS KNOW BEST,6,522668.6,87111.43333333333,0.0,-0.1549119683566085,0.0,False,26.962770061728392,Low,2.0,317.0
PDS MEDICAL,38,1135894.14,29891.95105263157,0.0,-0.1549530474803792,0.0,False,26.9434799382716,Low,1.0,552.0
CADDINGTON MEDICAL PRACTICE,10,569239.49,56923.949,0.0,-0.1550391225340228,0.0,False,26.93383487654321,Low,,
IMAGINE INDEPENDENCE,73,2334710.71,31982.338493150684,0.0,-0.1550737765457377,0.0,False,26.914544753086417,Low,,
MEDICAL 24 LTD,19,611676.09,32193.47842105263,0.0,-0.1552572745817984,0.0,False,26.875964506172835,Low,,
COBALT UNIT APPEAL FUND,30,4679199.89,155973.32966666666,0.0,-0.1553709493674809,0.0,False,26.856674382716044,Low,,
YORKSHIRE CLINIC,17,664915.84,39112.69647058824,0.0,-0.1554042593768717,0.0,False,26.83738425925926,Low,0.0,590.0
CARE FERTILITY,54,3282795.81,60792.515,0.0,-0.1554274696714104,0.0,False,26.81809413580247,Low,,
COMPLETE BUSINESS SOLUTIONS GROUP LTD,10,910648.86,91064.886,0.0,-0.1554612878135318,0.0,False,26.78915895061728,Low,,
TOGETHER WOMEN,70,2312217.13,33031.673285714285,0.0,-0.1555417597742558,0.0,False,26.73128858024691,Low,,
ACHOR HEALTHCARE LTD,16,423375.28,26460.955,0.0,-0.1558044715303277,0.0,False,26.654128086419757,Low,,
TODDINGTON MEDICAL CENTRE,7,374690.63,53527.23285714286,0.0,-0.1561088476055789,0.0,False,26.576967592592588,Low,,
LEYLAND SURGERY,5,248932.0,49786.4,0.0,-0.1562134614224579,0.0,False,26.548032407407405,Low,,
HETHERINGTON GROUP PRACTICE,7,434581.5,62083.07142857143,0.0,-0.1562744152982324,0.0,False,26.528742283950614,Low,,
SHARPE PRITCHARD LLP,14,2050755.73,146482.55214285714,0.0,-0.1562764785939962,0.0,False,26.51909722222222,Low,,
NOTTINGHAM EMERGENCY DENTAL SERVICES LTD,16,500440.64,31277.54,0.0,-0.1563952193405176,0.0,False,26.509452160493822,Low,,
VEOLIA ENERGY & UTILITY SERVICES UK PLC,20,1256497.65,62824.88249999999,0.0,-0.1565105821052688,0.0,False,26.49016203703703,Low,,
DR JACKSON & PARTNERS,9,394586.46,43842.94,0.0,-0.1567781049727608,0.0,False,26.451581790123456,Low,,
LANGDON HILLS MEDICAL CENTRE,36,2675153.12,74309.80888888889,0.0,-0.156831499627183,0.0,False,26.432291666666664,Low,,
C RIBEIRO,16,760604.1,47537.75625,0.0,-0.1568656923983068,0.0,False,26.40335648148148,Low,,
BERENDSEN HEALTHCARE LTD,25,1146228.77,45849.1508,0.0,-0.1569667437033296,0.0,False,26.38406635802469,Low,,
KINGSTHORPE MEDICAL CENTRE,23,1056971.54,45955.28434782609,0.0,-0.1572845489764024,0.0,False,26.316550925925924,Low,,
MOUNTS MEDICAL CENTRE,16,1711460.26,106966.26625,0.0,-0.1573937665730649,0.0,False,26.30690586419753,Low,,
IMMUNO IVD AB,36,2230594.07750184,61960.94659727333,0.0,-0.1574767666755364,0.0,False,26.28761574074074,Low,1.0,552.0
ROE LANE SURGERY,5,158100.27,31620.054,0.0,-0.1575936885252322,0.0,False,26.26832561728395,Low,,
INTERACT MEDICAL LTD TA INTERACT NURSING,5,115870.43,23174.086000000003,0.0,-0.1575990231711843,0.0,False,26.25868055555555,Low,13.0,8.0
SPOWAGE P & PARTNERS,38,2330677.88,61333.62842105263,0.0,-0.1577532607695868,0.0,False,26.210455246913572,Low,,
LINDEN MEDICAL CENTRE KETTERING,22,1920014.95,87273.40681818181,0.0,-0.1577574055906908,0.0,False,26.200810185185183,Low,,
DR ROY U K,8,497655.16,62206.895,0.0,-0.1578292218937242,0.0,False,26.181520061728392,Low,,
TRADEBE HEALTHCARE NATIONAL LTD,48,1994008.29,41541.839375,0.0,-0.1578854407578983,0.0,False,26.171875,Low,,
PARAGONA POLSKA SP ZO O S K,26,1167739.0,44913.03846153846,0.0,-0.157939237581623,0.0,False,26.1622299382716,Low,,
INTEGRATED LABORATORY SOLUTIONS (ILS),81,16455460.15,203153.8290123457,0.0,-0.1580298494117628,0.0,False,26.133294753086417,Low,,
FCMS(NW) LTD,47,1691825.0,35996.27659574468,0.0,-0.1580552914907873,0.0,False,26.12364969135802,Low,,
MORRAB SURGERY,15,1144161.55,76277.43666666668,0.0,-0.1580956704444965,0.0,False,26.104359567901238,Low,,
LEASOWE PRIMARY CARE CENTRE,15,405908.91,27060.594,0.0,-0.1582080088390416,0.0,False,26.075424382716044,Low,,
SOMERSET SURGICAL SERVICES,38,1769776.46,46573.064736842105,0.0,-0.1582477185574742,0.0,False,26.06577932098765,Low,,
TOWERS E M & PARTNERS,40,2940714.26,73517.85650000001,0.0,-0.1583294921777966,0.0,False,26.05613425925926,Low,,
ST KEVERNE HEALTH CENTRE,13,346267.3,26635.946153846155,0.0,-0.1583555759119797,0.0,False,26.04648919753086,Low,,
CLACTON DENTAL CARE,65,2393240.44,36819.08369230769,0.0,-0.1584172270745313,0.0,False,26.03684413580247,Low,,
METHODS ANALYTICS LTD,40,5247402.11,131185.05275,0.0,-0.1587386458716679,0.0,False,25.97897376543209,Low,,
MITIE CARE AND CUSTODY LTD,59,9462133.14,160375.1379661017,0.0,-0.1587771217629519,0.0,False,25.959683641975303,Low,,
SMYE & PARTNERS,42,2478354.72,59008.44571428572,0.0,-0.1589508753635703,0.0,False,25.921103395061728,Low,,
WOODWARD ASSOCIATES UK LTD,17,748557.0,44032.76470588235,0.0,-0.1589848476398859,0.0,False,25.901813271604937,Low,,
DR DA JONES & PARTNERS,9,1473891.75,163765.75,0.0,-0.159013529617357,0.0,False,25.882523148148145,Low,2.0,317.0
BOLTON VISIONPLUS LTD,78,2992200.78,38361.548461538456,0.0,-0.1590275160320787,0.0,False,25.872878086419757,Low,,
LISSMANN M R & PARTNERS,30,2467559.12,82251.97066666668,0.0,-0.1591351167658811,0.0,False,25.843942901234563,Low,,
TOWCESTER MEDICAL CENTRE,20,1190246.38,59512.319,0.0,-0.1592366964972577,0.0,False,25.81500771604938,Low,,
JAS B B & PARTNERS,27,747621.21,27689.674444444445,0.0,-0.1593110815993015,0.0,False,25.7860725308642,Low,,
YASIN S A,27,743958.24,27554.00888888889,0.0,-0.1593987881021131,0.0,False,25.7764274691358,Low,,
OXFORD FERTILITY LTD,59,5422072.78,91899.5386440678,0.0,-0.1594716588485198,0.0,False,25.757137345679013,Low,,
MAPLE ACCESS PARTNERSHIP,22,1785632.97,81165.135,0.0,-0.1594774438704748,0.0,False,25.747492283950614,Low,,
ST GEORGE HEALTHCARE LTD,5,1098572.35,219714.47000000003,0.0,-0.1595543305152889,0.0,False,25.728202160493822,Low,,
STRATTON MEDICAL CENTRE,18,1327060.06,73725.55888888889,0.0,-0.1596447226968845,0.0,False,25.70891203703703,Low,,
ROPER R M & PARTNERS,30,2706364.68,90212.156,0.0,-0.1596648138463341,0.0,False,25.69926697530864,Low,,
BRADFORD METROPOLITAN COUNCIL,64,4982692.0,77854.5625,0.0,-0.1597515145596353,0.0,False,25.689621913580247,Low,,
ROYAL TERRACE DENTAL PRACTICE,47,2229758.01,47441.65978723404,0.0,-0.1597696870694692,0.0,False,25.679976851851848,Low,5.0,91.0
BOOTS CO PLC,5,153027.54,30605.508,0.0,-0.1601749280417013,0.0,False,25.60281635802469,Low,,
DIVING DISEASE RESEARCH CENTRE,75,9432512.23,125766.82973333332,0.0,-0.1603164795901678,0.0,False,25.573881172839503,Low,,
CURRIE & BROWN UK LTD,7,217664.61,31094.94428571428,0.0,-0.160344137205498,0.0,False,25.554591049382715,Low,,
PLYMOUTH MARJON UNIVERSITY,5,198500.0,39700.0,0.0,-0.160357788276223,0.0,False,25.535300925925924,Low,0.0,590.0
COLLEGE HEALTH LTD,163,13824324.68,84811.80785276073,0.0,-0.1604023681554618,0.0,False,25.516010802469133,Low,,
WESTBOURNE CENTRE BIRMINGHAM LTD (THE),41,5087507.79,124085.55585365852,0.0,-0.1604055792423873,0.0,False,25.50636574074074,Low,,
GO TO DOC LTD,10,474000.0,47400.0,0.0,-0.1604289242521704,0.0,False,25.48707561728395,Low,,
GLEEDS ADVISORY LTD,33,1275606.92,38654.75515151515,0.0,-0.1604968261485357,0.0,False,25.45814043209877,Low,,
COTTONS MEDICAL CENTRE,21,1622450.53,77259.54904761905,0.0,-0.1607066241352787,0.0,False,25.390625,Low,,
DANES CAMP SURGERY,17,874153.17,51420.77470588236,0.0,-0.1608747289650179,0.0,False,25.342399691358025,Low,,
ALLIANCE HEALTHCARE DISTRIBUTION LTD,38,1330313.31,35008.245,0.0,-0.1609929738125408,0.0,False,25.323109567901238,Low,,
INTERXION CARRIER HOTEL LTD,7,261442.52,37348.93142857143,0.0,-0.1615431977511739,0.0,False,25.16878858024691,Low,,
DR LAKHA & PARTNERS,26,1459561.22,56136.97,0.0,-0.1615725680902368,0.0,False,25.139853395061728,Low,,
TEVERSON E & PARTNERS,26,2735993.83,105230.53192307692,0.0,-0.1619021478266315,0.0,False,25.081983024691358,Low,,
BOTTREAUX SURGERY,13,538535.39,41425.79923076923,0.0,-0.1619194493990934,0.0,False,25.07233796296296,Low,,
ATTAIN HEALTH MANAGEMENT SERVICES LTD,18,937321.57,52073.42055555555,0.0,-0.1621381461557483,0.0,False,25.05304783950617,Low,,
FOWEY RIVER PRACTICE,17,986414.52,58024.38352941177,0.0,-0.162158549869808,0.0,False,25.04340277777778,Low,,
NAEEM A & PARTNERS,30,2639262.85,87975.42833333333,0.0,-0.1621895930516445,0.0,False,25.024112654320987,Low,,
NHS CRAWLEY CCG,8,1386267.23,173283.40375,0.0,-0.1624173152040865,0.0,False,24.985532407407405,Low,,
REDDINGTON & PARTNERS,7,499200.5,71314.35714285714,0.0,-0.1625550622597359,0.0,False,24.966242283950614,Low,,
WALLINGBROOK HEALTH CENTRE,6,270186.78,45031.130000000005,0.0,-0.1625972585339442,0.0,False,24.946952160493822,Low,,
SALTASH HEALTH CENTRE,17,1310192.68,77070.15764705882,0.0,-0.1627203429285394,0.0,False,24.908371913580247,Low,,
AAH HOSPITAL SERVICE,39,1703399.99,43676.92282051282,0.0,-0.1627338559973397,0.0,False,24.889081790123456,Low,0.0,590.0
LEIGHTON L & PARTNERS,29,2513787.75,86682.33620689655,0.0,-0.163162350254559,0.0,False,24.8022762345679,Low,,
QUINN BNE,15,419324.68,27954.978666666662,0.0,-0.1633605566382152,0.0,False,24.754050925925924,Low,,
RUSSELL S M & PARTNERS,34,2684454.5,78954.54411764706,0.0,-0.1634469492724346,0.0,False,24.72511574074074,Low,,
BUGBROOKE MEDICAL PRACTICE,17,1147331.91,67490.11235294117,0.0,-0.1634910916213405,0.0,False,24.71547067901234,Low,,
CHAJED G C & PARTNERS,32,1989308.83,62165.9009375,0.0,-0.1637864033780346,0.0,False,24.65760030864197,Low,,
EARLS BARTON SURGERY,21,1258458.61,59926.60047619047,0.0,-0.163794312068171,0.0,False,24.647955246913572,Low,,
LUPIN HEALTHCARE UK LTD,68,6161677.2,90612.9,0.0,-0.1638906865877648,0.0,False,24.609375,Low,,
CARE & CUSTODY (HEALTH) LTD,125,22578443.92,180627.55136,0.0,-0.1639653361341637,0.0,False,24.5997299382716,Low,,
PINES SURGERY,17,993042.78,58414.28117647059,0.0,-0.1639895297555607,0.0,False,24.59008487654321,Low,,
LITTLER,30,1993310.56,66443.68533333334,0.0,-0.1640133381789554,0.0,False,24.570794753086417,Low,,
UNIVERSITY OF BOLTON,25,1372670.4,54906.816,0.0,-0.1640221977540028,0.0,False,24.561149691358025,Low,,
SIMS M A & PARTNERS,31,2544493.43,82080.43322580645,0.0,-0.1640515121543485,0.0,False,24.551504629629623,Low,,
CASTLEFIELDS SURGERY,15,416753.22,27783.548,0.0,-0.1640518808505705,0.0,False,24.541859567901238,Low,,
365 RESPONSE LTD,57,3430170.22,60178.42491228071,0.0,-0.1640946154464508,0.0,False,24.532214506172835,Low,,
FRESENIUS MEDICAL CARE (UK) LTD,33,6102785.4,184932.89090909093,0.0,-0.1641558564341573,0.0,False,24.51292438271605,Low,,
SV2 SUPPORTING VICTIMS OF SEXUAL VIOLENCE LTD,52,1873449.76,36027.88,0.0,-0.1641946368301562,0.0,False,24.49363425925926,Low,,
NASAH TF,27,786710.19,29137.414444444443,0.0,-0.1642221694084067,0.0,False,24.48398919753086,Low,,
TRESIDDER N J & PARTNERS,33,2477117.37,75064.16272727273,0.0,-0.1645611957106906,0.0,False,24.445408950617285,Low,3.0,221.0
VIAPATH ANALYTICS LLP,16,1191393.6,74462.1,0.0,-0.1647488414513556,0.0,False,24.39718364197531,Low,,
PATWALA DY & PARTNER,15,424324.07,28288.27133333333,0.0,-0.164810420632928,0.0,False,24.38753858024691,Low,,
G4S FACILITIES MANAGEMENT (UK) LTD,49,8446481.71,172377.17775510205,0.0,-0.16482622212936,0.0,False,24.37789351851852,Low,,
LANGUAGE EMPIRE LTD,60,5915481.58,98591.35966666669,0.0,-0.1649243649614152,0.0,False,24.358603395061728,Low,,
MASTEK LTD,46,7759603.45,168687.03152173915,0.0,-0.1649403148285562,0.0,False,24.34895833333333,Low,,
DR BUTLER & PARTNERS,32,2107879.82,65871.244375,0.0,-0.1649881320943759,0.0,False,24.339313271604937,Low,,
COUNTY SURGERY,15,420660.51,28044.034,0.0,-0.165013348990978,0.0,False,24.329668209876544,Low,,
CENTRE FOR REPRODUCTIVE & GENETIC HEALTH,76,6549634.41,86179.40013157895,0.0,-0.1651312204872043,0.0,False,24.310378086419757,Low,,
GREATER MANCHESTER URGENT PRIMARY CARE ALLIANCE CIC,39,3649111.88,93566.97128205128,0.0,-0.1652274884044616,0.0,False,24.29108796296296,Low,5.0,91.0
CINOS LTD,22,1188682.69,54031.031363636364,0.0,-0.1652643842269626,0.0,False,24.27179783950617,Low,,
MITCHELL A J & PARTNER,28,2210643.53,78951.55464285714,0.0,-0.1656251257512122,0.0,False,24.242862654320987,Low,,
UNIVERSITY OF SALFORD,19,1678901.97,88363.26157894736,0.0,-0.1656970298560757,0.0,False,24.233217592592588,Low,,
NORFOLK COUNTY COUNCIL,24,2240461.88,93352.57833333332,0.0,-0.1659994138015513,0.0,True,24.165702160493822,Low,3.0,221.0
TRADEBE HEALTHCARE LTD,54,2048419.13,37933.68759259259,0.0,-0.1661385310856655,0.0,False,24.13676697530864,Low,,
KING EDWARD VII S HOSPITAL,19,7383770.39,388619.4942105263,0.0,-0.166159799113129,0.0,False,24.117476851851848,Low,,
NORTH OF ENGLAND MEDICAL HYPERBARIC SERVICES LTD,73,4033500.92,55253.437260273975,0.0,-0.1661697129381333,0.0,False,24.098186728395056,Low,,
TOGETHER WORKING FOR WELLBEING,99,11247684.09,113612.9706060606,0.0,-0.166202899078368,0.0,False,24.088541666666664,Low,,
GOLDSTEIN & PATNERS,7,293628.57,41946.938571428575,0.0,-0.1665512309447312,0.0,False,24.04031635802469,Low,,
NEWMARKET HOUSE HEALTHCARE LTD,32,4222528.73,131954.02281249998,0.0,-0.1668201866206389,0.0,False,24.001736111111107,Low,,
DR IJ WELLINGS,26,1492785.5,57414.82692307692,0.0,-0.1669356887994781,0.0,False,23.972800925925924,Low,,
COPPOCK & PARTNERS,31,1343395.59,43335.34161290323,0.0,-0.1669949746358747,0.0,False,23.96315586419753,Low,,
HYPERBARIC TREATMENT & TRAINING SERVICES LTD,74,3909519.52,52831.34486486486,0.0,-0.1670471484735049,0.0,False,23.953510802469133,Low,,
SWANWOOD PARTNERSHIP,29,1444570.21,49812.76586206896,0.0,-0.1671234878711712,0.0,False,23.94386574074074,Low,,
COCKCROFT J H & PARTNERS,30,2281578.89,76052.62966666667,0.0,-0.1672023643793082,0.0,False,23.93422067901234,Low,,
SAFE IN TEES VALLEY LTD,29,1127533.4300000002,38880.46310344828,0.0,-0.1672531993169464,0.0,False,23.91493055555555,Low,,
ABAZIE OD & PARTNER,27,828372.9,30680.477777777774,0.0,-0.1673276224791368,0.0,False,23.90528549382716,Low,,
INITIAL MEDICAL SERVICES LTD,114,3837968.49,33666.39026315789,0.0,-0.1673313261204267,0.0,False,23.89564043209877,Low,,
IFIELD MEDICAL PRACTICE,21,1302731.33,62034.82523809524,0.0,-0.1675543317164303,0.0,False,23.837770061728392,Low,,
BROOK MEDICAL CENTRE,17,735735.0,43278.52941176471,0.0,-0.1677040777403101,0.0,False,23.80883487654321,Low,,
ST MARYS HEALTH CENTRE,13,1081099.26,83161.48153846154,0.0,-0.1677796435822716,0.0,False,23.79918981481481,Low,,
THE SNORING DISORDERS CENTRE LTD,32,1319269.45,41227.1703125,0.0,-0.1678463315162197,0.0,False,23.779899691358025,Low,,
BURTON LATIMER HEALTH CENTRE,21,1741993.09,82952.0519047619,0.0,-0.1678696107590767,0.0,False,23.770254629629623,Low,,
BUTLER S & PARTNERS,29,2226377.5300000003,76771.63896551725,0.0,-0.1678779047449934,0.0,False,23.760609567901238,Low,,
MOULTON SURGERY,17,1314236.64,77308.03764705882,0.0,-0.1679127840617667,0.0,False,23.750964506172835,Low,,
PROMETHEUS COMPLEX CARE LTD,40,1927458.6,48186.465,0.0,-0.1679304851291254,0.0,False,23.741319444444443,Low,,
SCHULTZ S P & PARTNERS,29,2181308.54,75217.53586206897,0.0,-0.1679369686398963,0.0,False,23.731674382716047,Low,,
DR S BAKEWELL & PARTNERS,59,4485087.67,76018.43508474577,0.0,-0.1679608313841286,0.0,False,23.72202932098765,Low,,
STEPHENSON & PARTNERS,7,273677.28,39096.75428571428,0.0,-0.1680121851160773,0.0,False,23.69309413580247,Low,,
EDF ENERGY 1 LIMITED,34,2234104.57,65708.95794117647,0.0,-0.168021591688477,0.0,False,23.683449074074076,Low,,
ABRAHAM K K & PARTNER,29,1388151.24,47867.28413793104,0.0,-0.1682215984970419,0.0,False,23.63522376543209,Low,,
DANN C F & PARTNERS,31,2327639.89,75085.15774193549,0.0,-0.1683137381161741,0.0,False,23.625578703703702,Low,,
PURFLEET CARE CENTRE,30,1527245.12,50908.170666666665,0.0,-0.1683145538387989,0.0,False,23.615933641975307,Low,,
OXFORD FERTILITY UNIT,8,337268.0,42158.5,0.0,-0.1686117092363978,0.0,False,23.58699845679012,Low,,
NORGINE PHARMACEUTICALS LTD,18,1054829.04,58601.613333333335,0.0,-0.168618746342098,0.0,False,23.577353395061728,Low,,
SCCL - NHS SUPPLY CHAIN (PRODUCT SALES),26,7895760.06,303683.07923076925,0.0,-0.1686710060281604,0.0,False,23.54841820987654,Low,,
STILLMOOR HOUSE MEDICAL PRACTICE,14,1099532.47,78538.03357142858,0.0,-0.1686989300366306,0.0,False,23.529128086419757,Low,,
VIRGIN CARE LEEDS LLP,15,1103184.0,73545.6,0.0,-0.1687278775076403,0.0,False,23.50983796296296,Low,,
PRENTON MEDICAL CENTRE,13,396022.42,30463.263076923075,0.0,-0.1687533356349009,0.0,False,23.500192901234566,Low,,
DR T ABELA & PARTNERS,29,2124897.39,73272.32379310345,0.0,-0.1688554478523999,0.0,False,23.48090277777778,Low,,
HODGKINSON J A,27,855849.0,31698.11111111111,0.0,-0.168863843918639,0.0,False,23.47125771604938,Low,,
BRANN & PARTNERS,30,2150461.04,71682.03466666667,0.0,-0.1688787631813244,0.0,False,23.461612654320987,Low,,
DR R CHANDEL & PARTNERS,27,858525.18,31797.22888888889,0.0,-0.1692965339379156,0.0,False,23.423032407407405,Low,,
SPINNEY BROOK HEALTH CENTRE,16,1324470.99,82779.436875,0.0,-0.1693905018185604,0.0,False,23.403742283950614,Low,,
TWIN TECHNOLOGY LTD,62,2288357.0,36908.98387096774,0.0,-0.1696337540605248,0.0,False,23.37480709876543,Low,,
HEADON O T & PARTNERS,29,1981185.87,68316.75413793103,0.0,-0.1696374803062038,0.0,False,23.36516203703704,Low,,
THRIVE TRIBE LTD,20,2412332.31,120616.6155,0.0,-0.1697187018874721,0.0,False,23.345871913580247,Low,,
LANGFORD CLINIC LTD,28,3379217.31,120686.3325,0.0,-0.1698259764200123,0.0,False,23.336226851851848,Low,,
DASGUPTA R & PARTNER,27,871850.64,32290.764444444445,0.0,-0.1698755591627024,0.0,False,23.326581790123456,Low,,
BT CONFERENCING,17,2142182.3,126010.72352941176,0.0,-0.1699895045696522,0.0,False,23.307291666666664,Low,1.0,552.0
HARINGEY GP FEDERATION,33,3526818.92,106873.3006060606,0.0,-0.1699908913813837,0.0,False,23.297646604938272,Low,,
ROSELAND SURGERIES,13,410449.54,31573.041538461537,0.0,-0.1701242449300431,0.0,False,23.288001543209877,Low,,
OLIVER D PARTNERS,47,2160497.45,45968.03085106384,0.0,-0.1701587361014769,0.0,False,23.27835648148148,Low,,
WORKSPACE (SCOTLAND) LLP,5,856531.69,171306.338,0.0,-0.1702046667914324,0.0,False,23.26871141975308,Low,,
SIGN HEALTH,47,3604821.55,76698.33085106383,0.0,-0.1703379931005758,0.0,False,23.25906635802469,Low,,
DR AK ABEYEWARDENE,27,897339.42,33234.793333333335,0.0,-0.1703700993464215,0.0,False,23.2397762345679,Low,,
DR A NASH,15,449754.87,29983.658,0.0,-0.1706126453610942,0.0,False,23.18190586419753,Low,,
DAVIES A M & PARTNERS,28,1704288.73,60867.45464285714,0.0,-0.1706262384296206,0.0,False,23.172260802469133,Low,,
WOOLTERTON M C & PARTNERS,29,2134231.28,73594.18206896551,0.0,-0.1706789012904589,0.0,False,23.16261574074074,Low,,
BROOK HEALTH CENTRE,18,963618.75,53534.375,0.0,-0.1708618436201475,0.0,False,23.15297067901234,Low,,
HEALTHCARE COMPUTING LTD,65,2754363.01,42374.81553846154,0.0,-0.1715188638319612,0.0,False,23.11439043209877,Low,,
MONTAGUE MEDICAL PRACTICE,8,413130.77,51641.34625,0.0,-0.1715253173146765,0.0,False,23.104745370370367,Low,2.0,317.0
DR GOLDBERG,8,320571.63,40071.45375,0.0,-0.1715727716383789,0.0,False,23.09510030864197,Low,,
BAILEY M C & PARTNERS,29,1674303.96,57734.61931034482,0.0,-0.1716350558361576,0.0,False,23.08545524691358,Low,,
LATIF M H & PARTNERS,30,1915902.68,63863.422666666665,0.0,-0.1716602732571205,0.0,False,23.06616512345679,Low,,
INVESTIGO LTD,5,195804.0,39160.8,0.0,-0.1716683874887877,0.0,False,23.056520061728392,Low,,
ACORN D J & PARTNER,27,943048.83,34927.734444444446,0.0,-0.1719193993046563,0.0,False,23.008294753086417,Low,,
PEOPLE SOURCE CONSULTING LTD,17,788001.91,46353.053529411765,0.0,-0.1720062802466624,0.0,False,22.998649691358025,Low,,
BOWTON P A & PARTNER,29,1292280.67,44561.4024137931,0.0,-0.1720640214251017,0.0,False,22.989004629629623,Low,,
COLBURN M & PARTNERS,28,1543705.61,55132.34321428572,0.0,-0.1721054939080203,0.0,False,22.979359567901238,Low,,
VILLAGE MEDICAL CENTRE WALLASEY,31,1411409.27,45529.33129032258,0.0,-0.1722996785692598,0.0,False,22.960069444444443,Low,3.0,221.0
BMI HEALTHCARE LTD,51,4441831.8100000005,87094.74137254903,0.0,-0.1723589365039624,0.0,False,22.950424382716047,Low,,
ESKDAILL MEDICAL,21,1897983.88,90380.18476190476,0.0,-0.1724986389405003,0.0,False,22.92148919753086,Low,,
MATHEW S,27,972552.12,36020.44888888889,0.0,-0.1727095560841137,0.0,False,22.882908950617285,Low,,
ALLIED PUBLICITY SERVICES (MANCHESTER) LTD T/A APS GROUP,131,12014664.6,91714.99694656488,0.0,-0.1727558451576797,0.0,False,22.87326388888889,Low,,
RESPIRONICS UK LTD,25,712700.23,28508.0092,0.0,-0.1727588362994244,0.0,False,22.863618827160494,Low,,
QUAY LANE SURGERY,13,446572.94,34351.764615384614,0.0,-0.1727867974317336,0.0,False,22.85397376543209,Low,,
KINVARA PRIVATE HOSPITAL,27,1026453.07,38016.78037037037,0.0,-0.1729868223245782,0.0,False,22.834683641975307,Low,,
LANGHAM PLACE SURGERY,17,1141917.7,67171.6294117647,0.0,-0.1730941848182784,0.0,False,22.81539351851852,Low,,
HAYS SPECIALIST RECRUITMENT LTD,52,2189260.26,42101.15884615384,0.0,-0.1731469070581905,0.0,False,22.796103395061728,Low,,
PORT ISAAC,13,886925.32,68225.02461538461,0.0,-0.1731784076926074,0.0,False,22.776813271604937,Low,,
BALFOUR MEDICAL CENTRE,27,996831.27,36919.676666666666,0.0,-0.173328967028112,0.0,False,22.76716820987654,Low,,
CHAS A BLATCHFORD & SONS LTD,5,259494.24,51898.848,0.0,-0.1733320005272718,0.0,False,22.757523148148145,Low,,
IRCHESTER HEALTH CENTRE,16,513856.92,32116.0575,0.0,-0.1733354911108106,0.0,False,22.747878086419757,Low,,
RUSHDEN MEDICAL CENTRE,16,1149053.03,71815.814375,0.0,-0.1734391402176541,0.0,False,22.738233024691358,Low,,
PRIMECARE,6,208405.9,34734.316666666666,0.0,-0.173476799582807,0.0,False,22.72858796296296,Low,,
ADVANCED 365,86,6856530.33,79727.09686046511,0.0,-0.1735202397981392,0.0,False,22.718942901234566,Low,1.0,552.0
GREENVIEW SURGERY,16,1074253.53,67140.845625,0.0,-0.173679992012262,0.0,False,22.69965277777778,Low,,
ROSEDEAN SURGERY,15,1037008.04,69133.86933333334,0.0,-0.1737330673591886,0.0,False,22.69000771604938,Low,,
EMOND R A & PARTNERS,27,1316817.54,48771.02,0.0,-0.1737443441043719,0.0,False,22.670717592592588,Low,,
FIELD ROAD HEALTH CENTRE,8,229467.31,28683.41375,0.0,-0.1737593620739745,0.0,False,22.6610725308642,Low,,
TRESCOBEAS SURGERY,15,1089238.05,72615.87000000001,0.0,-0.1737844430422504,0.0,False,22.6514274691358,Low,,
NEWPORT N G & PARTNER,27,1024193.46,37933.09111111111,0.0,-0.1738127006768197,0.0,False,22.641782407407405,Low,,
MURREE MEDICAL CENTRE,29,1573670.11,54264.48655172414,0.0,-0.1738844446377889,0.0,False,22.632137345679013,Low,,
COGNIZANT WORLDWIDE LTD,144,14589128.11,101313.38965277775,0.0,-0.1739030079174559,0.0,False,22.622492283950614,Low,,
ROSMELLYN SURGERY,12,639315.27,53276.2725,0.0,-0.173933616694336,0.0,False,22.603202160493822,Low,,
BROOKSIDE SURGERY,5,299152.03,59830.406,0.0,-0.1740201110459322,0.0,False,22.59355709876543,Low,,
MOHANTY P K,28,1114013.29,39786.18892857143,0.0,-0.1740379276763748,0.0,False,22.58391203703704,Low,,
CHACEWATER HEALTH CENTRE,13,633021.93,48693.99461538462,0.0,-0.1740469876164922,0.0,False,22.564621913580247,Low,,
DR JCB KENNEDY & PARTNERS,5,543686.4199999999,108737.284,0.0,-0.1741216954104248,0.0,False,22.554976851851848,Low,,
ALVERTON PRACTICE,12,604594.5599999999,50382.88,0.0,-0.1741271538090749,0.0,False,22.545331790123456,Low,,
LANGLEY CORNER SURGERY,16,1195173.32,74698.3325,0.0,-0.1742674070191701,0.0,False,22.53568672839506,Low,,
WESTDEUTSCHES PROTONENTHERAPIEZENTRUM ESSEN (WPE),70,3768724.484785679,53838.921211223984,0.0,-0.1742902629658842,0.0,False,22.526041666666664,Low,,
FAIRFIELD INDEPENDENT HOSPITAL,22,3315505.0,150704.77272727274,0.0,-0.1743441260944817,0.0,False,22.516396604938272,Low,,
YADAVA N & PARTNER,31,1166017.06,37613.4535483871,0.0,-0.1744926538243866,0.0,False,22.49710648148148,Low,,
WESTOVER SURGERY,13,666576.43,51275.11,0.0,-0.1745161093822122,0.0,False,22.487461419753085,Low,,
CLINTON ROAD SURGERY,13,462988.86,35614.52769230769,0.0,-0.1745320131568894,0.0,False,22.47781635802469,Low,,
HTUN & PARTNERS,31,1755731.7,56636.5064516129,0.0,-0.1745903496169235,0.0,False,22.46817129629629,Low,,
WALTON & PARTNERS,15,506769.45,33784.63,0.0,-0.174916256835532,0.0,False,22.448881172839503,Low,,
BARKHAM J D T & PARTNER,27,1308387.0,48458.77777777778,0.0,-0.174925330133151,0.0,False,22.439236111111107,Low,,
PERRANPORTH SURGERY (THE),14,809905.69,57850.40642857143,0.0,-0.1749426117994272,0.0,False,22.429591049382715,Low,,
CRESCENT SURGERY NORTHAMPTON,15,494259.06,32950.604,0.0,-0.1750577761038959,0.0,False,22.41994598765432,Low,,
DAWTON A J & PARTNERS,12,829631.8,69135.98333333334,0.0,-0.1750761114254985,0.0,False,22.410300925925924,Low,,
MIDDLEWAY SURGERY,14,705395.1,50385.36428571429,0.0,-0.1751425205952008,0.0,False,22.40065586419753,Low,,
BRIDGE MEDICAL CENTRE,16,1068600.87,66787.55437499999,0.0,-0.1751601849734619,0.0,False,22.391010802469133,Low,,
EGREMONT MEDICAL CENTRE,15,518887.24,34592.48266666666,0.0,-0.1752230254550061,0.0,False,22.37172067901234,Low,,
DEGUN W J & PARTNER,28,1385002.61,49464.37892857143,0.0,-0.1753070146939417,0.0,False,22.36207561728395,Low,,
HEATHERWOOD COURT LTD,32,3813975.96,119186.74875,0.0,-0.1753428025830514,0.0,False,22.352430555555557,Low,,
DR N PARRY-JONES & PARTNER,27,1109898.78,41107.36222222223,0.0,-0.1753551284397817,0.0,False,22.34278549382716,Low,,
HEADLANDS SURGERY,17,1173405.86,69023.87411764705,0.0,-0.1753916780355358,0.0,False,22.33314043209877,Low,,
CAMPHOR IA,15,525920.21,35061.34733333333,0.0,-0.1754943244762802,0.0,False,22.323495370370367,Low,,
DR OKOI PRACTICE,27,1208270.52,44750.76,0.0,-0.1754946158007387,0.0,False,22.31385030864197,Low,,
DENGIE MEDICAL PARTNERSHIP,27,1142223.39,42304.57,0.0,-0.1756785154503307,0.0,False,22.30420524691358,Low,,
VIRGIN CARE SERVICES LTD (SILVER END SURGERY),27,1159727.64,42952.875555555554,0.0,-0.1758558237479946,0.0,False,22.294560185185183,Low,,
WRIGHT & PARTNERS,16,783990.79,48999.424375,0.0,-0.1759977528229287,0.0,False,22.284915123456788,Low,,
STAPLES & PARTNER,15,541267.2,36084.48,0.0,-0.176058080420008,0.0,False,22.275270061728392,Low,,
JONES S R & PARTNER,8,408218.48,51027.31,0.0,-0.1760907267945113,0.0,False,22.265625,Low,,
PATEL R S & PARTNER,27,1197326.7,44345.43333333333,0.0,-0.1761841891561426,0.0,False,22.24633487654321,Low,,
DR MOLLA,6,173536.59,28922.765,0.0,-0.1761937469765867,0.0,False,22.236689814814813,Low,,
GLOUCESTERSHIRE CARE SERVICES NHS TRUST,31,6494343.88,209494.9638709677,0.0,-0.1761979932533016,0.0,False,22.227044753086417,Low,5.0,91.0
QUEENSVIEW MEDICAL CENTRE,17,1053197.88,61952.816470588245,0.0,-0.176256391372874,0.0,False,22.217399691358025,Low,,
DR OATES & PARTNERS,15,763534.6900000001,50902.31266666667,0.0,-0.1762934715411336,0.0,False,22.207754629629623,Low,,
BRANNEL SURGERY,13,524292.83,40330.21769230769,0.0,-0.176504127454566,0.0,False,22.198109567901238,Low,,
ALI A & PARTNER,15,542474.52,36164.968,0.0,-0.1765195419990379,0.0,False,22.188464506172835,Low,,
OGUNBIYI F B & PARTNER,28,1323335.47,47261.98107142857,0.0,-0.1765693892453513,0.0,False,22.178819444444443,Low,,
DR HURRELL & PARTNERS,15,773576.16,51571.744,0.0,-0.1765891125676854,0.0,False,22.169174382716047,Low,,
LOSTWITHIEL MEDICAL PRACTICE,12,488996.13,40749.6775,0.0,-0.1765942858388138,0.0,False,22.15952932098765,Low,,
COOKSON N M P & PARTNERS,15,775313.3099999999,51687.554,0.0,-0.1766917964685411,0.0,False,22.14988425925926,Low,,
GLADSTONE MEDICAL CENTRE,15,551901.25,36793.41666666666,0.0,-0.1768093873721123,0.0,False,22.13059413580247,Low,,
SOUTHGATE MEDICAL GROUP,20,1208579.28,60428.964,0.0,-0.1768109410811999,0.0,False,22.120949074074076,Low,,
HOYLAKE & MEOLS MEDICAL CENT,16,856576.74,53536.04625,0.0,-0.1768333371721745,0.0,False,22.11130401234568,Low,,
CAPE CORNWALL SURGERY,13,539116.94,41470.53384615384,0.0,-0.1768533173234483,0.0,False,22.101658950617285,Low,,
AINSWORTH D & PARTNERS,28,1221222.09,43615.07464285714,0.0,-0.1770112975286247,0.0,False,22.082368827160494,Low,,
LLOYDS PHARMACY,62,3547062.92,57210.69225806451,0.0,-0.1770195755120558,0.0,False,22.07272376543209,Low,2.0,317.0
FRANCIS & PARTNERS,15,559501.9400000001,37300.12933333334,0.0,-0.1772082991470108,0.0,False,22.053433641975307,Low,,
BUSH & PARTNERS,30,2058931.53,68631.051,0.0,-0.1772651294178283,0.0,False,22.03414351851852,Low,,
CLARENDON DENTAL SPA,78,4768139.46,61129.99307692308,0.0,-0.1773780610610444,0.0,False,22.02449845679012,Low,,
KERSHAW & PARTNER,16,619432.89,38714.555625,0.0,-0.1773786350117733,0.0,False,22.014853395061728,Low,,
HARRIS MEMORIAL SURGERY,13,584541.6,44964.73846153846,0.0,-0.1773805781704374,0.0,False,22.00520833333333,Low,,
WADEBRIDGE & CAMEL ESTUARY PRACTICE,16,817864.92,51116.5575,0.0,-0.1775002244027292,0.0,False,21.98591820987654,Low,,
GOSSOPS GREEN MEDICAL CENTRE,19,865470.87,45551.09842105263,0.0,-0.1775185225753462,0.0,False,21.976273148148145,Low,,
CARNON DOWNS SURGERY,17,739054.35,43473.785294117646,0.0,-0.1779560765316252,0.0,False,21.966628086419757,Low,,
GENERAL PRACTICE ALLIANCE,9,281568.36,31285.373333333333,0.0,-0.1780334677594699,0.0,False,21.956983024691358,Low,,
NEETSIDE SURGERY,13,594947.36,45765.18153846154,0.0,-0.1780336415456237,0.0,False,21.94733796296296,Low,,
WESTON FAVELL MEDICAL CENTRE,15,648508.56,43233.904,0.0,-0.1781509054315577,0.0,False,21.92804783950617,Low,,
BRODBIN & PARTNERS,15,612697.29,40846.486,0.0,-0.1785411170753597,0.0,False,21.91840277777778,Low,,
PROBUS SURGERY,26,1310534.63,50405.17807692308,0.0,-0.1787464433043063,0.0,False,21.90875771604938,Low,,
PORT VIEW SURGERY,16,777280.85,48580.053125,0.0,-0.1787894109223182,0.0,False,21.899112654320987,Low,,
HIGHAM FERRERS SURGERY,20,781119.18,39055.959,0.0,-0.1788802491179815,0.0,False,21.8798225308642,Low,,
MAGENNIS & PARTNERS,28,1065947.85,38069.56607142858,0.0,-0.1789092280449839,0.0,False,21.8701774691358,Low,,
TAYLER M J & PARTNERS,6,897393.7300000001,149565.62166666667,0.0,-0.1792531232310912,0.0,False,21.850887345679013,Low,,
PEREIRA & PARTNERS,15,667623.49,44508.23266666666,0.0,-0.1792792077618599,0.0,False,21.841242283950614,Low,,
DR JM GREEN & PARTNERS,15,646746.9400000001,43116.46266666667,0.0,-0.1792827114837843,0.0,False,21.83159722222222,Low,,
PARK AVENUE SURGERY NORTHAMPTON,11,762126.5499999999,69284.23181818181,0.0,-0.1795403813133637,0.0,False,21.821952160493822,Low,,
WOOTTON MEDICAL CENTRE,15,650534.49,43368.966,0.0,-0.1797138149605211,0.0,False,21.81230709876543,Low,,
PRAZE SURGERY,20,1010454.79,50522.7395,0.0,-0.1797425435173131,0.0,False,21.802662037037035,Low,,
CAVENDISH MEDICAL CENTRE,15,719121.22,47941.41466666666,0.0,-0.1798077845288777,0.0,False,21.79301697530864,Low,,
MEADOWS SURGERY,19,681981.72,35893.774736842104,0.0,-0.1799479180083477,0.0,False,21.783371913580247,Low,,
NENE VALLEY SURGERY,16,693035.1699999999,43314.698125,0.0,-0.1800857366397159,0.0,False,21.773726851851848,Low,,
ST GEORGES MEDICAL CENTRE-WIRRAL,30,1748799.3,58293.310000000005,0.0,-0.18022428940843,0.0,False,21.764081790123456,Low,,
TOGETHER FOR MENTAL WELLBEING,65,2461161.96,37864.03015384615,0.0,-0.1803286693615942,0.0,False,21.75443672839506,Low,,
CRICK SURGERY,16,660573.27,41285.829375,0.0,-0.1803639087230691,0.0,False,21.744791666666664,Low,,
WILLIAMS RM & PARTNERS,29,1432505.33,49396.73551724138,0.0,-0.1804248293745045,0.0,False,21.725501543209877,Low,,
UPTON GROUP PRACTICE,29,1510021.75,52069.71551724138,0.0,-0.1808332581617891,0.0,False,21.706211419753085,Low,,
DENTON SURGERY,17,754257.28,44368.07529411765,0.0,-0.1808353053506876,0.0,False,21.69656635802469,Low,,
PERKINELMER LAS (UK) LTD,48,1926878.79,40143.308125,0.0,-0.1813636391549773,0.0,False,21.68692129629629,Low,,
BATES & PARTNERS WIRRAL,29,1432955.08,49412.24413793104,0.0,-0.1814254320631813,0.0,False,21.6772762345679,Low,,
KINGSLAND & PARTNERS,30,1167994.4,38933.14666666666,0.0,-0.1816704178838679,0.0,False,21.667631172839503,Low,,
NHS SUPPLY CHAIN (PRODUCT SALES),5,1057535.39,211507.07800000004,0.0,-0.1817444756909342,0.0,False,21.657986111111107,Low,,
DR PAXTON & PARTNERS,5,464252.78,92850.556,0.0,-0.1818575689782276,0.0,False,21.648341049382715,Low,,
MEVAGISSEY SURGERY,16,721591.71,45099.481875,0.0,-0.1819464446173968,0.0,False,21.63869598765432,Low,,
BOOTH J T & PARTNERS,13,674093.74,51853.36461538461,0.0,-0.1820083237128137,0.0,False,21.629050925925924,Low,,
MENEAGE STREET SURGERY,17,732843.14,43108.42,0.0,-0.1821413135561106,0.0,False,21.61940586419753,Low,,
WHETSTONE MEDICAL CENTRE,29,1610866.36,55547.11586206896,0.0,-0.1822505218406996,0.0,False,21.609760802469133,Low,,
ELITE EMS,14,622062.0,44433.0,0.0,-0.1823571785098166,0.0,False,21.590470679012345,Low,,
OPTEGRA UK LTD,41,2919517.0,71207.73170731707,0.0,-0.1828582633737363,0.0,False,21.571180555555557,Low,,
LONG BUCKBY PRACTICE,16,717938.71,44871.169375,0.0,-0.1829150561073995,0.0,False,21.56153549382716,Low,,
MUKHERJEE & PARTNERS,44,2672101.64,60729.58272727273,0.0,-0.1829441414575403,0.0,False,21.55189043209877,Low,,
ADDACTION,30,2056238.02,68541.26733333334,0.0,-0.1831121957211713,0.0,False,21.542245370370367,Low,,
BEWBUSH MEDICAL CENTRE,17,741497.48,43617.49882352941,0.0,-0.183394469524253,0.0,False,21.53260030864197,Low,,
HEALTH CENTRE SOUTH MOLTON,6,1187365.96,197894.32666666663,0.0,-0.1834889865332233,0.0,False,21.52295524691358,Low,,
ROTHERHAM DONCASTER & SOUTH HUMBER MENTAL HEALTH NHS FOUNDATION TRUST,8,1682882.2,210360.275,0.0,-0.1836417453876976,0.0,False,21.513310185185183,Low,,
DR P A WEBSTER & PARTNERS,5,321531.58,64306.316000000006,0.0,-0.1844152292636836,0.0,False,21.4747299382716,Low,,
QUEENSWAY DENTAL PRACTICE,30,1607346.57,53578.219000000005,0.0,-0.1845196618742164,0.0,False,21.46508487654321,Low,5.0,91.0
TCG MEDICAL SERVICES,31,1197344.56,38624.01806451613,0.0,-0.1856844452244505,0.0,False,21.445794753086417,Low,,
2GETHER NHS FOUNDATION TRUST,24,2880108.1,120004.50416666668,0.0,-0.1857719773523866,0.0,False,21.436149691358025,Low,,
CHURCH STREET SURGERY CHURCH STREET MARTOCK,6,463735.17,77289.195,0.0,-0.1860921711073594,0.0,False,21.426504629629623,Low,,
ST THOMAS COURT SURGERY AXMINSTER,5,366083.0500000001,73216.61000000002,0.0,-0.1862992931991106,0.0,False,21.416859567901238,Low,,
WILLIAMS & PTNRS,6,216725.64,36120.94,0.0,-0.1887690133958908,0.0,False,21.397569444444443,Low,,
DR G STUBBENS & PARTNERS,6,510227.4,85037.90000000001,0.0,-0.190663076170296,0.0,False,21.37827932098765,Low,,
MY MHEALTH LTD,5,265200.0,53040.0,0.0,-0.1912629165151873,0.0,False,21.36863425925926,Low,,
UNIVERSITY OF FLORIDA PROTON THERAPY INSTITUTE,117,7153867.799125193,61144.16922329224,0.0,-0.1914884148143069,0.0,False,21.35898919753086,Low,,
HUGHES & PTNRS,6,224780.22,37463.37,0.0,-0.19238560613753,0.0,False,21.339699074074076,Low,,
WEST COMMON LANE TEACHING PRACTICE,5,294287.72,58857.544,0.0,-0.1930231268869136,0.0,False,21.33005401234568,Low,,
LEITH HILL PRACTICE,6,267434.07,44572.345,0.0,-0.1933994849653681,0.0,False,21.320408950617285,Low,,
DR AUCKLAND & PARTNERS,5,469585.98,93917.196,0.0,-0.1944310296908134,0.0,False,21.301118827160494,Low,,
MAGHULL HEALTH CENTRE,7,312639.16000000003,44662.73714285715,0.0,-0.1946738154637586,0.0,False,21.29147376543209,Low,,
ILCHESTER SURGERY,5,229747.74,45949.548,0.0,-0.1947911532491903,0.0,False,21.281828703703702,Low,,
DR V BRIDGER AND PARTNERS,5,284313.97,56862.794,0.0,-0.1967113321866037,0.0,False,21.272183641975307,Low,,
THOMSON & PARTNERS,6,359280.6,59880.1,0.0,-0.1978874622695799,0.0,False,21.26253858024691,Low,,
RANDALL & PARTNERS,7,366987.9,52426.84285714286,0.0,-0.1982135810904741,0.0,False,21.25289351851852,Low,,
DR ROBERTS & PARTNERS BOOTLE,6,261669.75,43611.625,0.0,-0.1990666884805483,0.0,False,21.24324845679012,Low,,
FIRTH & PTNRS,6,370085.91,61680.98500000001,0.0,-0.1991064304446963,0.0,False,21.233603395061728,Low,,
NORTH PARK HEALTH CENTRE,6,253560.6,42260.1,0.0,-0.1992485066935932,0.0,False,21.22395833333333,Low,,
UNWIN & PARTNERS,6,345331.89,57555.315,0.0,-0.199315543273688,0.0,False,21.214313271604937,Low,,
MORRIS & PTNRS,6,294351.51,49058.585,0.0,-0.2000653826110467,0.0,False,21.20466820987654,Low,,
B BRAUN AVITUM UK LTD,37,2033447.34,54958.03621621622,0.0,-0.2013821969191767,0.0,False,21.195023148148145,Low,,
